ImageId,PredictedLabel,Confidence
1,2,1.0
2,0,0.9999999
3,9,0.9999298
4,9,0.87408906
5,3,0.9014075
6,7,0.99990106
7,0,1.0
8,3,1.0
9,0,1.0
10,3,1.0
11,5,1.0
12,7,0.9998361
13,4,0.9999883
14,0,1.0
15,4,0.99999213
16,3,0.99995196
17,3,0.9999969
18,1,0.9999999
19,9,0.99999666
20,0,1.0
21,9,0.9999989
22,1,1.0
23,1,0.9989222
24,5,1.0
25,7,1.0
26,4,0.9999999
27,2,1.0
28,7,0.9999999
29,4,0.9999951
30,7,0.99999917
31,7,0.99992406
32,5,0.99997807
33,4,1.0
34,2,1.0
35,6,1.0
36,2,0.9999968
37,5,0.9999939
38,5,1.0
39,1,0.99997807
40,6,0.99999774
41,7,0.9999999
42,7,1.0
43,4,1.0
44,9,1.0
45,8,0.9999162
46,7,1.0
47,8,1.0
48,2,0.9999907
49,6,0.99998856
50,7,0.99996006
51,6,1.0
52,8,1.0
53,8,1.0
54,3,1.0
55,8,1.0
56,2,1.0
57,1,1.0
58,2,0.9999765
59,2,0.99778545
60,9,0.49575248
61,4,0.9999782
62,1,0.9999995
63,7,1.0
64,0,0.9999999
65,0,0.9999509
66,0,1.0
67,1,0.999985
68,9,0.99954563
69,0,1.0
70,1,1.0
71,6,1.0
72,5,0.9999951
73,8,1.0
74,8,1.0
75,2,0.9999932
76,8,0.99979216
77,9,0.99882144
78,9,1.0
79,2,1.0
80,3,1.0
81,5,1.0
82,4,0.97612244
83,1,1.0
84,0,0.9936132
85,9,0.9999989
86,2,1.0
87,4,1.0
88,3,1.0
89,6,1.0
90,7,1.0
91,2,1.0
92,0,1.0
93,6,1.0
94,6,1.0
95,1,0.9998832
96,4,0.99999857
97,3,1.0
98,9,0.9998228
99,7,1.0
100,4,0.9999659
101,0,0.99988353
102,9,0.99970394
103,2,0.99999857
104,0,0.99999964
105,7,1.0
106,3,0.9999999
107,0,1.0
108,5,0.9999999
109,0,1.0
110,9,0.6532354
111,0,0.99980503
112,0,1.0
113,4,0.9999914
114,7,0.9999988
115,1,1.0
116,7,0.99997735
117,1,0.99999857
118,1,0.99999976
119,3,0.9999999
120,3,1.0
121,3,1.0
122,7,1.0
123,2,1.0
124,8,0.9999999
125,6,0.9999999
126,3,1.0
127,8,1.0
128,7,0.9999987
129,7,0.99703443
130,4,0.99997413
131,3,0.99933976
132,5,0.9999931
133,6,0.99998987
134,0,0.99946254
135,0,1.0
136,0,0.99999976
137,3,1.0
138,1,1.0
139,3,0.97623914
140,6,0.99999416
141,4,0.5540423
142,3,0.9999999
143,4,0.99999905
144,5,0.9999999
145,5,0.99999416
146,8,1.0
147,7,1.0
148,7,0.9999999
149,2,1.0
150,8,0.99996984
151,4,0.9999969
152,3,1.0
153,5,0.9999987
154,6,0.99999607
155,5,0.99981445
156,3,0.9999995
157,7,1.0
158,5,0.9999696
159,7,1.0
160,8,1.0
161,3,1.0
162,0,0.9999999
163,4,1.0
164,5,0.99999094
165,1,0.99999976
166,2,0.9967002
167,7,0.9999999
168,6,0.99999976
169,3,0.99999964
170,0,1.0
171,2,1.0
172,7,1.0
173,8,0.9998709
174,6,1.0
175,1,1.0
176,3,1.0
177,7,1.0
178,4,0.99995255
179,1,0.9999993
180,2,0.9999933
181,4,1.0
182,8,0.84369373
183,5,0.9999989
184,2,1.0
185,4,0.99999774
186,9,1.0
187,2,1.0
188,1,1.0
189,6,0.99999607
190,0,1.0
191,6,1.0
192,1,0.9999976
193,4,0.99999475
194,9,0.9999987
195,6,1.0
196,0,1.0
197,9,0.99996877
198,7,1.0
199,6,0.9983247
200,9,0.9999994
201,1,1.0
202,9,0.9999906
203,0,0.999998
204,9,0.9987702
205,9,1.0
206,0,1.0
207,8,1.0
208,4,0.9999995
209,6,0.999946
210,2,1.0
211,0,0.9999999
212,9,0.9999993
213,3,1.0
214,6,1.0
215,3,0.9999999
216,2,0.9999995
217,1,1.0
218,6,0.9999999
219,3,1.0
220,4,1.0
221,2,1.0
222,3,0.9999999
223,1,0.99999714
224,2,0.99999726
225,2,1.0
226,0,0.9998932
227,4,0.99859387
228,6,1.0
229,1,1.0
230,0,1.0
231,0,1.0
232,4,0.9999361
233,9,1.0
234,1,0.9999995
235,7,0.99999726
236,3,1.0
237,2,1.0
238,3,1.0
239,8,1.0
240,6,0.9999999
241,8,1.0
242,6,1.0
243,2,1.0
244,8,0.99999774
245,5,1.0
246,5,0.99999964
247,4,0.8387276
248,8,1.0
249,3,0.9999939
250,5,0.9748301
251,9,1.0
252,7,1.0
253,1,0.9999999
254,3,0.99999845
255,8,1.0
256,4,0.99919754
257,5,0.9999567
258,1,1.0
259,4,1.0
260,5,0.97963685
261,6,1.0
262,3,1.0
263,3,1.0
264,5,0.9999999
265,7,0.9999999
266,0,1.0
267,6,1.0
268,8,1.0
269,3,0.9996921
270,1,0.9999999
271,6,0.9999325
272,0,1.0
273,6,1.0
274,3,1.0
275,9,0.9999913
276,5,0.4985111
277,1,1.0
278,5,0.9999685
279,8,1.0
280,4,1.0
281,0,1.0
282,9,0.9999262
283,2,1.0
284,0,0.9999993
285,5,0.99999464
286,3,1.0
287,7,1.0
288,1,0.99725014
289,9,0.9999999
290,9,0.9999999
291,5,1.0
292,7,0.9999938
293,7,1.0
294,9,0.9999995
295,9,0.9999989
296,6,1.0
297,3,1.0
298,0,0.9999989
299,3,1.0
300,3,1.0
301,6,1.0
302,9,0.9999989
303,8,0.9999995
304,2,1.0
305,6,0.9976363
306,3,0.9999106
307,7,0.9999993
308,1,0.99999845
309,4,1.0
310,5,0.99999976
311,8,1.0
312,5,0.9999989
313,9,0.99920124
314,0,0.99998057
315,0,0.99999785
316,3,1.0
317,8,0.99856275
318,4,0.99999905
319,1,1.0
320,8,0.9999999
321,4,1.0
322,1,0.99998665
323,1,0.99999976
324,9,0.9999999
325,8,1.0
326,4,1.0
327,5,0.96918416
328,1,1.0
329,5,0.99932206
330,3,0.99999833
331,6,1.0
332,3,1.0
333,1,1.0
334,3,1.0
335,0,0.9999999
336,9,0.9999927
337,0,0.9999993
338,0,0.9999634
339,6,1.0
340,0,0.99999964
341,6,1.0
342,3,0.97807765
343,1,1.0
344,8,1.0
345,6,0.9999995
346,0,1.0
347,6,0.9995497
348,5,0.9999933
349,2,0.9999391
350,2,0.9999796
351,6,1.0
352,7,1.0
353,7,1.0
354,2,0.9999976
355,5,0.9997974
356,8,1.0
357,3,0.99988544
358,9,0.99999964
359,2,1.0
360,7,0.9999858
361,8,0.9999995
362,6,1.0
363,3,1.0
364,8,0.99999905
365,4,0.9928489
366,2,0.9999938
367,3,1.0
368,8,0.9999987
369,1,1.0
370,6,1.0
371,4,0.99999964
372,8,0.99999857
373,7,0.99999964
374,9,0.99998665
375,7,1.0
376,6,1.0
377,9,0.99999964
378,5,1.0
379,3,1.0
380,7,0.99999833
381,6,1.0
382,5,1.0
383,5,1.0
384,4,0.89642185
385,2,0.9999982
386,6,1.0
387,2,0.9999976
388,1,0.9999974
389,3,0.9999993
390,7,0.99996066
391,1,1.0
392,7,1.0
393,9,0.9999974
394,9,1.0
395,6,1.0
396,1,0.99999905
397,1,1.0
398,1,1.0
399,7,1.0
400,3,1.0
401,9,1.0
402,7,0.99999964
403,6,1.0
404,1,0.9999999
405,1,1.0
406,1,1.0
407,9,1.0
408,3,0.99999976
409,8,0.99739957
410,5,0.66364574
411,5,0.99999857
412,0,0.9999957
413,4,1.0
414,1,0.99999976
415,2,0.9999813
416,3,1.0
417,1,1.0
418,1,1.0
419,3,1.0
420,5,0.9999968
421,9,0.9999999
422,6,0.99999857
423,6,0.9999999
424,5,0.999158
425,3,1.0
426,1,1.0
427,4,0.9999999
428,7,1.0
429,4,0.9931399
430,7,0.99983454
431,4,1.0
432,8,1.0
433,5,0.99983954
434,2,1.0
435,6,0.9935229
436,1,1.0
437,3,0.9999993
438,9,1.0
439,5,1.0
440,0,0.9999912
441,8,1.0
442,4,1.0
443,7,1.0
444,4,1.0
445,4,0.9999397
446,4,1.0
447,1,0.99985254
448,5,0.9999999
449,3,1.0
450,9,0.9999976
451,9,0.6825109
452,7,0.99999976
453,6,1.0
454,9,0.9999993
455,5,0.9999441
456,9,1.0
457,2,0.99984753
458,3,1.0
459,5,0.9999778
460,6,0.9999912
461,1,0.8229426
462,7,1.0
463,5,1.0
464,0,0.9998926
465,5,0.9999702
466,1,1.0
467,7,1.0
468,4,0.9999907
469,4,1.0
470,1,0.9999999
471,1,1.0
472,4,1.0
473,9,0.9999981
474,5,0.9999956
475,6,0.99999845
476,0,0.9999862
477,1,0.99750346
478,3,1.0
479,1,0.99999976
480,0,0.9999999
481,4,1.0
482,8,0.9999968
483,1,0.9999995
484,2,1.0
485,7,0.99987924
486,9,1.0
487,4,0.99999964
488,8,0.9912493
489,3,1.0
490,7,0.9999999
491,7,1.0
492,4,0.99999976
493,2,1.0
494,4,1.0
495,6,0.9996407
496,7,0.99999905
497,6,0.9999671
498,3,1.0
499,2,0.9999999
500,0,0.9999999
501,6,0.9999969
502,5,0.9999405
503,9,0.99982786
504,4,1.0
505,1,0.9999974
506,8,0.9999974
507,3,1.0
508,3,0.9999881
509,0,0.9999968
510,2,0.98881
511,7,1.0
512,5,0.9328024
513,8,1.0
514,7,0.9999999
515,5,0.9999949
516,3,1.0
517,5,0.9999434
518,7,1.0
519,4,0.99954176
520,3,1.0
521,6,0.9999988
522,9,1.0
523,0,0.9999999
524,7,0.9999999
525,7,0.99999785
526,1,1.0
527,0,1.0
528,1,1.0
529,1,1.0
530,7,1.0
531,0,1.0
532,5,0.9999999
533,3,0.9999999
534,8,1.0
535,3,0.9998487
536,5,1.0
537,6,0.9999994
538,5,1.0
539,4,0.8274221
540,3,1.0
541,0,0.9998412
542,2,1.0
543,8,1.0
544,2,1.0
545,0,0.9999982
546,3,0.9998029
547,0,0.9999999
548,9,0.9999976
549,2,1.0
550,1,1.0
551,1,0.99999976
552,3,1.0
553,0,1.0
554,5,0.99998534
555,0,0.61969364
556,0,1.0
557,7,1.0
558,5,1.0
559,6,0.99999964
560,2,1.0
561,0,0.999997
562,3,1.0
563,8,1.0
564,1,1.0
565,6,0.9999993
566,5,0.99999964
567,4,0.9999988
568,1,1.0
569,1,0.99994826
570,4,0.61120576
571,6,0.99917054
572,5,1.0
573,3,0.9999999
574,6,0.9999919
575,0,0.9999677
576,4,0.99999857
577,8,1.0
578,2,1.0
579,4,1.0
580,2,0.99790716
581,5,1.0
582,1,0.9999994
583,7,0.9999851
584,6,1.0
585,9,0.9999956
586,1,0.9999995
587,7,0.9999993
588,3,0.9999964
589,8,1.0
590,0,0.9999609
591,8,1.0
592,8,1.0
593,4,0.9999987
594,5,1.0
595,3,0.99982774
596,6,1.0
597,6,1.0
598,6,1.0
599,0,1.0
600,3,0.9999999
601,5,0.9999994
602,1,1.0
603,7,0.99999976
604,1,0.99999666
605,6,0.99982953
606,2,1.0
607,8,1.0
608,5,1.0
609,6,0.99999976
610,4,0.99999034
611,7,0.99999964
612,4,0.99999785
613,3,1.0
614,3,1.0
615,2,0.9999994
616,4,0.99999976
617,7,1.0
618,0,0.99999774
619,0,1.0
620,9,1.0
621,8,1.0
622,5,0.9999949
623,9,1.0
624,4,0.9999995
625,0,0.9999995
626,8,1.0
627,8,0.6163837
628,3,0.99605954
629,6,1.0
630,2,0.9999927
631,6,1.0
632,1,1.0
633,8,1.0
634,6,1.0
635,1,1.0
636,4,1.0
637,7,1.0
638,7,1.0
639,8,1.0
640,3,1.0
641,0,0.54702985
642,9,0.99935967
643,9,1.0
644,6,0.9999931
645,7,0.99999964
646,7,0.80084616
647,4,0.99999917
648,4,0.97420055
649,1,1.0
650,8,0.9999995
651,4,0.9999976
652,8,0.9959596
653,0,0.99997735
654,2,0.9991755
655,8,1.0
656,2,0.99999225
657,4,1.0
658,3,1.0
659,3,1.0
660,7,1.0
661,2,1.0
662,3,1.0
663,4,1.0
664,0,1.0
665,4,0.99997914
666,8,0.99996614
667,1,1.0
668,3,1.0
669,3,0.9987839
670,6,1.0
671,3,0.99999547
672,9,0.99999964
673,4,1.0
674,3,1.0
675,8,0.9999473
676,7,1.0
677,3,0.59425104
678,2,0.9998466
679,6,1.0
680,0,1.0
681,6,1.0
682,9,1.0
683,8,0.9999987
684,8,0.6795503
685,1,0.99999976
686,3,1.0
687,4,1.0
688,6,1.0
689,9,0.99982375
690,9,0.9991198
691,2,1.0
692,6,1.0
693,0,0.99999976
694,1,1.0
695,8,1.0
696,4,1.0
697,3,1.0
698,9,0.9999993
699,8,1.0
700,8,1.0
701,4,1.0
702,0,0.9999535
703,5,0.98094124
704,0,0.9999993
705,6,1.0
706,0,0.9999993
707,4,0.9971445
708,4,0.99999976
709,6,1.0
710,5,0.9968636
711,1,0.9992279
712,8,0.99999654
713,1,1.0
714,5,1.0
715,3,0.99965584
716,6,1.0
717,2,1.0
718,3,1.0
719,7,0.9999994
720,8,0.9999999
721,9,0.99999857
722,3,1.0
723,1,0.9999856
724,0,1.0
725,1,1.0
726,0,0.9996125
727,6,1.0
728,4,1.0
729,7,0.99999595
730,5,0.9999994
731,7,1.0
732,1,1.0
733,3,1.0
734,2,0.9999999
735,7,0.9999919
736,7,1.0
737,1,1.0
738,5,0.9993912
739,1,1.0
740,5,0.99999595
741,4,0.999998
742,4,1.0
743,3,1.0
744,4,0.99997604
745,3,0.99999976
746,9,0.99999166
747,0,0.99999106
748,7,1.0
749,8,0.9999858
750,6,1.0
751,4,0.9999999
752,9,1.0
753,4,1.0
754,4,0.99999976
755,1,0.99833244
756,4,1.0
757,7,1.0
758,1,1.0
759,1,0.99999964
760,8,0.6403783
761,7,0.8106654
762,0,0.99999547
763,4,0.999967
764,0,0.999998
765,4,1.0
766,0,1.0
767,0,0.999992
768,5,0.9999876
769,1,1.0
770,8,1.0
771,6,1.0
772,5,1.0
773,0,1.0
774,1,1.0
775,5,0.9862103
776,3,1.0
777,4,1.0
778,6,1.0
779,3,1.0
780,1,0.9999995
781,1,0.9999963
782,6,1.0
783,9,0.999811
784,8,1.0
785,3,0.9999999
786,5,1.0
787,5,0.9999999
788,4,0.99993455
789,8,0.9998828
790,8,0.601212
791,5,0.99999976
792,0,0.9999845
793,4,0.9998404
794,0,1.0
795,4,0.99999905
796,3,1.0
797,1,1.0
798,6,0.99999917
799,9,0.9999999
800,7,0.7774928
801,1,0.99999976
802,1,1.0
803,3,1.0
804,3,1.0
805,1,1.0
806,4,0.9999999
807,9,0.9998555
808,6,1.0
809,9,0.9998129
810,1,1.0
811,5,0.99999964
812,4,0.999899
813,2,0.99999845
814,3,1.0
815,2,0.9997414
816,4,0.9999999
817,0,0.99999976
818,9,0.99998295
819,7,1.0
820,4,0.9999615
821,3,1.0
822,0,0.9999999
823,5,0.99951744
824,0,1.0
825,1,0.999997
826,9,0.9999037
827,0,0.9999999
828,4,1.0
829,5,0.9999987
830,2,0.99999964
831,8,1.0
832,8,0.85190535
833,5,1.0
834,9,0.9999989
835,3,1.0
836,9,0.9999999
837,6,1.0
838,1,1.0
839,5,0.9999925
840,5,0.9961026
841,1,0.99998367
842,9,1.0
843,0,1.0
844,8,1.0
845,2,0.55085987
846,6,1.0
847,7,1.0
848,2,1.0
849,8,0.9999999
850,5,1.0
851,8,1.0
852,9,1.0
853,7,0.99999917
854,7,0.9999999
855,2,1.0
856,8,0.9999149
857,1,0.99999976
858,3,1.0
859,4,0.9999999
860,5,0.9999963
861,0,0.99999964
862,4,0.9999912
863,1,0.99999976
864,4,1.0
865,2,1.0
866,3,1.0
867,6,0.9999999
868,9,0.9999963
869,2,0.9999999
870,3,1.0
871,4,0.99997795
872,5,0.9999999
873,4,0.99999964
874,2,0.99999964
875,3,0.9512535
876,3,0.99997425
877,1,1.0
878,1,1.0
879,0,1.0
880,1,1.0
881,4,1.0
882,9,0.9999529
883,1,0.9999993
884,1,0.9999933
885,2,1.0
886,7,0.9999999
887,1,1.0
888,5,1.0
889,4,0.9998902
890,9,0.9999995
891,1,1.0
892,7,0.9999988
893,6,1.0
894,0,1.0
895,4,1.0
896,2,0.99999607
897,9,0.99999976
898,4,0.5446936
899,1,0.99996245
900,1,1.0
901,5,0.9996979
902,3,0.9999999
903,5,1.0
904,7,0.99999976
905,9,0.87159294
906,7,0.99999535
907,8,0.99999905
908,3,1.0
909,2,1.0
910,7,1.0
911,2,0.99999976
912,0,0.99999297
913,4,0.9560251
914,7,0.99999964
915,1,0.9999976
916,6,0.9999988
917,4,1.0
918,6,0.99998724
919,1,1.0
920,5,0.82355106
921,7,0.9999999
922,3,1.0
923,5,0.9999999
924,9,0.9998258
925,4,1.0
926,7,0.9999982
927,9,0.99999964
928,6,0.99999976
929,6,1.0
930,3,1.0
931,3,1.0
932,2,1.0
933,1,1.0
934,4,1.0
935,5,0.99999905
936,3,0.9999999
937,7,0.9999999
938,7,1.0
939,9,0.99999976
940,5,1.0
941,6,1.0
942,2,0.8777845
943,6,1.0
944,1,1.0
945,0,1.0
946,9,1.0
947,3,1.0
948,2,1.0
949,9,0.9999944
950,2,1.0
951,6,1.0
952,7,1.0
953,5,1.0
954,2,1.0
955,3,1.0
956,2,0.9999999
957,8,0.9998503
958,3,1.0
959,0,0.99993956
960,2,1.0
961,7,0.99999976
962,9,0.9999001
963,4,1.0
964,0,0.9999999
965,9,0.9998393
966,5,0.99958545
967,1,1.0
968,8,1.0
969,8,0.9999981
970,5,1.0
971,3,1.0
972,2,0.99999964
973,9,0.99999976
974,6,1.0
975,7,0.9999931
976,0,0.9999882
977,8,1.0
978,0,0.9999925
979,7,1.0
980,4,1.0
981,5,0.99323434
982,8,1.0
983,7,1.0
984,9,0.9999963
985,7,1.0
986,7,1.0
987,0,0.9999902
988,5,1.0
989,3,0.9999981
990,2,0.99999964
991,1,1.0
992,9,0.99999964
993,0,0.9997043
994,6,1.0
995,8,1.0
996,3,0.99999833
997,6,1.0
998,2,1.0
999,2,1.0
1000,9,0.9999999
1001,0,0.9999844
1002,7,0.99999857
1003,0,1.0
1004,7,0.9999999
1005,1,1.0
1006,3,1.0
1007,4,1.0
1008,6,1.0
1009,3,0.9999999
1010,9,0.9999995
1011,2,1.0
1012,6,0.99999774
1013,3,0.9998957
1014,7,0.99998903
1015,3,1.0
1016,7,0.9999999
1017,2,1.0
1018,3,1.0
1019,4,0.9999968
1020,9,0.99981064
1021,5,0.9999994
1022,9,0.9991441
1023,9,0.99935514
1024,6,0.9999999
1025,2,1.0
1026,6,0.99999785
1027,1,1.0
1028,5,1.0
1029,5,0.9998548
1030,1,0.99999976
1031,9,0.99999607
1032,1,1.0
1033,8,1.0
1034,9,0.99997556
1035,4,1.0
1036,5,0.9999889
1037,9,0.9994338
1038,5,0.9999999
1039,2,1.0
1040,0,1.0
1041,1,1.0
1042,6,1.0
1043,1,1.0
1044,9,1.0
1045,2,0.999936
1046,2,0.9999999
1047,7,0.9999653
1048,7,1.0
1049,6,0.99991035
1050,6,1.0
1051,2,1.0
1052,6,1.0
1053,3,0.9999989
1054,5,0.99999976
1055,9,0.9999994
1056,1,0.9999999
1057,1,1.0
1058,3,1.0
1059,6,0.9999995
1060,3,0.9968346
1061,0,0.99999964
1062,0,0.9999999
1063,6,1.0
1064,0,1.0
1065,9,0.9999999
1066,4,0.9999999
1067,7,0.99999964
1068,0,0.9999999
1069,5,1.0
1070,9,0.99999857
1071,0,0.9999896
1072,8,0.9999999
1073,7,0.9999968
1074,6,1.0
1075,9,0.9995447
1076,2,1.0
1077,6,0.99998987
1078,1,1.0
1079,2,1.0
1080,9,1.0
1081,3,0.9999999
1082,0,0.9999949
1083,2,0.99999964
1084,3,0.99984825
1085,7,1.0
1086,7,0.9999981
1087,6,1.0
1088,6,0.99999
1089,3,1.0
1090,1,1.0
1091,3,1.0
1092,1,0.9999964
1093,0,1.0
1094,1,0.9999999
1095,7,1.0
1096,6,1.0
1097,3,0.9999995
1098,3,1.0
1099,3,0.9982262
1100,3,1.0
1101,4,0.9999789
1102,2,1.0
1103,9,1.0
1104,1,1.0
1105,8,0.99999976
1106,2,1.0
1107,0,1.0
1108,6,0.99999976
1109,4,1.0
1110,6,0.9999999
1111,7,1.0
1112,2,1.0
1113,4,0.9998554
1114,1,1.0
1115,0,1.0
1116,5,0.99997854
1117,2,1.0
1118,6,1.0
1119,4,0.9993911
1120,9,0.9999372
1121,8,1.0
1122,5,0.9999999
1123,4,0.9999951
1124,1,1.0
1125,6,1.0
1126,3,1.0
1127,9,0.9313815
1128,6,1.0
1129,1,0.9999999
1130,2,1.0
1131,0,0.9999871
1132,8,0.9998585
1133,8,1.0
1134,0,0.99999726
1135,3,1.0
1136,6,0.9999933
1137,8,1.0
1138,7,0.9999783
1139,7,0.9634075
1140,7,1.0
1141,6,0.9999931
1142,0,0.9999974
1143,2,0.9999994
1144,1,0.99999976
1145,2,1.0
1146,8,0.9999999
1147,4,1.0
1148,5,0.9999994
1149,5,0.9999994
1150,3,1.0
1151,8,0.7859425
1152,7,1.0
1153,8,0.9999521
1154,4,1.0
1155,7,0.99999976
1156,4,0.99999976
1157,4,0.99995863
1158,1,1.0
1159,8,0.9999852
1160,0,0.99923885
1161,9,1.0
1162,1,1.0
1163,9,0.99898297
1164,0,1.0
1165,6,1.0
1166,4,1.0
1167,1,0.99999785
1168,2,0.9999974
1169,4,1.0
1170,5,0.9999995
1171,8,0.99999976
1172,2,1.0
1173,9,0.99908316
1174,1,1.0
1175,8,1.0
1176,2,0.99999976
1177,2,0.99957544
1178,7,0.99999964
1179,2,1.0
1180,5,0.9999993
1181,3,1.0
1182,8,0.9999999
1183,9,0.9999999
1184,4,0.9686838
1185,0,0.9999224
1186,7,1.0
1187,0,1.0
1188,3,1.0
1189,5,0.999705
1190,9,0.9999999
1191,7,0.99999976
1192,3,0.99998784
1193,3,1.0
1194,8,1.0
1195,8,0.9999995
1196,9,0.99495405
1197,3,1.0
1198,2,0.9999999
1199,5,0.99999976
1200,4,1.0
1201,4,0.99999917
1202,8,0.9999999
1203,3,0.99999905
1204,0,0.9998369
1205,1,1.0
1206,7,0.99999976
1207,9,0.99999964
1208,6,1.0
1209,4,0.9999999
1210,0,0.9999982
1211,4,0.99999976
1212,7,0.9969457
1213,8,0.9999989
1214,4,1.0
1215,5,0.9999896
1216,9,0.9999858
1217,6,0.99955386
1218,7,0.9999608
1219,8,0.99992526
1220,2,1.0
1221,0,0.9960542
1222,0,0.99999714
1223,5,1.0
1224,0,0.9999895
1225,5,0.9999999
1226,9,0.9999994
1227,9,0.9998354
1228,9,1.0
1229,9,0.9999988
1230,5,1.0
1231,4,1.0
1232,3,1.0
1233,7,0.99999964
1234,5,0.99999905
1235,4,1.0
1236,1,0.990292
1237,9,0.99999964
1238,5,0.99929726
1239,4,0.9999999
1240,9,1.0
1241,9,0.999995
1242,5,0.99756974
1243,7,1.0
1244,8,0.9999995
1245,2,0.99750155
1246,4,1.0
1247,7,0.9999715
1248,4,0.99996066
1249,3,0.9999999
1250,8,0.9856597
1251,6,1.0
1252,6,1.0
1253,0,0.99999976
1254,4,0.9999981
1255,5,0.9999441
1256,5,0.99997807
1257,7,1.0
1258,6,1.0
1259,5,0.999997
1260,5,0.9965815
1261,1,0.9999995
1262,9,0.8126938
1263,4,1.0
1264,2,0.99999654
1265,2,0.9995596
1266,1,0.9298706
1267,9,0.9999963
1268,9,0.99977964
1269,8,1.0
1270,1,1.0
1271,1,0.9999999
1272,8,0.9816341
1273,1,1.0
1274,0,0.9999827
1275,0,0.9999999
1276,4,1.0
1277,0,1.0
1278,2,0.9964044
1279,7,0.99990106
1280,6,0.9999999
1281,1,1.0
1282,4,0.9999999
1283,7,1.0
1284,0,1.0
1285,7,1.0
1286,1,1.0
1287,0,1.0
1288,3,0.99994326
1289,3,0.9999254
1290,1,1.0
1291,9,0.9999995
1292,8,1.0
1293,4,0.9999968
1294,6,0.99996614
1295,5,0.99996686
1296,9,0.9999981
1297,8,0.9999999
1298,6,1.0
1299,3,0.9999999
1300,6,1.0
1301,6,0.9864391
1302,6,0.9999951
1303,1,1.0
1304,1,1.0
1305,4,0.99939704
1306,0,1.0
1307,7,1.0
1308,8,0.82838994
1309,0,0.99999964
1310,4,0.9999995
1311,6,0.99999905
1312,7,1.0
1313,9,0.9937611
1314,5,0.9999995
1315,9,0.99999976
1316,6,1.0
1317,2,1.0
1318,4,1.0
1319,7,1.0
1320,5,1.0
1321,9,1.0
1322,8,0.9999999
1323,5,0.9999473
1324,1,0.99999964
1325,8,1.0
1326,0,1.0
1327,3,0.9999746
1328,6,1.0
1329,8,0.98389846
1330,1,1.0
1331,3,1.0
1332,6,0.745942
1333,3,1.0
1334,1,0.9999999
1335,9,0.99999976
1336,1,1.0
1337,4,1.0
1338,5,1.0
1339,8,0.9999999
1340,2,1.0
1341,2,0.999749
1342,9,0.99999905
1343,1,1.0
1344,3,1.0
1345,3,1.0
1346,0,1.0
1347,5,0.9999833
1348,6,1.0
1349,1,1.0
1350,8,0.99998534
1351,3,1.0
1352,6,0.99999917
1353,7,1.0
1354,2,1.0
1355,3,1.0
1356,2,1.0
1357,9,0.99999976
1358,2,0.99999714
1359,1,0.99999976
1360,5,1.0
1361,9,0.99999976
1362,8,1.0
1363,7,0.9999999
1364,3,1.0
1365,8,1.0
1366,4,0.99999976
1367,5,0.99153906
1368,8,0.9999999
1369,2,1.0
1370,1,1.0
1371,6,0.9999995
1372,7,1.0
1373,6,1.0
1374,1,1.0
1375,1,1.0
1376,0,0.99999845
1377,5,0.9999814
1378,0,1.0
1379,9,0.9999999
1380,1,0.99999785
1381,7,0.99999774
1382,4,1.0
1383,0,1.0
1384,8,0.999984
1385,7,1.0
1386,5,0.99923813
1387,9,0.9999981
1388,8,0.99999976
1389,8,0.9999999
1390,7,0.99947256
1391,5,0.9999862
1392,4,0.98187536
1393,3,0.9999994
1394,7,0.99999964
1395,9,0.98108727
1396,4,0.9999995
1397,7,0.9999945
1398,2,1.0
1399,7,0.9999931
1400,4,1.0
1401,1,1.0
1402,5,1.0
1403,9,0.84451467
1404,2,0.9999999
1405,3,1.0
1406,5,0.999997
1407,9,0.53410864
1408,8,1.0
1409,4,1.0
1410,5,0.99999976
1411,9,1.0
1412,1,0.99904627
1413,5,0.99999726
1414,1,1.0
1415,1,0.6965251
1416,3,1.0
1417,7,1.0
1418,5,0.9999521
1419,1,1.0
1420,7,1.0
1421,9,0.9999938
1422,2,1.0
1423,3,0.99897146
1424,6,0.9999999
1425,8,1.0
1426,8,1.0
1427,5,1.0
1428,0,1.0
1429,8,1.0
1430,8,0.9999857
1431,4,0.9999989
1432,7,1.0
1433,1,1.0
1434,9,1.0
1435,6,1.0
1436,8,0.9999695
1437,9,0.99999857
1438,4,0.99999976
1439,9,0.99999976
1440,9,0.9999989
1441,6,1.0
1442,3,0.99999976
1443,2,1.0
1444,7,0.9998406
1445,4,0.9993616
1446,8,1.0
1447,0,1.0
1448,4,0.99999964
1449,9,0.9999738
1450,0,0.99999917
1451,8,1.0
1452,8,0.9999918
1453,7,0.99999964
1454,0,1.0
1455,9,1.0
1456,0,0.99999475
1457,8,0.9977767
1458,7,0.9999889
1459,0,0.9999999
1460,8,1.0
1461,5,0.99996996
1462,3,0.9999976
1463,3,1.0
1464,6,0.99999416
1465,2,1.0
1466,5,0.99999964
1467,3,1.0
1468,1,1.0
1469,3,0.8773142
1470,3,0.9999918
1471,1,1.0
1472,0,0.99999666
1473,6,0.9999999
1474,5,1.0
1475,9,1.0
1476,3,1.0
1477,2,0.99999976
1478,9,0.9999956
1479,4,0.9999999
1480,8,1.0
1481,8,1.0
1482,7,0.9999999
1483,6,0.9999999
1484,4,1.0
1485,4,1.0
1486,0,1.0
1487,7,1.0
1488,5,0.99940956
1489,9,0.99999225
1490,6,1.0
1491,7,1.0
1492,3,1.0
1493,8,1.0
1494,9,1.0
1495,8,0.79314655
1496,0,1.0
1497,8,0.999729
1498,6,0.9992501
1499,0,0.9993773
1500,3,0.99995446
1501,0,1.0
1502,1,1.0
1503,8,0.99999857
1504,2,0.99789387
1505,8,0.9999994
1506,6,0.9999174
1507,0,1.0
1508,1,0.9999907
1509,2,0.99998593
1510,0,0.9999999
1511,7,1.0
1512,3,1.0
1513,6,1.0
1514,9,0.9999471
1515,2,0.99999714
1516,3,0.9999987
1517,1,0.99979466
1518,7,0.9999999
1519,3,0.99866855
1520,9,0.99999344
1521,5,1.0
1522,9,0.8968178
1523,9,0.99999297
1524,1,0.99998915
1525,1,1.0
1526,5,0.9999933
1527,8,1.0
1528,3,1.0
1529,2,1.0
1530,5,1.0
1531,4,0.99998665
1532,1,1.0
1533,8,1.0
1534,4,0.9999994
1535,0,1.0
1536,7,0.99993455
1537,0,0.9999486
1538,9,0.61055845
1539,0,1.0
1540,0,1.0
1541,7,0.9999993
1542,1,1.0
1543,3,1.0
1544,5,1.0
1545,5,1.0
1546,8,0.9999845
1547,9,0.9999993
1548,7,1.0
1549,9,0.9916597
1550,4,1.0
1551,6,1.0
1552,0,0.9985423
1553,1,1.0
1554,9,0.9996877
1555,2,0.9999994
1556,7,1.0
1557,4,0.99993587
1558,8,1.0
1559,5,0.99999976
1560,0,0.9999999
1561,5,1.0
1562,9,0.9991906
1563,8,1.0
1564,7,1.0
1565,5,0.9999999
1566,0,0.9999963
1567,8,0.9943299
1568,9,0.99986494
1569,9,1.0
1570,6,1.0
1571,3,1.0
1572,0,1.0
1573,8,1.0
1574,7,1.0
1575,5,0.9999443
1576,2,0.9999951
1577,6,0.9999434
1578,1,0.9999963
1579,7,0.99998677
1580,2,1.0
1581,3,1.0
1582,8,1.0
1583,8,1.0
1584,1,1.0
1585,4,0.9999982
1586,6,1.0
1587,2,0.6191968
1588,4,0.9999999
1589,0,0.9997992
1590,2,0.999938
1591,3,1.0
1592,6,1.0
1593,3,0.96511626
1594,3,0.9973003
1595,2,0.9999999
1596,9,0.9999999
1597,1,0.9984628
1598,3,0.99999976
1599,2,1.0
1600,5,0.99901307
1601,8,0.9999676
1602,7,1.0
1603,7,1.0
1604,6,0.9999975
1605,2,1.0
1606,0,0.9391326
1607,3,0.9997309
1608,2,1.0
1609,8,0.999969
1610,1,0.9999999
1611,5,1.0
1612,4,0.9999373
1613,3,1.0
1614,3,1.0
1615,1,1.0
1616,9,0.9999976
1617,3,1.0
1618,2,0.9999999
1619,1,0.99999976
1620,1,1.0
1621,3,1.0
1622,6,1.0
1623,1,0.9999845
1624,3,0.9999982
1625,4,0.9999995
1626,4,0.9999933
1627,9,0.9999995
1628,6,1.0
1629,6,1.0
1630,7,1.0
1631,5,0.9999974
1632,9,1.0
1633,6,1.0
1634,6,1.0
1635,1,1.0
1636,0,0.9999461
1637,7,1.0
1638,8,1.0
1639,8,1.0
1640,8,0.99673444
1641,3,0.99999976
1642,7,1.0
1643,7,1.0
1644,7,0.9996792
1645,1,1.0
1646,4,1.0
1647,6,1.0
1648,1,0.99999917
1649,0,0.99987185
1650,0,0.9999845
1651,1,0.9985769
1652,7,1.0
1653,7,0.9999999
1654,8,0.9999764
1655,8,0.99999774
1656,9,1.0
1657,8,0.99839336
1658,2,1.0
1659,4,1.0
1660,8,0.99999857
1661,1,0.99999535
1662,3,1.0
1663,6,0.9999099
1664,1,0.99983716
1665,3,0.9999988
1666,3,1.0
1667,6,1.0
1668,6,1.0
1669,5,0.9999721
1670,8,0.9997291
1671,8,1.0
1672,5,0.9996388
1673,4,1.0
1674,5,0.9999999
1675,9,0.9988808
1676,8,0.9999777
1677,2,0.9999572
1678,0,0.9999999
1679,1,0.9999999
1680,3,0.9999995
1681,3,0.9999999
1682,5,0.9999999
1683,6,1.0
1684,3,0.9996407
1685,3,1.0
1686,6,1.0
1687,9,0.67438275
1688,3,0.9999993
1689,3,1.0
1690,7,1.0
1691,7,0.9665754
1692,5,0.9999999
1693,6,1.0
1694,5,0.9999949
1695,1,0.9999931
1696,7,1.0
1697,4,1.0
1698,5,1.0
1699,9,0.9999999
1700,0,0.9999713
1701,2,1.0
1702,8,0.99978536
1703,0,0.99999654
1704,9,0.9995788
1705,5,0.99961036
1706,3,1.0
1707,0,0.9986046
1708,8,0.999998
1709,0,0.9999728
1710,7,1.0
1711,7,1.0
1712,1,1.0
1713,5,1.0
1714,4,0.9999999
1715,4,1.0
1716,9,0.99999976
1717,7,1.0
1718,0,1.0
1719,3,0.9990307
1720,1,1.0
1721,3,0.99999833
1722,3,1.0
1723,6,0.9999988
1724,2,0.999998
1725,4,0.99999976
1726,2,0.9850344
1727,1,1.0
1728,6,1.0
1729,5,0.99999
1730,9,1.0
1731,3,0.9999999
1732,4,1.0
1733,1,1.0
1734,9,0.9998319
1735,4,0.9998956
1736,0,0.99999964
1737,3,1.0
1738,5,0.999992
1739,1,0.99999213
1740,0,1.0
1741,0,0.99984884
1742,5,1.0
1743,3,1.0
1744,9,0.999998
1745,4,0.9999707
1746,9,0.9998671
1747,1,1.0
1748,0,0.9999989
1749,0,1.0
1750,5,0.99999976
1751,7,1.0
1752,1,1.0
1753,6,0.9999893
1754,8,0.99999917
1755,3,1.0
1756,7,1.0
1757,0,0.9999999
1758,3,0.9999993
1759,8,1.0
1760,2,0.9999714
1761,8,1.0
1762,6,1.0
1763,7,1.0
1764,9,0.9997321
1765,1,0.99999964
1766,8,1.0
1767,4,0.99999034
1768,5,0.9999157
1769,3,1.0
1770,1,1.0
1771,3,0.7609764
1772,2,1.0
1773,2,0.9999999
1774,5,1.0
1775,3,0.99611974
1776,8,1.0
1777,8,0.9999299
1778,2,1.0
1779,7,0.9999958
1780,4,1.0
1781,8,0.99998915
1782,5,1.0
1783,7,1.0
1784,0,0.99999976
1785,6,1.0
1786,6,1.0
1787,2,1.0
1788,3,1.0
1789,2,1.0
1790,2,1.0
1791,9,0.9999871
1792,1,1.0
1793,9,1.0
1794,6,1.0
1795,9,1.0
1796,2,1.0
1797,2,0.99996126
1798,6,0.99999666
1799,0,0.9999994
1800,4,0.99999976
1801,0,1.0
1802,0,1.0
1803,0,0.9999963
1804,0,0.9999999
1805,3,0.99999976
1806,0,0.9959346
1807,4,0.9999807
1808,3,1.0
1809,6,0.9999932
1810,7,0.99999857
1811,8,1.0
1812,6,0.9999999
1813,0,0.9999951
1814,5,0.9999999
1815,1,1.0
1816,8,0.9999989
1817,5,1.0
1818,6,1.0
1819,0,0.99910396
1820,2,1.0
1821,7,1.0
1822,6,0.9864383
1823,1,0.9999999
1824,3,1.0
1825,9,0.99999976
1826,9,0.99999964
1827,3,1.0
1828,0,0.9999945
1829,3,0.9999021
1830,5,1.0
1831,9,0.9999925
1832,6,1.0
1833,8,1.0
1834,3,0.99999976
1835,1,1.0
1836,0,1.0
1837,0,0.9999999
1838,9,1.0
1839,0,0.9999989
1840,6,1.0
1841,6,0.9999993
1842,2,1.0
1843,4,1.0
1844,3,0.9999994
1845,0,0.99999905
1846,2,1.0
1847,7,1.0
1848,1,1.0
1849,5,1.0
1850,8,0.9999999
1851,5,1.0
1852,8,0.99999976
1853,8,1.0
1854,4,1.0
1855,7,1.0
1856,4,1.0
1857,3,1.0
1858,6,1.0
1859,5,1.0
1860,7,1.0
1861,3,1.0
1862,2,0.79843074
1863,6,0.99999523
1864,7,0.9999993
1865,1,0.999997
1866,3,1.0
1867,1,0.99999845
1868,8,0.99989986
1869,8,0.9999988
1870,1,1.0
1871,5,0.9999999
1872,2,1.0
1873,2,1.0
1874,6,1.0
1875,9,1.0
1876,0,1.0
1877,2,1.0
1878,7,0.99803644
1879,2,1.0
1880,7,0.99982965
1881,4,1.0
1882,4,0.9999498
1883,9,0.9992779
1884,3,0.9999994
1885,0,0.99999976
1886,4,1.0
1887,5,0.99999404
1888,1,0.9999999
1889,4,0.9822803
1890,6,0.9999999
1891,9,0.9999927
1892,7,0.99978274
1893,6,1.0
1894,5,0.9999999
1895,0,0.99996567
1896,6,0.55176455
1897,1,0.99999976
1898,3,1.0
1899,8,0.99997354
1900,4,0.9999999
1901,6,0.94240636
1902,0,0.9999993
1903,0,0.99999976
1904,3,0.9999999
1905,7,1.0
1906,9,0.9999999
1907,8,1.0
1908,6,0.99096066
1909,9,0.9999907
1910,9,0.998796
1911,1,1.0
1912,5,0.99999976
1913,0,0.99969995
1914,9,1.0
1915,1,1.0
1916,7,1.0
1917,9,0.9999927
1918,0,0.99998975
1919,8,0.9999858
1920,9,0.99998975
1921,0,0.9999988
1922,6,1.0
1923,9,0.9999285
1924,2,1.0
1925,4,0.9999999
1926,2,1.0
1927,1,1.0
1928,9,0.99952877
1929,4,0.99999857
1930,4,1.0
1931,8,0.9972767
1932,8,1.0
1933,6,0.99999714
1934,5,0.9999999
1935,6,1.0
1936,1,0.998596
1937,3,0.99999964
1938,5,0.9994024
1939,9,1.0
1940,3,1.0
1941,9,0.99999475
1942,7,1.0
1943,0,0.9999932
1944,7,0.99999976
1945,6,1.0
1946,5,0.99997187
1947,8,0.99998915
1948,6,1.0
1949,6,0.99982613
1950,0,1.0
1951,7,1.0
1952,4,0.99979264
1953,5,0.9999821
1954,8,0.52098566
1955,7,1.0
1956,7,0.99999964
1957,8,1.0
1958,5,0.9999994
1959,5,0.9762308
1960,5,0.94454306
1961,5,1.0
1962,3,1.0
1963,6,1.0
1964,8,0.99979573
1965,3,0.99999714
1966,6,1.0
1967,1,0.99999464
1968,9,0.9999993
1969,8,0.99963856
1970,0,1.0
1971,9,0.99999976
1972,4,1.0
1973,4,0.9997197
1974,5,0.99999607
1975,8,0.99999905
1976,4,1.0
1977,0,0.9999999
1978,9,0.99941766
1979,3,1.0
1980,0,1.0
1981,9,0.99999976
1982,4,0.9999993
1983,6,1.0
1984,4,1.0
1985,0,1.0
1986,2,1.0
1987,0,1.0
1988,1,1.0
1989,7,1.0
1990,5,1.0
1991,9,1.0
1992,8,1.0
1993,7,1.0
1994,8,0.99987495
1995,6,0.9999927
1996,2,1.0
1997,0,0.9999999
1998,0,0.99534035
1999,3,0.999995
2000,7,1.0
2001,8,0.9999994
2002,6,0.9999999
2003,1,0.9994159
2004,6,0.9999999
2005,7,1.0
2006,2,0.99999964
2007,5,0.99640936
2008,9,0.99998724
2009,7,0.9999994
2010,1,0.99999964
2011,1,0.9999968
2012,4,1.0
2013,1,0.9999999
2014,6,1.0
2015,6,0.99999595
2016,7,0.9997981
2017,0,1.0
2018,8,0.9996699
2019,4,0.9999951
2020,7,0.99999917
2021,0,0.99978155
2022,9,0.9999933
2023,4,1.0
2024,6,1.0
2025,2,1.0
2026,6,0.99999976
2027,7,0.98329306
2028,3,1.0
2029,2,0.99999917
2030,9,0.9999981
2031,6,0.9999988
2032,5,1.0
2033,2,1.0
2034,5,0.999984
2035,8,0.9999434
2036,5,1.0
2037,6,1.0
2038,3,0.9996997
2039,2,1.0
2040,2,0.9999999
2041,7,0.9999999
2042,7,0.9998772
2043,3,0.9999999
2044,4,1.0
2045,9,0.99999976
2046,2,1.0
2047,8,0.99999917
2048,0,1.0
2049,2,1.0
2050,4,1.0
2051,0,1.0
2052,9,0.999997
2053,4,1.0
2054,5,1.0
2055,8,1.0
2056,8,1.0
2057,9,1.0
2058,3,1.0
2059,3,1.0
2060,5,1.0
2061,9,0.99999297
2062,0,1.0
2063,7,0.9999999
2064,0,0.99999976
2065,5,0.9999987
2066,5,0.9998735
2067,2,1.0
2068,9,1.0
2069,1,0.9999999
2070,9,0.9999194
2071,9,0.9999993
2072,4,1.0
2073,6,0.9999784
2074,4,1.0
2075,6,1.0
2076,8,1.0
2077,9,0.9999999
2078,0,0.99999714
2079,0,1.0
2080,8,0.999201
2081,2,1.0
2082,1,1.0
2083,6,0.9999999
2084,8,0.9999999
2085,2,1.0
2086,3,0.9997515
2087,2,0.6405317
2088,2,0.85144454
2089,5,0.9999871
2090,5,1.0
2091,7,1.0
2092,3,0.99999845
2093,3,1.0
2094,3,0.9867778
2095,9,0.9998276
2096,6,1.0
2097,2,0.9986721
2098,3,1.0
2099,4,1.0
2100,3,0.9999894
2101,7,0.9999479
2102,7,0.9999999
2103,9,0.9999808
2104,2,0.9999956
2105,6,1.0
2106,6,1.0
2107,9,0.99993134
2108,5,0.99999917
2109,8,1.0
2110,0,0.99999905
2111,6,1.0
2112,7,0.999997
2113,4,0.9999962
2114,2,0.99999833
2115,2,1.0
2116,4,0.99999547
2117,0,0.9999995
2118,6,0.9999963
2119,2,1.0
2120,1,0.9999976
2121,4,0.9999597
2122,2,0.99999976
2123,6,0.9928302
2124,7,0.99999976
2125,5,0.99999297
2126,6,0.9445353
2127,7,0.9992077
2128,0,0.9999999
2129,6,1.0
2130,8,0.99999154
2131,2,1.0
2132,4,0.99999976
2133,4,0.99999964
2134,5,0.9998229
2135,7,0.99972314
2136,6,1.0
2137,8,1.0
2138,1,1.0
2139,4,0.99963367
2140,6,0.9999827
2141,6,1.0
2142,1,1.0
2143,5,1.0
2144,2,1.0
2145,5,0.9999995
2146,0,0.8489649
2147,0,0.9999999
2148,1,0.99999976
2149,1,0.9999995
2150,4,0.9992005
2151,7,0.9999963
2152,0,0.9999472
2153,3,1.0
2154,6,0.9998894
2155,5,0.99999464
2156,0,0.9999995
2157,5,1.0
2158,2,0.9999999
2159,0,0.9999999
2160,8,1.0
2161,9,0.99999964
2162,1,1.0
2163,5,1.0
2164,7,0.99999905
2165,3,1.0
2166,3,1.0
2167,6,0.9999944
2168,1,0.9999999
2169,6,1.0
2170,5,0.998055
2171,9,0.9999994
2172,5,0.9999182
2173,2,1.0
2174,0,0.99999905
2175,7,0.9999981
2176,4,0.99999046
2177,0,1.0
2178,2,0.9999964
2179,7,0.9999895
2180,4,1.0
2181,4,0.99999964
2182,6,1.0
2183,0,0.99999845
2184,4,1.0
2185,6,1.0
2186,8,0.99302423
2187,9,0.99994564
2188,1,1.0
2189,7,1.0
2190,4,1.0
2191,7,0.99999917
2192,9,0.9999981
2193,4,1.0
2194,7,1.0
2195,4,0.9999647
2196,8,1.0
2197,5,1.0
2198,9,0.99999845
2199,5,0.99996483
2200,5,0.9999999
2201,1,1.0
2202,9,0.99990284
2203,3,1.0
2204,2,0.9997805
2205,4,1.0
2206,0,1.0
2207,2,1.0
2208,6,0.99999964
2209,6,0.72852844
2210,8,0.999987
2211,0,1.0
2212,4,0.9999888
2213,3,0.9999535
2214,1,1.0
2215,2,1.0
2216,6,1.0
2217,7,0.9999976
2218,3,1.0
2219,7,0.9999933
2220,7,0.9993704
2221,1,0.9999999
2222,5,0.9999845
2223,5,1.0
2224,4,0.9999924
2225,0,0.99999857
2226,1,1.0
2227,2,0.9976821
2228,2,1.0
2229,1,1.0
2230,1,1.0
2231,4,0.9999999
2232,2,1.0
2233,2,0.9999999
2234,1,1.0
2235,1,0.9999995
2236,7,1.0
2237,9,1.0
2238,4,1.0
2239,8,1.0
2240,0,0.99999976
2241,8,0.99996924
2242,9,0.9999988
2243,3,0.9999999
2244,8,1.0
2245,9,0.99999976
2246,4,1.0
2247,6,0.9999913
2248,3,1.0
2249,3,1.0
2250,3,1.0
2251,9,0.9999981
2252,4,0.69827193
2253,3,1.0
2254,6,1.0
2255,9,0.9999895
2256,1,1.0
2257,4,1.0
2258,6,0.9999999
2259,0,1.0
2260,6,0.9999999
2261,0,0.999997
2262,5,0.9999989
2263,9,0.9989372
2264,0,0.9999999
2265,1,0.9999994
2266,8,0.9999999
2267,0,0.9999994
2268,4,1.0
2269,2,0.99999976
2270,0,0.99996495
2271,1,1.0
2272,5,1.0
2273,3,1.0
2274,4,0.99994004
2275,5,0.999241
2276,7,0.9999627
2277,6,1.0
2278,8,0.8947854
2279,8,0.9997193
2280,7,0.9999999
2281,9,1.0
2282,0,0.99999845
2283,3,0.9994815
2284,2,1.0
2285,6,0.99999976
2286,0,1.0
2287,5,0.9999995
2288,5,0.999065
2289,9,0.999869
2290,6,1.0
2291,5,0.99999917
2292,4,1.0
2293,2,1.0
2294,1,0.99999964
2295,4,1.0
2296,3,1.0
2297,6,1.0
2298,4,0.999944
2299,8,1.0
2300,7,0.99997365
2301,2,1.0
2302,8,0.9952285
2303,0,0.9999994
2304,3,1.0
2305,4,0.99999976
2306,5,0.999801
2307,3,0.99997544
2308,3,1.0
2309,1,1.0
2310,6,0.99873704
2311,4,1.0
2312,5,0.9999995
2313,9,1.0
2314,7,0.99999964
2315,0,0.9999856
2316,1,1.0
2317,2,0.99998593
2318,5,0.9999832
2319,3,1.0
2320,2,1.0
2321,6,0.99998105
2322,4,1.0
2323,2,1.0
2324,5,1.0
2325,9,0.99999964
2326,3,1.0
2327,4,1.0
2328,6,1.0
2329,3,1.0
2330,5,0.99987316
2331,8,0.99942786
2332,2,1.0
2333,8,0.9999999
2334,9,1.0
2335,8,0.9999999
2336,7,1.0
2337,5,0.99977535
2338,9,0.9996983
2339,9,0.99999917
2340,9,0.99996555
2341,4,1.0
2342,6,0.9999763
2343,7,0.9999999
2344,3,0.99867564
2345,6,1.0
2346,9,1.0
2347,9,1.0
2348,6,1.0
2349,6,1.0
2350,0,0.9999795
2351,9,0.9999995
2352,4,0.9999995
2353,9,0.9980038
2354,7,0.9999902
2355,4,1.0
2356,1,0.99999976
2357,7,0.99997675
2358,2,0.99999857
2359,8,1.0
2360,8,0.9983835
2361,0,0.9999999
2362,5,1.0
2363,6,1.0
2364,7,0.9999833
2365,1,0.99993014
2366,8,0.9999887
2367,0,1.0
2368,8,0.9999912
2369,0,0.99999535
2370,9,0.9991248
2371,4,0.99999547
2372,2,1.0
2373,4,1.0
2374,2,0.99993896
2375,1,1.0
2376,1,0.9999994
2377,6,0.9999999
2378,7,1.0
2379,6,1.0
2380,7,0.9996451
2381,5,1.0
2382,3,1.0
2383,6,0.9999988
2384,6,0.9999994
2385,3,1.0
2386,4,0.99963844
2387,8,0.99785393
2388,7,1.0
2389,8,1.0
2390,8,0.9998963
2391,7,0.99988043
2392,0,0.9999999
2393,0,0.9999893
2394,7,0.9999106
2395,7,1.0
2396,1,1.0
2397,6,1.0
2398,0,1.0
2399,3,1.0
2400,9,0.9648205
2401,9,0.99996567
2402,3,0.41533116
2403,5,1.0
2404,1,1.0
2405,7,0.9993864
2406,0,0.9998598
2407,1,0.99999976
2408,9,0.9989794
2409,5,0.9995647
2410,7,0.77868426
2411,9,0.99999976
2412,0,0.99999976
2413,1,0.99999964
2414,9,0.9999994
2415,0,0.9999213
2416,9,0.9999931
2417,9,0.97005886
2418,4,0.99999976
2419,2,1.0
2420,2,0.99999964
2421,5,0.9997178
2422,5,0.9999999
2423,0,0.99936754
2424,0,1.0
2425,5,0.9999999
2426,9,1.0
2427,4,0.99999905
2428,3,1.0
2429,4,1.0
2430,2,1.0
2431,5,0.9999995
2432,0,1.0
2433,0,0.9999945
2434,3,1.0
2435,3,0.99583936
2436,3,1.0
2437,5,0.99999535
2438,9,1.0
2439,0,0.99996257
2440,1,1.0
2441,4,0.5946116
2442,5,1.0
2443,9,1.0
2444,2,0.99999607
2445,2,1.0
2446,3,0.9999994
2447,3,1.0
2448,4,0.99999595
2449,4,0.99999833
2450,1,1.0
2451,0,0.9999993
2452,8,0.999089
2453,3,1.0
2454,5,0.9999995
2455,5,0.9999993
2456,6,1.0
2457,9,0.999967
2458,1,0.99999964
2459,9,0.99999976
2460,8,1.0
2461,7,1.0
2462,0,1.0
2463,3,1.0
2464,3,1.0
2465,8,1.0
2466,7,0.7914218
2467,0,1.0
2468,3,0.9999993
2469,3,1.0
2470,9,0.9998053
2471,7,1.0
2472,3,1.0
2473,1,1.0
2474,9,0.9999993
2475,6,1.0
2476,3,1.0
2477,3,1.0
2478,4,1.0
2479,0,1.0
2480,2,1.0
2481,1,0.9999994
2482,3,1.0
2483,9,0.99999774
2484,5,0.9998549
2485,1,0.99999976
2486,7,0.99942064
2487,9,0.99998915
2488,7,0.99999535
2489,9,1.0
2490,6,1.0
2491,1,1.0
2492,5,0.99997485
2493,6,1.0
2494,6,0.9999995
2495,9,0.9997079
2496,0,0.999951
2497,4,0.9999919
2498,2,0.9999999
2499,2,1.0
2500,4,0.983343
2501,3,1.0
2502,7,1.0
2503,6,1.0
2504,4,1.0
2505,1,0.99999964
2506,4,1.0
2507,2,0.99998486
2508,4,1.0
2509,1,1.0
2510,0,0.99999976
2511,2,0.9978479
2512,2,1.0
2513,1,1.0
2514,0,1.0
2515,2,1.0
2516,7,0.99992955
2517,2,0.99999726
2518,6,0.9999994
2519,9,0.98147166
2520,2,0.99999094
2521,0,0.9999523
2522,2,1.0
2523,0,1.0
2524,0,1.0
2525,5,1.0
2526,0,1.0
2527,3,1.0
2528,9,0.99990857
2529,0,0.9999994
2530,6,1.0
2531,6,1.0
2532,4,1.0
2533,1,0.9999999
2534,5,1.0
2535,9,1.0
2536,2,1.0
2537,4,1.0
2538,2,0.99999547
2539,9,0.9828492
2540,1,1.0
2541,1,1.0
2542,3,1.0
2543,0,0.9999769
2544,1,1.0
2545,1,0.9999995
2546,5,0.9999945
2547,0,0.99999905
2548,2,0.99999464
2549,4,0.9918514
2550,7,1.0
2551,3,1.0
2552,6,1.0
2553,8,0.99999976
2554,8,0.674695
2555,8,1.0
2556,8,0.999995
2557,7,1.0
2558,2,1.0
2559,6,1.0
2560,9,0.99999905
2561,4,1.0
2562,5,0.99999785
2563,7,1.0
2564,1,1.0
2565,3,1.0
2566,6,1.0
2567,0,0.9999999
2568,9,1.0
2569,9,0.9998907
2570,4,1.0
2571,6,1.0
2572,8,0.9999995
2573,6,1.0
2574,4,0.99999964
2575,1,1.0
2576,0,0.9999976
2577,3,1.0
2578,3,1.0
2579,0,1.0
2580,1,0.9963523
2581,8,0.99999976
2582,9,0.99998295
2583,8,0.47029185
2584,5,0.9999995
2585,7,0.99375194
2586,7,1.0
2587,3,1.0
2588,4,0.99995196
2589,6,0.9998423
2590,2,1.0
2591,9,0.9999392
2592,3,0.9999727
2593,0,0.9999906
2594,7,0.9980428
2595,4,0.9992211
2596,8,0.99999404
2597,8,0.9999999
2598,2,0.9999995
2599,4,1.0
2600,0,1.0
2601,2,0.99931693
2602,9,1.0
2603,8,1.0
2604,3,1.0
2605,9,0.99997926
2606,9,0.9999999
2607,0,1.0
2608,1,1.0
2609,6,0.999653
2610,7,0.9999999
2611,7,0.9999838
2612,6,0.9049491
2613,4,0.9995229
2614,6,0.99997115
2615,8,0.99984264
2616,7,0.99999523
2617,6,0.99999905
2618,6,0.94934297
2619,3,1.0
2620,3,1.0
2621,5,0.99874276
2622,2,0.9999821
2623,1,0.9999993
2624,6,1.0
2625,4,0.9999999
2626,1,0.99999845
2627,9,1.0
2628,9,0.9998771
2629,6,1.0
2630,4,1.0
2631,6,1.0
2632,4,1.0
2633,5,1.0
2634,9,0.9999999
2635,4,1.0
2636,9,0.9999999
2637,9,0.9999957
2638,3,0.668718
2639,2,0.99999964
2640,5,1.0
2641,1,1.0
2642,6,1.0
2643,2,0.9953831
2644,2,0.9999999
2645,7,1.0
2646,2,1.0
2647,3,0.49531716
2648,4,1.0
2649,7,1.0
2650,4,0.99974436
2651,1,0.99827874
2652,0,0.999995
2653,1,0.99999547
2654,9,0.96879524
2655,0,1.0
2656,7,0.9999987
2657,4,0.99999917
2658,9,0.99998593
2659,0,0.9999999
2660,9,1.0
2661,7,0.99947125
2662,4,0.99997044
2663,0,0.9999999
2664,9,0.94881684
2665,6,1.0
2666,7,0.99991393
2667,4,1.0
2668,9,0.99976474
2669,7,1.0
2670,0,1.0
2671,2,1.0
2672,8,0.99999726
2673,5,0.9946919
2674,2,0.99843675
2675,4,0.99997544
2676,2,1.0
2677,4,1.0
2678,5,0.99999833
2679,2,1.0
2680,6,1.0
2681,6,1.0
2682,8,0.99992657
2683,8,0.99990904
2684,6,0.99999976
2685,7,0.9999987
2686,4,0.9999747
2687,1,1.0
2688,4,0.9998739
2689,8,0.99999654
2690,3,1.0
2691,2,1.0
2692,5,0.99998915
2693,4,0.99999964
2694,0,0.9985569
2695,9,0.9999962
2696,0,1.0
2697,1,0.9999994
2698,4,0.98111606
2699,9,0.9999999
2700,7,1.0
2701,7,0.99999106
2702,3,0.99999976
2703,9,0.99999666
2704,5,0.9999999
2705,3,0.9999945
2706,1,0.99999976
2707,9,0.9999881
2708,2,1.0
2709,6,1.0
2710,7,0.9999999
2711,9,0.99887806
2712,1,1.0
2713,0,0.99999964
2714,5,0.99999976
2715,1,0.99999976
2716,6,0.9999999
2717,8,1.0
2718,8,1.0
2719,6,0.9999999
2720,7,1.0
2721,3,1.0
2722,7,1.0
2723,2,1.0
2724,8,1.0
2725,5,0.99878675
2726,5,1.0
2727,0,0.9999659
2728,8,0.7803514
2729,1,0.99995255
2730,5,0.99940455
2731,6,1.0
2732,8,0.9726679
2733,9,1.0
2734,9,0.9998354
2735,1,1.0
2736,6,1.0
2737,9,0.9999999
2738,8,1.0
2739,5,0.9999981
2740,3,0.999997
2741,7,0.9999999
2742,7,0.9999989
2743,8,1.0
2744,7,0.990604
2745,4,1.0
2746,7,0.9999989
2747,0,1.0
2748,4,0.9935999
2749,0,0.9999993
2750,5,0.99850297
2751,4,1.0
2752,3,0.99515533
2753,1,1.0
2754,9,1.0
2755,6,1.0
2756,3,1.0
2757,0,1.0
2758,0,0.9999888
2759,2,1.0
2760,8,0.9999999
2761,9,0.99998665
2762,9,0.9749913
2763,1,1.0
2764,1,1.0
2765,8,1.0
2766,1,0.99999976
2767,3,0.9999994
2768,2,0.9999999
2769,3,1.0
2770,1,1.0
2771,0,1.0
2772,3,0.99999976
2773,8,0.9530101
2774,5,1.0
2775,0,0.99999905
2776,7,1.0
2777,2,0.99995863
2778,0,1.0
2779,6,1.0
2780,1,0.9999999
2781,8,0.99995434
2782,1,0.99999845
2783,1,1.0
2784,8,1.0
2785,2,0.9999993
2786,2,1.0
2787,6,0.9999988
2788,1,0.99986374
2789,7,0.9999999
2790,9,0.9999943
2791,7,1.0
2792,6,1.0
2793,7,1.0
2794,5,0.99999595
2795,1,0.9999999
2796,9,0.9999517
2797,6,0.9999242
2798,3,0.9999987
2799,7,1.0
2800,6,0.99995375
2801,4,1.0
2802,4,1.0
2803,4,0.99999905
2804,0,1.0
2805,8,1.0
2806,2,0.9999944
2807,0,1.0
2808,8,0.9998871
2809,6,0.99998856
2810,4,0.99999917
2811,8,0.99998915
2812,1,0.9999989
2813,9,0.99999905
2814,2,1.0
2815,9,0.9999988
2816,5,0.99999654
2817,1,0.9999999
2818,5,1.0
2819,1,1.0
2820,1,1.0
2821,4,1.0
2822,7,0.99998415
2823,0,1.0
2824,1,1.0
2825,2,0.99998796
2826,4,1.0
2827,6,1.0
2828,1,1.0
2829,4,0.99252254
2830,2,1.0
2831,9,0.99996805
2832,2,1.0
2833,7,0.9981933
2834,2,0.9998895
2835,6,0.9999999
2836,4,0.98678964
2837,5,0.99998415
2838,5,0.99999917
2839,5,1.0
2840,8,0.9999913
2841,9,0.9998373
2842,6,1.0
2843,1,1.0
2844,1,0.9999999
2845,6,1.0
2846,1,0.9887766
2847,2,0.9999968
2848,1,1.0
2849,9,0.9999894
2850,4,1.0
2851,7,1.0
2852,4,0.9997843
2853,7,0.9999999
2854,1,1.0
2855,0,0.9999993
2856,6,1.0
2857,4,1.0
2858,6,1.0
2859,5,1.0
2860,3,1.0
2861,3,1.0
2862,4,0.99794
2863,0,0.9999974
2864,1,0.9990387
2865,1,1.0
2866,6,1.0
2867,0,1.0
2868,5,0.99909925
2869,1,1.0
2870,2,0.999998
2871,7,0.6835699
2872,6,1.0
2873,4,0.9999974
2874,3,1.0
2875,9,0.999992
2876,0,0.9999989
2877,4,1.0
2878,0,0.99999964
2879,3,1.0
2880,1,1.0
2881,4,0.99999964
2882,9,0.99999976
2883,2,0.9999993
2884,1,0.9999999
2885,7,1.0
2886,0,0.99986756
2887,9,0.999984
2888,6,0.9999982
2889,8,0.99999976
2890,5,0.9997224
2891,8,0.9999194
2892,6,0.999938
2893,0,0.9999995
2894,8,0.99999833
2895,7,0.9999646
2896,9,1.0
2897,9,0.99995434
2898,3,0.9999908
2899,1,1.0
2900,3,1.0
2901,2,0.9996935
2902,3,1.0
2903,1,1.0
2904,1,1.0
2905,2,1.0
2906,0,1.0
2907,0,0.99999833
2908,7,0.9999999
2909,7,0.78566456
2910,8,1.0
2911,1,1.0
2912,6,1.0
2913,0,1.0
2914,6,1.0
2915,7,0.9999957
2916,4,0.99985576
2917,3,0.99997044
2918,6,0.99999964
2919,7,0.99999833
2920,2,0.99988747
2921,2,0.9999999
2922,8,1.0
2923,9,0.9999994
2924,9,1.0
2925,4,0.9999999
2926,2,1.0
2927,7,0.9999999
2928,7,0.99999976
2929,3,0.8254195
2930,5,0.9959655
2931,1,1.0
2932,7,1.0
2933,7,0.9992149
2934,3,0.99999833
2935,7,1.0
2936,8,1.0
2937,4,0.9993431
2938,2,1.0
2939,5,0.9999968
2940,6,1.0
2941,1,0.9999999
2942,9,1.0
2943,7,1.0
2944,7,1.0
2945,7,1.0
2946,8,0.9982052
2947,9,0.99999917
2948,9,0.99999976
2949,7,0.99999833
2950,8,0.99999964
2951,9,0.9999995
2952,5,0.9999999
2953,7,0.72752637
2954,9,0.99958926
2955,5,1.0
2956,0,0.9999999
2957,7,1.0
2958,6,0.9999987
2959,1,1.0
2960,6,0.8968121
2961,5,1.0
2962,2,1.0
2963,7,1.0
2964,2,0.98498386
2965,5,0.9999995
2966,6,0.9999995
2967,9,0.99999964
2968,5,0.99999654
2969,8,0.99987483
2970,2,0.9999504
2971,2,1.0
2972,2,1.0
2973,9,1.0
2974,7,0.999998
2975,9,1.0
2976,5,1.0
2977,1,1.0
2978,1,0.9999995
2979,1,0.9999982
2980,4,1.0
2981,5,0.9999957
2982,6,1.0
2983,1,1.0
2984,7,1.0
2985,0,1.0
2986,7,1.0
2987,9,0.9999957
2988,2,1.0
2989,7,1.0
2990,2,0.9998443
2991,3,1.0
2992,1,1.0
2993,5,0.9999926
2994,7,0.99999976
2995,1,1.0
2996,5,0.99999917
2997,1,1.0
2998,6,1.0
2999,0,0.99999917
3000,2,0.99999857
3001,6,1.0
3002,9,0.9999995
3003,9,0.9999999
3004,7,0.9999223
3005,9,0.9999989
3006,8,0.9999937
3007,7,1.0
3008,7,1.0
3009,7,1.0
3010,5,1.0
3011,6,1.0
3012,2,1.0
3013,9,0.99996984
3014,8,0.9999703
3015,8,1.0
3016,4,0.9463026
3017,7,0.99999976
3018,3,1.0
3019,1,1.0
3020,3,0.99999964
3021,4,0.9999994
3022,8,0.99999845
3023,2,1.0
3024,0,1.0
3025,2,1.0
3026,6,1.0
3027,3,0.9966618
3028,1,1.0
3029,0,0.99999905
3030,9,0.99999976
3031,9,0.99972373
3032,1,1.0
3033,6,1.0
3034,8,1.0
3035,8,0.99999976
3036,6,0.99971277
3037,6,1.0
3038,2,0.98583984
3039,2,0.9907961
3040,6,0.99999976
3041,1,1.0
3042,6,1.0
3043,6,1.0
3044,2,1.0
3045,0,0.9999614
3046,6,1.0
3047,0,0.9999999
3048,8,0.99999595
3049,2,0.9998627
3050,2,1.0
3051,8,0.99994624
3052,6,1.0
3053,4,1.0
3054,8,0.99999833
3055,5,0.9999893
3056,0,1.0
3057,4,1.0
3058,0,0.99999475
3059,0,1.0
3060,9,0.9999999
3061,7,0.99999964
3062,9,1.0
3063,2,1.0
3064,9,0.9999999
3065,2,1.0
3066,8,0.9999999
3067,5,0.9999293
3068,3,1.0
3069,5,0.99999976
3070,8,0.99989426
3071,7,1.0
3072,9,0.999997
3073,5,1.0
3074,7,0.9999933
3075,3,1.0
3076,0,0.99999857
3077,2,0.99999416
3078,8,0.9999939
3079,0,0.9999883
3080,5,0.9999821
3081,9,0.9541219
3082,6,0.75413454
3083,9,0.99999666
3084,9,1.0
3085,3,0.99999976
3086,9,1.0
3087,2,1.0
3088,2,1.0
3089,3,0.9999999
3090,3,1.0
3091,7,1.0
3092,4,1.0
3093,5,0.99999976
3094,8,0.9999995
3095,5,1.0
3096,8,0.9999106
3097,6,1.0
3098,9,0.3857941
3099,3,0.9854172
3100,1,1.0
3101,2,1.0
3102,6,1.0
3103,8,0.999995
3104,5,0.9999908
3105,5,1.0
3106,2,1.0
3107,7,0.9999944
3108,4,0.99999845
3109,1,0.9999999
3110,9,0.9999814
3111,3,1.0
3112,6,1.0
3113,8,0.9999391
3114,8,0.999998
3115,2,1.0
3116,5,1.0
3117,8,0.9999999
3118,3,1.0
3119,9,1.0
3120,1,0.9999994
3121,6,1.0
3122,9,0.9999989
3123,6,0.9999988
3124,7,0.9999999
3125,5,0.99999976
3126,8,1.0
3127,1,0.99344313
3128,6,0.43118963
3129,8,0.9999931
3130,6,1.0
3131,7,1.0
3132,5,0.9999949
3133,1,0.99999976
3134,2,0.9915388
3135,8,0.999008
3136,9,1.0
3137,3,1.0
3138,8,0.9999956
3139,8,0.9999999
3140,3,1.0
3141,9,0.9998683
3142,4,0.9999999
3143,8,1.0
3144,7,0.99999976
3145,6,0.9999995
3146,9,0.9999881
3147,5,1.0
3148,3,1.0
3149,0,0.99999976
3150,9,0.9999989
3151,9,0.9999968
3152,6,0.9999999
3153,8,0.99999833
3154,7,0.99999976
3155,9,0.99999654
3156,1,1.0
3157,2,0.99988675
3158,3,1.0
3159,2,0.99999905
3160,1,1.0
3161,5,1.0
3162,2,1.0
3163,9,0.87396145
3164,4,1.0
3165,4,0.9999963
3166,4,0.99999845
3167,3,1.0
3168,0,1.0
3169,0,1.0
3170,3,0.99970454
3171,1,0.9999999
3172,3,0.99995923
3173,1,1.0
3174,1,0.9999999
3175,0,0.5585244
3176,5,0.99997795
3177,6,1.0
3178,2,0.9999987
3179,7,0.9999945
3180,6,0.99999976
3181,0,0.9999919
3182,4,0.99301434
3183,4,1.0
3184,7,1.0
3185,0,0.9998246
3186,7,0.9999999
3187,0,0.99999976
3188,8,1.0
3189,7,1.0
3190,1,1.0
3191,3,1.0
3192,7,0.9999994
3193,8,0.99999905
3194,9,1.0
3195,0,0.9999999
3196,9,0.9999994
3197,0,0.9999999
3198,0,1.0
3199,1,1.0
3200,8,0.999998
3201,8,1.0
3202,7,1.0
3203,4,0.9998035
3204,8,0.9999969
3205,3,0.9999994
3206,5,0.99999976
3207,9,0.99987316
3208,0,0.9999999
3209,3,1.0
3210,6,1.0
3211,3,1.0
3212,6,0.99999976
3213,5,0.9990262
3214,0,1.0
3215,4,0.9999989
3216,2,1.0
3217,6,0.9998016
3218,9,0.42449912
3219,3,1.0
3220,0,0.9999883
3221,9,0.9995648
3222,4,0.9999999
3223,5,1.0
3224,7,1.0
3225,7,1.0
3226,4,0.9999994
3227,2,1.0
3228,3,0.9999994
3229,9,1.0
3230,2,0.9919497
3231,8,0.99999785
3232,8,0.9949008
3233,0,1.0
3234,1,1.0
3235,9,0.9999999
3236,4,0.99999976
3237,2,1.0
3238,2,1.0
3239,1,1.0
3240,8,0.9999646
3241,2,1.0
3242,7,1.0
3243,3,1.0
3244,5,0.9999999
3245,1,0.999997
3246,3,0.9999728
3247,0,1.0
3248,2,0.99999976
3249,2,1.0
3250,1,1.0
3251,7,1.0
3252,9,0.999838
3253,1,0.9999554
3254,8,1.0
3255,7,0.50381786
3256,7,0.5512689
3257,6,0.95526075
3258,9,0.9997851
3259,7,0.9998294
3260,1,0.9999938
3261,8,1.0
3262,9,0.99954563
3263,9,0.99999976
3264,2,1.0
3265,0,0.9999999
3266,6,1.0
3267,1,1.0
3268,5,0.9999982
3269,2,1.0
3270,0,1.0
3271,9,1.0
3272,2,1.0
3273,5,0.9988213
3274,5,0.99999666
3275,3,1.0
3276,4,1.0
3277,0,1.0
3278,4,0.6903004
3279,0,1.0
3280,9,0.9884007
3281,4,0.99963903
3282,0,0.9999975
3283,4,0.9999963
3284,3,1.0
3285,7,0.99999833
3286,8,0.9999999
3287,0,0.99999714
3288,4,1.0
3289,0,0.8823418
3290,2,0.9999858
3291,4,0.9997757
3292,8,1.0
3293,2,0.99999976
3294,1,1.0
3295,5,0.99972266
3296,2,0.97627467
3297,5,0.9999956
3298,8,0.99999976
3299,5,0.9999999
3300,6,1.0
3301,1,1.0
3302,4,1.0
3303,8,1.0
3304,6,1.0
3305,2,0.9999895
3306,1,0.9999994
3307,3,1.0
3308,9,0.9999871
3309,8,0.87870085
3310,3,1.0
3311,7,1.0
3312,8,1.0
3313,7,0.9999987
3314,8,0.9999994
3315,2,0.998298
3316,1,1.0
3317,5,1.0
3318,6,1.0
3319,4,0.9999994
3320,7,1.0
3321,5,0.9998914
3322,5,0.99999964
3323,4,0.9999993
3324,0,0.9999999
3325,8,0.99887365
3326,1,1.0
3327,6,0.9999999
3328,0,0.99999595
3329,3,1.0
3330,3,1.0
3331,7,1.0
3332,8,1.0
3333,8,0.99999976
3334,4,0.99999976
3335,3,1.0
3336,4,0.99999964
3337,3,1.0
3338,2,1.0
3339,1,0.9999943
3340,7,1.0
3341,0,1.0
3342,9,0.9999999
3343,4,0.9999999
3344,2,0.9999944
3345,8,0.9999989
3346,6,1.0
3347,8,1.0
3348,5,0.9999715
3349,2,0.9999579
3350,8,0.9998337
3351,4,1.0
3352,8,1.0
3353,1,1.0
3354,4,0.99999976
3355,3,0.9999993
3356,7,0.9999994
3357,1,1.0
3358,2,1.0
3359,1,0.9998919
3360,5,0.9999999
3361,3,1.0
3362,6,0.88514477
3363,7,1.0
3364,2,0.99996924
3365,4,1.0
3366,7,1.0
3367,6,1.0
3368,3,0.99192566
3369,1,0.9999999
3370,2,0.99999976
3371,8,0.9999938
3372,6,0.9999517
3373,8,0.99999714
3374,7,0.9879844
3375,6,1.0
3376,2,1.0
3377,0,0.99999976
3378,1,1.0
3379,8,0.9999238
3380,0,1.0
3381,6,0.9999957
3382,3,1.0
3383,9,0.99999607
3384,7,1.0
3385,3,1.0
3386,1,1.0
3387,9,0.9994809
3388,4,0.9999968
3389,6,0.9995659
3390,9,0.9986444
3391,7,0.99999964
3392,1,0.6438747
3393,7,1.0
3394,8,1.0
3395,1,1.0
3396,3,0.97256607
3397,5,0.9999962
3398,1,0.9999957
3399,2,0.9999999
3400,4,0.7538836
3401,6,0.9997571
3402,6,0.99999964
3403,5,0.9998233
3404,0,0.9999989
3405,4,1.0
3406,5,0.9998387
3407,9,0.9999975
3408,6,1.0
3409,3,0.99888307
3410,9,0.99998903
3411,1,0.99995744
3412,2,0.99999464
3413,4,0.99999976
3414,1,1.0
3415,3,1.0
3416,4,0.9999963
3417,0,0.99979097
3418,1,1.0
3419,8,0.9999994
3420,0,1.0
3421,2,0.99999285
3422,9,0.99999857
3423,2,0.9999974
3424,7,1.0
3425,7,0.9999795
3426,9,1.0
3427,1,0.9999994
3428,4,0.9999999
3429,7,0.99999976
3430,3,1.0
3431,3,0.99951386
3432,9,0.9999999
3433,9,0.9999999
3434,1,1.0
3435,3,1.0
3436,7,1.0
3437,8,0.9999143
3438,4,0.99999976
3439,9,0.99992144
3440,7,1.0
3441,9,0.9999989
3442,7,0.99999845
3443,1,0.9999999
3444,5,0.95171446
3445,4,0.9999995
3446,0,0.999995
3447,0,1.0
3448,0,1.0
3449,5,0.9981798
3450,5,0.9999989
3451,8,0.9999988
3452,3,1.0
3453,0,1.0
3454,4,1.0
3455,1,1.0
3456,2,1.0
3457,8,1.0
3458,1,1.0
3459,0,1.0
3460,8,0.99999833
3461,8,1.0
3462,3,1.0
3463,4,1.0
3464,9,0.85380024
3465,9,0.99999845
3466,3,1.0
3467,2,1.0
3468,7,1.0
3469,2,0.9999981
3470,6,0.9999999
3471,8,0.99998367
3472,1,1.0
3473,0,0.9999931
3474,1,0.9999931
3475,8,0.99999726
3476,1,0.9999999
3477,3,1.0
3478,7,0.9999937
3479,4,0.9995216
3480,9,0.9999987
3481,9,0.97299194
3482,3,1.0
3483,5,1.0
3484,0,1.0
3485,3,1.0
3486,6,0.71235114
3487,4,0.99969363
3488,8,1.0
3489,6,1.0
3490,1,1.0
3491,5,0.8889996
3492,9,1.0
3493,6,0.99999857
3494,6,1.0
3495,6,1.0
3496,1,0.9999999
3497,9,0.9999553
3498,0,0.99999976
3499,3,1.0
3500,9,0.99999976
3501,8,1.0
3502,4,0.99999976
3503,6,0.9999995
3504,3,1.0
3505,6,1.0
3506,8,0.9999604
3507,9,0.9999993
3508,9,0.99997866
3509,5,0.9999591
3510,1,1.0
3511,8,0.9997942
3512,0,0.99864453
3513,2,1.0
3514,0,1.0
3515,8,0.9997303
3516,9,0.99999964
3517,5,0.99999845
3518,2,0.999716
3519,0,0.99999416
3520,1,1.0
3521,1,0.62949586
3522,9,0.87950355
3523,2,0.99999845
3524,8,1.0
3525,1,1.0
3526,8,1.0
3527,2,0.9999409
3528,3,0.63451195
3529,7,1.0
3530,9,0.9762481
3531,6,0.99999917
3532,7,0.9999604
3533,9,1.0
3534,5,0.99991345
3535,7,0.99999785
3536,4,1.0
3537,6,1.0
3538,4,1.0
3539,9,0.9999999
3540,6,1.0
3541,0,1.0
3542,0,1.0
3543,4,0.9999348
3544,3,1.0
3545,5,1.0
3546,7,0.9999999
3547,1,1.0
3548,7,0.9528805
3549,1,1.0
3550,9,0.99999917
3551,2,1.0
3552,1,1.0
3553,3,0.9999378
3554,1,1.0
3555,9,0.9999999
3556,1,1.0
3557,8,0.9999999
3558,5,0.9999999
3559,8,1.0
3560,7,1.0
3561,9,0.9999865
3562,3,1.0
3563,2,0.99999094
3564,3,1.0
3565,6,0.999997
3566,1,0.99999976
3567,7,1.0
3568,5,0.9999956
3569,2,0.9963148
3570,2,0.999974
3571,6,1.0
3572,3,1.0
3573,7,0.99999964
3574,0,1.0
3575,5,1.0
3576,6,0.98220694
3577,7,0.9999938
3578,9,0.9999994
3579,6,1.0
3580,8,0.9999949
3581,6,0.99999595
3582,0,0.99999845
3583,9,0.99999905
3584,5,0.9999969
3585,9,0.9999846
3586,4,0.9986212
3587,1,1.0
3588,9,0.99999905
3589,5,1.0
3590,0,0.9999827
3591,7,1.0
3592,6,1.0
3593,2,1.0
3594,5,0.99997306
3595,5,0.99999905
3596,6,1.0
3597,6,0.99999774
3598,0,1.0
3599,4,0.9999856
3600,3,1.0
3601,8,0.99988747
3602,4,1.0
3603,3,0.9999999
3604,5,0.9871302
3605,0,0.99999917
3606,2,0.9999994
3607,6,1.0
3608,5,0.98137325
3609,0,0.99999964
3610,2,0.9995813
3611,6,1.0
3612,0,0.9998036
3613,6,1.0
3614,0,1.0
3615,5,1.0
3616,3,1.0
3617,6,1.0
3618,1,1.0
3619,9,0.9999999
3620,3,1.0
3621,8,0.9999995
3622,4,1.0
3623,3,0.55800754
3624,3,0.99999666
3625,2,0.9999993
3626,5,0.9986291
3627,4,1.0
3628,4,0.9999703
3629,0,0.99982053
3630,6,0.99969053
3631,1,0.9999975
3632,2,1.0
3633,0,0.99999964
3634,3,0.9999994
3635,5,1.0
3636,5,0.99999976
3637,0,1.0
3638,4,1.0
3639,1,1.0
3640,1,1.0
3641,3,1.0
3642,3,1.0
3643,9,1.0
3644,3,1.0
3645,3,0.99999976
3646,6,1.0
3647,4,0.9999769
3648,9,0.9998827
3649,0,1.0
3650,6,1.0
3651,9,0.99999905
3652,7,1.0
3653,9,1.0
3654,8,1.0
3655,5,0.99939144
3656,7,1.0
3657,9,0.9999995
3658,1,0.9997261
3659,4,1.0
3660,6,1.0
3661,8,0.9999367
3662,6,0.99990547
3663,8,1.0
3664,4,1.0
3665,9,0.9999757
3666,7,1.0
3667,1,0.99992037
3668,6,1.0
3669,8,1.0
3670,6,1.0
3671,7,0.99971086
3672,9,0.99998283
3673,4,1.0
3674,2,0.9999939
3675,0,0.98752624
3676,9,0.9999875
3677,7,0.6990164
3678,9,0.9966055
3679,1,1.0
3680,6,0.9990466
3681,6,1.0
3682,8,1.0
3683,0,1.0
3684,6,0.9992229
3685,3,0.9999999
3686,7,0.99982953
3687,7,0.9999999
3688,6,1.0
3689,7,0.9999999
3690,0,0.99989545
3691,1,0.99999976
3692,6,1.0
3693,5,1.0
3694,4,1.0
3695,5,0.9999999
3696,6,1.0
3697,2,0.9999976
3698,5,0.7588616
3699,3,0.9999999
3700,9,0.9999825
3701,5,0.82307696
3702,1,0.99997604
3703,3,1.0
3704,9,0.9999157
3705,6,1.0
3706,9,1.0
3707,7,0.99574274
3708,0,0.9951632
3709,6,1.0
3710,2,0.9999924
3711,7,1.0
3712,6,1.0
3713,0,0.5655502
3714,0,0.9999958
3715,3,0.99999964
3716,8,0.99945396
3717,1,0.9999963
3718,2,1.0
3719,9,0.9999534
3720,3,1.0
3721,0,0.99999547
3722,8,0.9993268
3723,1,0.999998
3724,3,0.9719499
3725,9,0.9999999
3726,8,0.99983156
3727,6,0.9999999
3728,5,1.0
3729,1,0.99999976
3730,3,1.0
3731,6,1.0
3732,7,1.0
3733,1,0.9999883
3734,3,0.9061951
3735,1,1.0
3736,8,0.9994035
3737,1,0.99997926
3738,7,1.0
3739,3,1.0
3740,7,1.0
3741,7,0.58230877
3742,5,1.0
3743,2,0.99999917
3744,4,1.0
3745,9,1.0
3746,6,0.9999869
3747,8,0.9999951
3748,6,1.0
3749,6,1.0
3750,0,1.0
3751,8,1.0
3752,1,1.0
3753,7,1.0
3754,7,1.0
3755,1,1.0
3756,9,0.9999994
3757,0,0.99992263
3758,1,1.0
3759,4,1.0
3760,9,0.9999993
3761,1,0.9999908
3762,7,1.0
3763,3,0.99979836
3764,1,1.0
3765,6,0.9992387
3766,2,0.9999987
3767,2,1.0
3768,7,0.9999989
3769,2,0.99999905
3770,4,1.0
3771,1,1.0
3772,5,0.99999976
3773,6,0.99999034
3774,1,1.0
3775,3,0.99339783
3776,3,1.0
3777,2,1.0
3778,2,0.9999949
3779,9,1.0
3780,1,1.0
3781,7,0.9750562
3782,4,1.0
3783,8,0.9999931
3784,5,0.93190646
3785,5,1.0
3786,6,1.0
3787,3,1.0
3788,8,1.0
3789,1,0.9999993
3790,3,0.9999999
3791,9,0.99995565
3792,5,0.9991912
3793,6,1.0
3794,7,0.9999999
3795,5,0.99998784
3796,3,1.0
3797,3,1.0
3798,7,1.0
3799,7,0.9987406
3800,1,0.9999975
3801,8,1.0
3802,0,1.0
3803,6,1.0
3804,8,0.9936692
3805,9,0.9999993
3806,3,1.0
3807,3,1.0
3808,6,1.0
3809,8,0.8416263
3810,2,0.99999964
3811,0,0.9999212
3812,1,0.99999976
3813,0,0.99995434
3814,1,1.0
3815,1,1.0
3816,3,1.0
3817,2,0.9201434
3818,2,0.99997914
3819,9,0.9999969
3820,0,1.0
3821,3,0.99999976
3822,8,1.0
3823,8,0.998613
3824,0,1.0
3825,5,0.99981827
3826,9,0.9998702
3827,8,0.9990808
3828,3,1.0
3829,3,1.0
3830,1,1.0
3831,3,0.99486476
3832,6,1.0
3833,5,0.99314994
3834,2,1.0
3835,7,0.9999999
3836,7,0.99998915
3837,9,0.9999999
3838,8,0.9999887
3839,5,0.9999993
3840,7,0.9999987
3841,1,0.999995
3842,7,0.99999976
3843,4,0.8748493
3844,3,1.0
3845,9,0.9772685
3846,4,1.0
3847,4,1.0
3848,3,1.0
3849,2,1.0
3850,0,1.0
3851,0,0.9999963
3852,0,0.9982121
3853,3,1.0
3854,1,1.0
3855,1,0.9999999
3856,4,0.9999993
3857,3,1.0
3858,4,0.97649604
3859,2,0.99998224
3860,2,1.0
3861,2,0.92638236
3862,8,1.0
3863,4,1.0
3864,7,0.9998659
3865,4,0.99999976
3866,0,0.5149365
3867,4,0.99999964
3868,9,0.9999883
3869,1,1.0
3870,0,0.9999999
3871,7,0.99985623
3872,1,0.9999994
3873,2,1.0
3874,1,0.9999999
3875,6,1.0
3876,2,1.0
3877,4,1.0
3878,0,1.0
3879,4,0.99999917
3880,6,1.0
3881,0,0.9999999
3882,5,1.0
3883,1,0.9999999
3884,4,1.0
3885,1,0.5860482
3886,6,0.9999999
3887,2,1.0
3888,9,0.9999943
3889,7,1.0
3890,3,1.0
3891,4,0.9999689
3892,3,1.0
3893,9,0.99943644
3894,0,1.0
3895,1,1.0
3896,4,0.9999999
3897,8,1.0
3898,6,0.9999949
3899,2,0.99998593
3900,1,0.9809605
3901,1,1.0
3902,7,1.0
3903,3,0.99688125
3904,2,0.9999683
3905,9,0.9999697
3906,2,1.0
3907,2,0.99999976
3908,5,1.0
3909,2,1.0
3910,1,1.0
3911,0,0.99999964
3912,2,0.9999999
3913,5,0.9999999
3914,0,1.0
3915,0,1.0
3916,0,1.0
3917,4,0.8590061
3918,2,0.9999466
3919,7,1.0
3920,3,1.0
3921,0,0.9999993
3922,2,1.0
3923,1,1.0
3924,9,0.9999993
3925,0,1.0
3926,8,1.0
3927,5,1.0
3928,3,1.0
3929,8,1.0
3930,2,0.9999999
3931,2,0.9999981
3932,0,1.0
3933,2,0.9999895
3934,7,1.0
3935,0,0.81281275
3936,4,0.9999995
3937,0,0.999979
3938,3,1.0
3939,0,0.9999975
3940,2,1.0
3941,2,1.0
3942,8,1.0
3943,0,0.99999917
3944,9,0.99999905
3945,2,1.0
3946,3,1.0
3947,0,0.9999993
3948,2,1.0
3949,4,0.9999902
3950,8,0.99761367
3951,7,1.0
3952,1,0.9999999
3953,4,1.0
3954,2,1.0
3955,2,1.0
3956,1,0.99999833
3957,6,0.99998105
3958,7,0.9999999
3959,6,1.0
3960,6,0.9187753
3961,3,0.99999964
3962,3,1.0
3963,6,0.9999981
3964,7,0.9999999
3965,3,0.99999964
3966,9,0.9999994
3967,1,1.0
3968,2,1.0
3969,8,0.9995739
3970,5,0.9999999
3971,0,1.0
3972,1,1.0
3973,0,1.0
3974,9,0.99999964
3975,7,0.9999721
3976,9,0.99999964
3977,0,0.99961627
3978,8,1.0
3979,5,1.0
3980,1,0.99999976
3981,4,0.9999913
3982,7,0.99999547
3983,6,1.0
3984,4,1.0
3985,8,1.0
3986,1,1.0
3987,2,0.9999938
3988,2,0.99999917
3989,6,0.9999858
3990,4,1.0
3991,2,1.0
3992,9,0.9999753
3993,8,1.0
3994,2,0.9999627
3995,6,0.9999994
3996,5,1.0
3997,8,1.0
3998,3,1.0
3999,1,1.0
4000,7,1.0
4001,4,1.0
4002,6,1.0
4003,0,0.9999782
4004,1,0.99999976
4005,3,1.0
4006,8,1.0
4007,1,0.9999999
4008,4,0.99861145
4009,0,0.99998546
4010,8,0.9999621
4011,6,1.0
4012,6,0.99995863
4013,1,0.99999857
4014,6,1.0
4015,2,0.9999999
4016,3,1.0
4017,9,0.99999774
4018,1,1.0
4019,5,0.9475423
4020,6,1.0
4021,6,1.0
4022,1,1.0
4023,4,0.9999999
4024,0,1.0
4025,3,1.0
4026,6,0.9999999
4027,0,0.99987173
4028,5,0.99953043
4029,6,1.0
4030,8,0.99999964
4031,9,0.9999999
4032,4,1.0
4033,7,1.0
4034,7,0.9999889
4035,7,1.0
4036,8,1.0
4037,8,0.99999845
4038,7,1.0
4039,5,0.9999999
4040,2,0.99999547
4041,7,1.0
4042,8,1.0
4043,1,0.99999976
4044,1,1.0
4045,9,0.99881977
4046,5,0.9999794
4047,4,0.99999964
4048,1,0.99999976
4049,0,1.0
4050,1,1.0
4051,3,1.0
4052,2,0.99999917
4053,3,1.0
4054,6,1.0
4055,3,0.9999999
4056,3,1.0
4057,8,0.99993026
4058,2,1.0
4059,7,1.0
4060,1,1.0
4061,7,1.0
4062,7,1.0
4063,0,0.99997747
4064,0,1.0
4065,3,0.9998375
4066,0,1.0
4067,0,1.0
4068,2,1.0
4069,0,0.99999106
4070,0,1.0
4071,7,0.99999976
4072,1,1.0
4073,7,0.999848
4074,8,0.9999999
4075,6,1.0
4076,6,0.9995468
4077,7,1.0
4078,1,0.9999994
4079,6,0.99974054
4080,6,1.0
4081,2,0.95113957
4082,4,1.0
4083,9,0.9999995
4084,1,1.0
4085,3,1.0
4086,4,0.9999993
4087,0,0.997834
4088,4,0.9999975
4089,9,0.99999976
4090,2,1.0
4091,8,0.9301245
4092,6,0.99999917
4093,2,0.99999905
4094,7,1.0
4095,4,1.0
4096,7,1.0
4097,5,0.9999448
4098,0,0.9999795
4099,3,1.0
4100,7,1.0
4101,5,1.0
4102,6,0.99999976
4103,6,1.0
4104,9,0.99999785
4105,0,0.9999994
4106,3,1.0
4107,5,0.98751485
4108,2,0.99882764
4109,8,0.99999964
4110,9,0.9999999
4111,8,0.9999982
4112,2,0.99999785
4113,2,0.99998975
4114,9,0.99999535
4115,7,1.0
4116,1,0.9999964
4117,7,1.0
4118,7,1.0
4119,2,1.0
4120,7,1.0
4121,3,1.0
4122,2,0.99999535
4123,2,0.99999774
4124,8,0.9995185
4125,4,0.9999573
4126,0,0.99999917
4127,2,0.9999999
4128,2,1.0
4129,8,0.9992506
4130,1,1.0
4131,1,0.99999976
4132,2,0.9999999
4133,2,0.99999607
4134,2,1.0
4135,3,0.99999964
4136,0,0.99998164
4137,1,1.0
4138,6,0.9999999
4139,3,1.0
4140,9,1.0
4141,4,1.0
4142,3,1.0
4143,9,0.99999964
4144,7,0.99999976
4145,9,0.9867584
4146,0,1.0
4147,7,1.0
4148,3,1.0
4149,5,0.9999993
4150,2,1.0
4151,3,1.0
4152,0,0.99999964
4153,1,1.0
4154,9,0.9999989
4155,9,0.99998605
4156,7,0.9996878
4157,9,0.9984003
4158,2,1.0
4159,7,0.999964
4160,4,1.0
4161,7,0.99999976
4162,0,0.9883659
4163,6,1.0
4164,5,1.0
4165,1,1.0
4166,9,0.9999999
4167,5,1.0
4168,2,0.9998559
4169,7,1.0
4170,2,1.0
4171,2,0.9999777
4172,5,0.9999982
4173,6,1.0
4174,8,0.9971426
4175,5,0.999987
4176,8,1.0
4177,2,1.0
4178,3,1.0
4179,3,1.0
4180,1,0.9999999
4181,4,0.9999999
4182,7,1.0
4183,3,0.9999999
4184,8,0.9999852
4185,4,1.0
4186,5,0.99987173
4187,7,1.0
4188,4,0.9987525
4189,1,1.0
4190,9,1.0
4191,0,1.0
4192,4,1.0
4193,8,0.9998467
4194,0,0.99999785
4195,6,1.0
4196,5,0.99999154
4197,6,0.9999989
4198,5,1.0
4199,2,0.9999999
4200,0,0.99999976
4201,3,1.0
4202,3,1.0
4203,1,1.0
4204,6,0.9993309
4205,1,1.0
4206,4,1.0
4207,1,1.0
4208,1,1.0
4209,1,0.9999999
4210,1,1.0
4211,3,0.9999956
4212,9,0.9944906
4213,1,1.0
4214,0,0.9999999
4215,4,1.0
4216,2,0.99996376
4217,9,0.9999968
4218,3,0.99989915
4219,5,0.99998116
4220,9,0.9999993
4221,5,0.99978405
4222,5,1.0
4223,2,0.99999774
4224,5,0.9980751
4225,0,0.9999685
4226,8,1.0
4227,0,0.99998355
4228,4,1.0
4229,2,1.0
4230,4,0.9999188
4231,3,0.9999995
4232,8,0.9919159
4233,7,0.9999918
4234,9,0.99999917
4235,4,0.9999999
4236,0,1.0
4237,1,1.0
4238,4,0.99997354
4239,9,1.0
4240,1,0.5928028
4241,4,0.99999857
4242,3,0.9999958
4243,2,1.0
4244,0,0.9999999
4245,8,1.0
4246,4,1.0
4247,1,1.0
4248,0,0.9999988
4249,9,0.99999833
4250,3,1.0
4251,2,0.95530415
4252,4,0.9998957
4253,6,0.99998546
4254,9,1.0
4255,0,0.99999857
4256,6,1.0
4257,1,0.99999976
4258,1,1.0
4259,7,0.9999995
4260,4,1.0
4261,7,0.9999914
4262,8,0.9999999
4263,7,1.0
4264,5,0.98633945
4265,7,0.99999976
4266,0,0.9999999
4267,1,0.9999999
4268,8,1.0
4269,4,0.9999999
4270,2,1.0
4271,5,1.0
4272,4,1.0
4273,8,1.0
4274,9,0.99999726
4275,1,0.99999845
4276,8,0.70929956
4277,2,1.0
4278,8,0.71560085
4279,7,1.0
4280,9,0.5597461
4281,4,0.999453
4282,4,1.0
4283,7,1.0
4284,6,0.99999774
4285,9,0.9999653
4286,4,1.0
4287,1,1.0
4288,7,0.9999778
4289,8,0.99999917
4290,8,0.99999964
4291,3,1.0
4292,4,0.99997985
4293,2,0.999997
4294,4,0.99999917
4295,1,0.9940408
4296,8,1.0
4297,7,0.9999999
4298,8,1.0
4299,7,0.99999547
4300,4,0.9999814
4301,9,0.99999857
4302,4,1.0
4303,7,0.9999995
4304,3,1.0
4305,6,0.9999957
4306,9,1.0
4307,1,1.0
4308,5,0.9999943
4309,1,1.0
4310,0,1.0
4311,1,0.99999905
4312,8,1.0
4313,1,1.0
4314,6,1.0
4315,4,0.85110176
4316,3,1.0
4317,3,1.0
4318,6,0.9999976
4319,5,0.9971385
4320,5,1.0
4321,8,0.9999888
4322,1,1.0
4323,9,0.9997981
4324,2,1.0
4325,3,1.0
4326,7,1.0
4327,9,0.99999976
4328,9,0.99946004
4329,2,1.0
4330,9,0.99999785
4331,8,1.0
4332,3,0.99999654
4333,4,0.9999993
4334,5,0.99999917
4335,1,0.9999993
4336,4,0.99961734
4337,9,0.99999964
4338,6,1.0
4339,1,1.0
4340,3,1.0
4341,5,0.9995055
4342,6,0.3563986
4343,9,0.9999993
4344,6,0.9999883
4345,5,0.99999976
4346,3,1.0
4347,5,0.99999917
4348,4,0.9999901
4349,5,0.99823976
4350,0,1.0
4351,2,1.0
4352,6,1.0
4353,8,0.99999833
4354,9,1.0
4355,9,0.9999999
4356,9,0.99855703
4357,6,0.999691
4358,6,0.9999999
4359,7,1.0
4360,5,0.9987049
4361,8,1.0
4362,2,1.0
4363,0,0.9999975
4364,9,1.0
4365,5,0.9999732
4366,0,0.99999845
4367,1,1.0
4368,9,0.99987185
4369,7,1.0
4370,2,0.9999653
4371,3,0.9999988
4372,3,1.0
4373,0,1.0
4374,4,0.99999976
4375,9,0.9965598
4376,3,1.0
4377,1,0.9996898
4378,3,1.0
4379,9,1.0
4380,0,0.9999995
4381,3,0.98763716
4382,8,0.9999081
4383,4,1.0
4384,9,0.9999999
4385,4,1.0
4386,6,1.0
4387,8,0.9999918
4388,9,0.9999969
4389,6,1.0
4390,9,0.998231
4391,0,0.992663
4392,8,0.99999976
4393,6,1.0
4394,5,0.99897075
4395,0,0.9999826
4396,4,0.9999957
4397,8,1.0
4398,6,1.0
4399,0,1.0
4400,0,0.99999964
4401,9,1.0
4402,1,0.99998796
4403,4,1.0
4404,2,1.0
4405,5,0.9998815
4406,6,1.0
4407,3,1.0
4408,8,1.0
4409,8,0.9990483
4410,8,1.0
4411,8,0.99993455
4412,2,0.99999607
4413,4,0.99999845
4414,2,1.0
4415,7,1.0
4416,6,1.0
4417,4,1.0
4418,7,1.0
4419,8,0.99999976
4420,6,1.0
4421,9,0.9999995
4422,8,0.99999917
4423,6,1.0
4424,3,0.85904115
4425,5,0.99912196
4426,4,1.0
4427,3,1.0
4428,9,0.99993634
4429,9,0.9999993
4430,3,0.9999995
4431,0,0.9999989
4432,8,1.0
4433,2,1.0
4434,9,1.0
4435,1,1.0
4436,6,0.99999964
4437,9,0.9999286
4438,1,1.0
4439,0,0.99995494
4440,1,1.0
4441,8,0.99994826
4442,7,1.0
4443,6,0.9999999
4444,5,0.99999905
4445,5,0.9999956
4446,4,0.9999956
4447,1,1.0
4448,7,1.0
4449,3,0.96565217
4450,9,0.9999995
4451,1,0.9999993
4452,1,1.0
4453,2,0.9999995
4454,3,1.0
4455,9,0.9994407
4456,0,0.99999845
4457,7,1.0
4458,2,1.0
4459,2,0.9999906
4460,4,0.99999976
4461,1,1.0
4462,7,1.0
4463,7,1.0
4464,7,0.9999993
4465,8,1.0
4466,3,1.0
4467,5,0.99897885
4468,1,0.9999976
4469,6,0.99999034
4470,2,1.0
4471,1,1.0
4472,0,0.9999999
4473,8,0.9999999
4474,7,1.0
4475,2,0.99992263
4476,5,0.9999474
4477,1,0.9999995
4478,1,1.0
4479,8,0.9999999
4480,6,1.0
4481,9,0.9912847
4482,6,1.0
4483,6,1.0
4484,9,0.9989932
4485,8,0.9965661
4486,1,1.0
4487,7,1.0
4488,4,1.0
4489,9,0.9912917
4490,8,0.889851
4491,6,0.9999728
4492,7,1.0
4493,8,0.99999416
4494,0,0.99999917
4495,7,1.0
4496,6,1.0
4497,1,0.9999999
4498,6,0.9995443
4499,8,0.99770457
4500,1,1.0
4501,3,1.0
4502,9,1.0
4503,0,0.99980205
4504,7,0.9999869
4505,5,0.9999938
4506,3,1.0
4507,2,0.9999999
4508,7,0.9999862
4509,0,1.0
4510,8,0.76724094
4511,1,1.0
4512,4,1.0
4513,0,1.0
4514,8,0.99332124
4515,7,0.9999999
4516,0,0.9999491
4517,6,1.0
4518,5,1.0
4519,1,0.99998415
4520,7,1.0
4521,0,1.0
4522,1,0.99999404
4523,6,0.99675035
4524,6,1.0
4525,1,0.9999999
4526,4,0.99999917
4527,8,1.0
4528,6,1.0
4529,8,1.0
4530,9,0.9989611
4531,5,0.99926776
4532,1,0.9999988
4533,0,0.99999905
4534,2,0.99905485
4535,2,1.0
4536,0,0.9998574
4537,7,0.99999976
4538,8,0.9999473
4539,3,0.99999964
4540,5,1.0
4541,1,1.0
4542,8,0.9999201
4543,3,1.0
4544,7,0.9999217
4545,6,1.0
4546,9,0.99999857
4547,8,1.0
4548,4,0.99999726
4549,9,1.0
4550,1,1.0
4551,0,1.0
4552,3,1.0
4553,3,1.0
4554,5,1.0
4555,9,0.999858
4556,2,1.0
4557,7,0.999997
4558,6,1.0
4559,3,1.0
4560,3,1.0
4561,8,0.9999999
4562,0,0.9999981
4563,0,0.99998736
4564,9,0.99998236
4565,7,0.9999963
4566,5,1.0
4567,5,1.0
4568,0,1.0
4569,3,1.0
4570,0,0.9991679
4571,7,1.0
4572,2,1.0
4573,1,1.0
4574,0,1.0
4575,7,0.9999976
4576,1,1.0
4577,5,1.0
4578,7,1.0
4579,0,0.99999976
4580,2,1.0
4581,5,0.9997451
4582,4,0.9999999
4583,2,1.0
4584,6,0.96638083
4585,1,1.0
4586,3,0.9999999
4587,1,0.9998914
4588,1,1.0
4589,3,1.0
4590,6,1.0
4591,6,1.0
4592,8,0.99999356
4593,4,0.99999964
4594,2,0.99999976
4595,3,0.9999999
4596,0,0.9999974
4597,1,1.0
4598,4,1.0
4599,4,1.0
4600,1,1.0
4601,8,0.9999802
4602,8,0.99999976
4603,9,0.8807321
4604,7,1.0
4605,6,1.0
4606,2,0.9999993
4607,5,1.0
4608,1,1.0
4609,9,0.99999774
4610,7,0.8658754
4611,5,0.99185795
4612,9,1.0
4613,1,1.0
4614,4,1.0
4615,3,0.9999999
4616,9,0.9999995
4617,4,1.0
4618,6,0.95012844
4619,9,1.0
4620,8,0.99999964
4621,5,0.99999976
4622,0,0.99996924
4623,8,0.99999964
4624,4,0.99153215
4625,7,1.0
4626,0,0.9963419
4627,0,1.0
4628,8,0.9999999
4629,0,0.99999917
4630,4,0.9996958
4631,7,0.99999964
4632,0,1.0
4633,2,1.0
4634,2,1.0
4635,7,1.0
4636,9,1.0
4637,6,0.99999666
4638,9,1.0
4639,5,0.9991393
4640,6,1.0
4641,1,0.9999976
4642,1,0.99999905
4643,1,0.9999647
4644,4,0.9999738
4645,8,0.9999994
4646,7,1.0
4647,9,0.99966586
4648,6,0.99999976
4649,2,1.0
4650,2,0.9999981
4651,2,1.0
4652,8,0.99999857
4653,5,1.0
4654,7,1.0
4655,1,1.0
4656,1,1.0
4657,1,1.0
4658,2,1.0
4659,9,0.9999896
4660,1,1.0
4661,8,0.9998996
4662,1,0.99999857
4663,9,0.9992434
4664,2,0.99999833
4665,1,0.99999833
4666,0,0.99999964
4667,6,0.9982535
4668,4,0.99999964
4669,7,1.0
4670,6,1.0
4671,5,0.9999999
4672,9,0.8598306
4673,1,1.0
4674,2,1.0
4675,8,0.99999654
4676,8,0.99999976
4677,4,0.9999999
4678,4,0.9999999
4679,3,0.99999976
4680,7,0.9999975
4681,1,0.9964813
4682,7,0.98938084
4683,9,0.9999926
4684,2,1.0
4685,8,0.99650145
4686,8,0.9999994
4687,6,1.0
4688,1,0.9999999
4689,3,0.99989355
4690,4,0.99999976
4691,5,0.9999999
4692,6,1.0
4693,8,0.99342644
4694,7,1.0
4695,0,0.99981755
4696,0,0.99980956
4697,1,1.0
4698,5,1.0
4699,4,1.0
4700,5,0.9999492
4701,5,0.99999976
4702,7,0.9999957
4703,3,1.0
4704,2,0.9999951
4705,0,1.0
4706,9,0.999984
4707,9,0.9999999
4708,4,0.9999999
4709,9,0.99999833
4710,5,0.9999906
4711,0,1.0
4712,3,1.0
4713,6,1.0
4714,3,1.0
4715,3,1.0
4716,1,0.9999995
4717,7,0.9999999
4718,4,1.0
4719,0,1.0
4720,0,0.999977
4721,2,1.0
4722,7,1.0
4723,7,1.0
4724,1,0.9480474
4725,8,0.9999875
4726,7,1.0
4727,4,1.0
4728,5,0.9999999
4729,0,0.9999956
4730,1,1.0
4731,9,1.0
4732,7,0.9999988
4733,4,0.9999999
4734,5,1.0
4735,0,1.0
4736,9,0.9999254
4737,8,0.99999464
4738,6,1.0
4739,3,1.0
4740,3,1.0
4741,1,1.0
4742,6,1.0
4743,8,0.9999963
4744,8,0.9975103
4745,0,0.9999999
4746,9,1.0
4747,9,0.9999999
4748,1,1.0
4749,1,0.82898396
4750,3,1.0
4751,7,0.9999999
4752,4,0.99474514
4753,0,1.0
4754,3,1.0
4755,0,0.99999857
4756,4,0.99999714
4757,9,1.0
4758,9,1.0
4759,9,0.8284516
4760,8,1.0
4761,0,1.0
4762,9,1.0
4763,0,1.0
4764,1,1.0
4765,6,1.0
4766,0,0.8439905
4767,2,0.99988043
4768,0,0.9995271
4769,2,1.0
4770,5,0.9998839
4771,7,0.9999999
4772,0,1.0
4773,6,1.0
4774,9,0.9999994
4775,8,0.5981683
4776,2,0.99998343
4777,2,1.0
4778,5,0.9999999
4779,3,1.0
4780,6,1.0
4781,4,0.9994167
4782,3,1.0
4783,2,1.0
4784,5,1.0
4785,9,0.9999856
4786,3,1.0
4787,5,0.9999957
4788,2,1.0
4789,9,0.99993503
4790,5,1.0
4791,4,1.0
4792,1,1.0
4793,7,1.0
4794,2,1.0
4795,5,0.99999726
4796,3,0.9945627
4797,9,0.99999714
4798,7,0.99772817
4799,2,1.0
4800,4,0.9999958
4801,0,0.9999999
4802,8,0.9999697
4803,1,0.81825787
4804,9,0.9974039
4805,7,1.0
4806,8,0.9999988
4807,4,0.84458905
4808,6,1.0
4809,6,0.9775213
4810,3,1.0
4811,2,0.99999344
4812,6,0.9999995
4813,7,1.0
4814,0,1.0
4815,6,1.0
4816,0,0.99999785
4817,2,1.0
4818,2,0.9999994
4819,3,0.9999999
4820,0,0.9999975
4821,0,0.99358577
4822,3,1.0
4823,3,0.9999968
4824,4,0.9999999
4825,1,0.61122125
4826,1,1.0
4827,4,0.9999995
4828,3,1.0
4829,3,1.0
4830,0,0.9999975
4831,0,0.99999964
4832,3,1.0
4833,2,1.0
4834,4,0.9999981
4835,1,1.0
4836,5,1.0
4837,9,0.99999976
4838,2,1.0
4839,4,1.0
4840,9,0.99246794
4841,5,0.99995494
4842,8,0.9999763
4843,9,0.99536186
4844,9,0.99999774
4845,9,1.0
4846,1,1.0
4847,8,0.9937862
4848,0,1.0
4849,0,0.9997136
4850,9,0.99999523
4851,0,0.99999845
4852,8,1.0
4853,2,0.8134712
4854,0,1.0
4855,9,0.9999832
4856,8,0.9999993
4857,6,0.9999963
4858,2,1.0
4859,3,0.9999964
4860,2,0.99972993
4861,0,0.99988425
4862,6,1.0
4863,3,1.0
4864,8,0.9999906
4865,1,1.0
4866,9,1.0
4867,2,1.0
4868,0,0.9999988
4869,4,0.9998361
4870,2,0.99999976
4871,8,1.0
4872,9,0.9999987
4873,4,1.0
4874,3,0.99999976
4875,6,1.0
4876,0,1.0
4877,2,0.9999999
4878,0,1.0
4879,4,0.96254176
4880,5,0.9995515
4881,3,1.0
4882,4,1.0
4883,1,0.9999535
4884,2,0.9999993
4885,2,1.0
4886,4,0.99999595
4887,9,0.9999788
4888,4,1.0
4889,3,1.0
4890,2,0.9999999
4891,1,1.0
4892,9,1.0
4893,1,0.99999964
4894,6,1.0
4895,1,1.0
4896,0,0.99933404
4897,3,1.0
4898,4,0.9999999
4899,0,1.0
4900,1,0.99999905
4901,9,1.0
4902,4,1.0
4903,0,0.999876
4904,0,0.9999999
4905,4,0.9999999
4906,8,1.0
4907,1,0.99999845
4908,9,0.9999982
4909,2,0.9988223
4910,3,0.9965062
4911,3,1.0
4912,4,0.999992
4913,3,1.0
4914,7,1.0
4915,0,0.99999166
4916,7,0.99999976
4917,9,0.99999964
4918,7,0.9999982
4919,2,0.62565565
4920,5,1.0
4921,9,0.9999999
4922,7,1.0
4923,7,0.99999976
4924,0,1.0
4925,4,0.9999989
4926,2,0.9999398
4927,2,0.999998
4928,7,0.9410219
4929,8,1.0
4930,5,0.99999905
4931,0,1.0
4932,4,1.0
4933,9,0.9999999
4934,8,0.9999988
4935,8,1.0
4936,2,0.99999976
4937,4,1.0
4938,1,0.9994468
4939,4,0.9999995
4940,1,0.9999999
4941,4,1.0
4942,1,1.0
4943,0,0.9999974
4944,9,1.0
4945,9,0.9999887
4946,5,0.99999917
4947,6,0.9999678
4948,4,1.0
4949,9,1.0
4950,1,0.6256516
4951,2,1.0
4952,6,1.0
4953,0,1.0
4954,3,1.0
4955,0,1.0
4956,2,0.99999964
4957,3,0.99999964
4958,0,0.9999999
4959,4,0.99999833
4960,0,1.0
4961,1,0.9999999
4962,0,1.0
4963,8,0.99927634
4964,4,1.0
4965,9,0.9999994
4966,3,0.9999273
4967,7,0.9999311
4968,1,1.0
4969,4,1.0
4970,1,1.0
4971,7,1.0
4972,6,1.0
4973,0,1.0
4974,7,1.0
4975,7,0.9999994
4976,1,0.99999976
4977,5,1.0
4978,0,0.9999964
4979,3,1.0
4980,6,1.0
4981,0,0.9999938
4982,2,1.0
4983,8,1.0
4984,8,0.9993591
4985,8,0.9999999
4986,5,1.0
4987,7,0.999998
4988,7,0.99999976
4989,2,1.0
4990,9,0.99989593
4991,6,1.0
4992,7,1.0
4993,8,0.9999931
4994,8,0.79152566
4995,8,0.68804026
4996,7,1.0
4997,3,1.0
4998,1,1.0
4999,7,1.0
5000,3,1.0
5001,1,0.9999995
5002,8,1.0
5003,0,0.9999949
5004,1,1.0
5005,0,0.9999949
5006,4,1.0
5007,3,1.0
5008,7,0.9994855
5009,2,0.59853023
5010,9,1.0
5011,7,0.9999994
5012,9,0.99999976
5013,3,1.0
5014,6,1.0
5015,2,0.9999728
5016,3,1.0
5017,4,0.9999999
5018,1,1.0
5019,3,0.99999964
5020,0,0.99999726
5021,9,1.0
5022,9,0.9999989
5023,2,1.0
5024,6,1.0
5025,4,0.9999999
5026,0,1.0
5027,0,0.99999964
5028,7,0.9999993
5029,5,0.9942015
5030,1,1.0
5031,8,1.0
5032,3,0.9999999
5033,8,0.9999987
5034,1,1.0
5035,6,0.99999976
5036,5,0.9999982
5037,8,0.9999999
5038,9,0.9999989
5039,2,0.9550753
5040,2,1.0
5041,0,0.9999993
5042,7,0.99999964
5043,1,1.0
5044,6,1.0
5045,7,0.9973598
5046,1,1.0
5047,6,1.0
5048,8,1.0
5049,4,0.9999956
5050,3,1.0
5051,5,0.9999889
5052,9,0.9999908
5053,1,1.0
5054,3,0.9998857
5055,5,1.0
5056,3,1.0
5057,1,1.0
5058,9,0.99999857
5059,2,0.9999654
5060,5,0.99999297
5061,8,1.0
5062,6,0.9999976
5063,3,1.0
5064,6,1.0
5065,0,1.0
5066,9,0.9989409
5067,2,1.0
5068,5,0.99998844
5069,1,1.0
5070,3,1.0
5071,7,1.0
5072,4,1.0
5073,4,1.0
5074,4,1.0
5075,2,0.9999769
5076,0,1.0
5077,6,1.0
5078,3,1.0
5079,1,0.99991286
5080,0,1.0
5081,4,0.9999995
5082,3,1.0
5083,6,1.0
5084,1,1.0
5085,7,0.99999857
5086,6,1.0
5087,2,0.9999945
5088,7,0.9993293
5089,1,1.0
5090,7,0.9999994
5091,0,0.999982
5092,6,1.0
5093,9,1.0
5094,6,0.9999881
5095,5,0.99996996
5096,1,1.0
5097,3,1.0
5098,6,1.0
5099,8,0.9999653
5100,1,1.0
5101,9,0.99999905
5102,8,0.84207743
5103,6,0.9999006
5104,6,1.0
5105,9,0.9977881
5106,3,0.9999999
5107,6,0.9999999
5108,8,0.99999833
5109,2,1.0
5110,4,1.0
5111,0,1.0
5112,6,0.9999999
5113,1,1.0
5114,8,0.99999976
5115,5,0.9998441
5116,1,1.0
5117,4,0.99999774
5118,0,1.0
5119,9,0.9999999
5120,9,0.99999595
5121,9,1.0
5122,4,0.99999905
5123,8,1.0
5124,4,1.0
5125,1,1.0
5126,6,1.0
5127,4,1.0
5128,9,0.9999957
5129,1,0.9999728
5130,8,1.0
5131,9,0.9917008
5132,2,1.0
5133,3,0.99999416
5134,4,1.0
5135,6,1.0
5136,1,1.0
5137,0,1.0
5138,1,0.99999976
5139,6,1.0
5140,7,0.9999778
5141,9,0.99999964
5142,0,1.0
5143,0,0.9999951
5144,8,0.9999993
5145,1,0.9999995
5146,4,0.9999999
5147,2,1.0
5148,5,1.0
5149,2,1.0
5150,8,0.9946116
5151,4,0.9999994
5152,6,0.9999784
5153,9,0.9999999
5154,7,1.0
5155,1,1.0
5156,1,0.85251105
5157,3,0.99999976
5158,5,0.9999827
5159,4,0.9999951
5160,9,0.99991655
5161,3,1.0
5162,3,1.0
5163,5,0.99999964
5164,3,1.0
5165,0,0.99995613
5166,0,1.0
5167,5,0.9999939
5168,9,0.9998654
5169,2,1.0
5170,5,0.9999511
5171,3,1.0
5172,7,0.9999945
5173,6,1.0
5174,5,1.0
5175,9,0.9999908
5176,6,1.0
5177,5,1.0
5178,0,0.99999964
5179,2,0.99991345
5180,1,0.99999964
5181,3,1.0
5182,8,0.9999968
5183,5,0.9991486
5184,7,0.99999964
5185,7,1.0
5186,0,1.0
5187,7,0.99999964
5188,7,1.0
5189,1,0.9999982
5190,5,0.9999963
5191,6,1.0
5192,7,1.0
5193,0,0.9999944
5194,4,0.9999857
5195,3,1.0
5196,0,0.999998
5197,0,0.99999964
5198,0,1.0
5199,0,1.0
5200,7,0.9999964
5201,6,1.0
5202,8,1.0
5203,8,0.9774366
5204,6,1.0
5205,7,0.9999999
5206,1,1.0
5207,3,0.999198
5208,1,1.0
5209,0,1.0
5210,2,0.9999993
5211,3,1.0
5212,5,1.0
5213,1,1.0
5214,8,1.0
5215,6,0.99483806
5216,1,0.9584884
5217,7,1.0
5218,6,1.0
5219,3,0.9999882
5220,6,1.0
5221,6,1.0
5222,8,0.99929345
5223,3,0.99762964
5224,8,0.99999976
5225,5,1.0
5226,1,1.0
5227,5,1.0
5228,2,0.99999964
5229,6,0.9999999
5230,5,1.0
5231,1,1.0
5232,5,1.0
5233,8,0.99999356
5234,3,1.0
5235,5,1.0
5236,5,0.9999999
5237,3,1.0
5238,2,0.9962369
5239,3,0.99999833
5240,8,1.0
5241,5,0.9980666
5242,8,0.9999994
5243,6,0.99999976
5244,7,0.99999976
5245,0,0.99999917
5246,3,0.99999714
5247,8,1.0
5248,8,1.0
5249,4,1.0
5250,2,1.0
5251,6,1.0
5252,4,0.9999999
5253,5,0.9999999
5254,8,1.0
5255,3,0.9999999
5256,0,0.9999908
5257,5,0.8858706
5258,1,1.0
5259,1,1.0
5260,3,1.0
5261,0,0.9999995
5262,9,1.0
5263,6,0.99999976
5264,7,0.9999912
5265,8,0.9999995
5266,2,0.9999987
5267,5,1.0
5268,3,1.0
5269,6,1.0
5270,2,1.0
5271,0,0.99981767
5272,6,1.0
5273,5,0.99991286
5274,1,0.9999999
5275,2,0.9999913
5276,9,0.9999999
5277,7,0.9415815
5278,0,0.9999956
5279,2,0.9999999
5280,5,1.0
5281,5,1.0
5282,6,0.9999999
5283,1,1.0
5284,4,1.0
5285,1,1.0
5286,3,0.9999949
5287,1,0.99999976
5288,5,0.99999976
5289,5,0.9999888
5290,0,1.0
5291,1,1.0
5292,9,0.9999707
5293,3,1.0
5294,9,0.9999999
5295,5,1.0
5296,0,1.0
5297,7,0.99999845
5298,9,0.99999964
5299,8,1.0
5300,3,1.0
5301,0,1.0
5302,1,1.0
5303,3,1.0
5304,5,0.99512696
5305,8,0.9915445
5306,1,0.99999917
5307,8,0.9674682
5308,5,0.98572063
5309,7,1.0
5310,0,0.9999993
5311,9,0.9908681
5312,6,0.99999964
5313,4,0.99999857
5314,8,0.9998561
5315,3,0.99977726
5316,0,1.0
5317,6,1.0
5318,0,1.0
5319,4,0.99999976
5320,5,1.0
5321,8,1.0
5322,2,0.9996159
5323,1,1.0
5324,5,1.0
5325,4,0.99999964
5326,0,0.99999964
5327,1,0.99999344
5328,4,1.0
5329,1,1.0
5330,7,0.99999917
5331,3,0.9932587
5332,9,0.9999949
5333,2,1.0
5334,9,1.0
5335,1,0.9999759
5336,2,1.0
5337,1,1.0
5338,7,0.99999917
5339,6,1.0
5340,6,1.0
5341,1,0.99999785
5342,5,0.99999917
5343,9,1.0
5344,8,0.9999999
5345,9,0.99999523
5346,0,1.0
5347,2,0.9999993
5348,3,1.0
5349,1,1.0
5350,7,0.981974
5351,6,0.9728019
5352,1,1.0
5353,5,1.0
5354,2,1.0
5355,7,0.99999404
5356,3,1.0
5357,2,1.0
5358,5,0.99980336
5359,9,0.9999975
5360,2,0.9980573
5361,4,1.0
5362,0,1.0
5363,5,0.99999034
5364,1,1.0
5365,5,1.0
5366,9,0.99999857
5367,1,1.0
5368,0,1.0
5369,9,0.999998
5370,4,1.0
5371,5,0.9999999
5372,4,0.99999976
5373,8,1.0
5374,7,0.9999938
5375,1,1.0
5376,3,1.0
5377,3,1.0
5378,2,1.0
5379,4,0.9999863
5380,1,0.9999994
5381,1,0.9989022
5382,8,0.99995255
5383,0,0.99999857
5384,3,0.84876734
5385,2,1.0
5386,8,0.99998486
5387,9,0.9999999
5388,0,1.0
5389,9,0.99999905
5390,7,1.0
5391,0,1.0
5392,9,0.973152
5393,9,0.9999999
5394,2,1.0
5395,7,0.99999964
5396,6,1.0
5397,1,1.0
5398,7,0.99999964
5399,1,1.0
5400,6,0.9999995
5401,0,1.0
5402,2,1.0
5403,9,0.9997788
5404,9,1.0
5405,9,0.99999917
5406,7,0.9996555
5407,8,1.0
5408,2,0.99999833
5409,4,1.0
5410,0,0.9999851
5411,9,0.9999999
5412,3,1.0
5413,8,0.9990011
5414,9,0.9999969
5415,4,0.9999976
5416,2,0.9999999
5417,0,1.0
5418,3,0.9999844
5419,3,0.99995506
5420,0,0.99999845
5421,3,0.99771464
5422,9,0.9999958
5423,4,1.0
5424,8,0.9999654
5425,5,0.9999999
5426,5,0.9999999
5427,6,1.0
5428,9,1.0
5429,6,0.9999999
5430,8,0.9999993
5431,4,0.9999974
5432,7,1.0
5433,6,0.99994254
5434,7,0.9999995
5435,4,0.99510705
5436,9,0.9999999
5437,4,1.0
5438,2,0.9999629
5439,1,0.9999927
5440,0,0.99997616
5441,8,0.9999999
5442,1,1.0
5443,3,0.9999999
5444,6,0.9999974
5445,0,0.9981098
5446,1,1.0
5447,9,0.9999826
5448,9,0.9252037
5449,6,1.0
5450,5,0.5310348
5451,5,0.99971706
5452,0,0.9999999
5453,7,1.0
5454,1,1.0
5455,3,1.0
5456,6,0.99998736
5457,7,0.99999464
5458,3,0.98478174
5459,3,1.0
5460,4,0.99998903
5461,8,0.9999652
5462,4,0.99995553
5463,7,0.9999999
5464,9,0.9999821
5465,1,1.0
5466,2,0.9999697
5467,9,0.9999608
5468,5,0.9999999
5469,7,1.0
5470,4,1.0
5471,3,0.99929047
5472,9,0.99999964
5473,3,1.0
5474,9,0.99999905
5475,5,1.0
5476,0,0.99902236
5477,7,0.99999976
5478,9,0.9994893
5479,2,0.99991727
5480,2,0.9999964
5481,1,0.9999999
5482,8,1.0
5483,3,1.0
5484,2,1.0
5485,7,0.99999976
5486,8,0.99997914
5487,7,0.9999999
5488,1,1.0
5489,2,1.0
5490,8,0.99988675
5491,7,1.0
5492,4,1.0
5493,8,0.9573566
5494,0,1.0
5495,9,0.99998224
5496,4,0.9999622
5497,0,0.9999995
5498,0,0.99743265
5499,3,0.99999964
5500,3,1.0
5501,4,0.99999976
5502,2,1.0
5503,0,1.0
5504,7,1.0
5505,6,0.99998903
5506,3,0.99999714
5507,2,1.0
5508,7,0.9998876
5509,4,0.9999999
5510,1,1.0
5511,2,1.0
5512,7,0.99999976
5513,4,0.99999917
5514,9,0.6201283
5515,2,0.99999857
5516,3,0.9999999
5517,2,0.9975165
5518,5,0.9996106
5519,8,1.0
5520,0,1.0
5521,8,0.99999046
5522,7,1.0
5523,9,0.9999988
5524,7,1.0
5525,1,1.0
5526,3,0.99999964
5527,5,0.99964666
5528,4,0.9999969
5529,2,0.99999404
5530,4,1.0
5531,7,1.0
5532,9,0.9999974
5533,9,0.9996742
5534,6,0.99999833
5535,4,1.0
5536,5,1.0
5537,4,0.9999999
5538,9,0.9999969
5539,1,1.0
5540,9,0.9999989
5541,6,1.0
5542,5,0.9999994
5543,6,0.99998677
5544,2,1.0
5545,8,0.9985372
5546,6,0.9999975
5547,8,1.0
5548,8,0.97199076
5549,8,1.0
5550,9,1.0
5551,6,1.0
5552,8,0.9999989
5553,8,1.0
5554,6,0.999998
5555,4,0.98671
5556,0,0.9999994
5557,2,0.9999901
5558,7,0.5902017
5559,1,1.0
5560,3,1.0
5561,8,1.0
5562,4,0.9937093
5563,8,0.999997
5564,7,0.9999987
5565,7,1.0
5566,7,0.99999905
5567,8,0.9999988
5568,0,1.0
5569,7,0.9999988
5570,9,0.9999993
5571,5,0.99999964
5572,4,0.9374803
5573,3,1.0
5574,7,1.0
5575,4,1.0
5576,6,1.0
5577,4,0.9999535
5578,7,0.99999976
5579,2,1.0
5580,9,0.9999931
5581,6,1.0
5582,4,0.9999957
5583,0,1.0
5584,4,1.0
5585,6,1.0
5586,8,0.9999931
5587,8,1.0
5588,4,0.9999999
5589,9,0.9999999
5590,4,0.9999968
5591,4,1.0
5592,3,0.9999999
5593,6,1.0
5594,9,0.99999976
5595,6,0.99999547
5596,4,1.0
5597,1,0.9999999
5598,8,1.0
5599,5,1.0
5600,7,0.9999994
5601,8,0.9999999
5602,5,1.0
5603,2,0.9552381
5604,8,1.0
5605,8,1.0
5606,7,1.0
5607,0,1.0
5608,5,0.9999945
5609,0,0.99999964
5610,7,1.0
5611,2,0.9991634
5612,5,0.9570315
5613,4,0.9999826
5614,7,1.0
5615,8,0.99999917
5616,1,0.9999999
5617,5,0.9999999
5618,5,1.0
5619,3,0.9735824
5620,5,0.99978
5621,2,1.0
5622,5,0.9999999
5623,0,1.0
5624,5,1.0
5625,6,0.99999905
5626,4,0.99999976
5627,7,0.9999758
5628,4,0.99996924
5629,1,0.99999964
5630,1,1.0
5631,9,0.99999845
5632,1,0.9999895
5633,9,1.0
5634,9,1.0
5635,4,1.0
5636,8,0.9999988
5637,4,0.99999774
5638,3,0.9999995
5639,7,1.0
5640,6,1.0
5641,2,1.0
5642,0,1.0
5643,1,1.0
5644,8,0.9999999
5645,9,1.0
5646,6,1.0
5647,7,0.9999895
5648,4,0.8408048
5649,5,1.0
5650,7,0.99999905
5651,5,1.0
5652,3,0.99999654
5653,1,1.0
5654,6,1.0
5655,0,0.9999994
5656,3,1.0
5657,2,1.0
5658,4,1.0
5659,5,1.0
5660,1,0.9999999
5661,8,0.999933
5662,1,1.0
5663,1,0.9968665
5664,8,0.9999989
5665,5,0.99997926
5666,8,1.0
5667,5,0.99999845
5668,8,0.9999924
5669,5,1.0
5670,2,0.9999987
5671,7,1.0
5672,0,1.0
5673,1,0.9999994
5674,5,0.9999975
5675,1,1.0
5676,9,0.99999166
5677,0,1.0
5678,9,0.9999999
5679,9,0.99974376
5680,2,1.0
5681,0,1.0
5682,7,1.0
5683,3,1.0
5684,1,0.99999416
5685,3,0.9870179
5686,4,1.0
5687,7,1.0
5688,8,0.99999976
5689,0,0.9999877
5690,1,1.0
5691,2,1.0
5692,9,1.0
5693,3,1.0
5694,1,0.990921
5695,6,0.9999987
5696,2,1.0
5697,0,0.9999999
5698,5,0.9967103
5699,0,1.0
5700,1,1.0
5701,6,0.7704968
5702,1,1.0
5703,9,0.9966815
5704,7,0.99998105
5705,7,1.0
5706,8,1.0
5707,6,1.0
5708,8,0.5744036
5709,4,1.0
5710,0,0.99999976
5711,7,0.9999976
5712,1,1.0
5713,0,1.0
5714,1,0.99999964
5715,3,1.0
5716,4,0.999998
5717,9,0.9998816
5718,0,0.9743056
5719,9,0.99999106
5720,4,1.0
5721,5,0.9999994
5722,1,0.99999976
5723,6,1.0
5724,9,1.0
5725,4,1.0
5726,6,1.0
5727,6,0.9999999
5728,6,1.0
5729,1,1.0
5730,1,0.9999988
5731,3,1.0
5732,5,0.9999641
5733,8,0.999995
5734,2,0.9999902
5735,4,0.9999995
5736,8,0.9999882
5737,8,0.9924475
5738,9,0.999948
5739,8,1.0
5740,1,1.0
5741,1,1.0
5742,1,0.9999999
5743,8,0.99999857
5744,5,0.9995801
5745,5,0.9999999
5746,6,1.0
5747,5,1.0
5748,6,0.93959075
5749,2,0.99999785
5750,8,1.0
5751,7,0.99999774
5752,9,1.0
5753,8,1.0
5754,1,1.0
5755,9,0.9998964
5756,9,0.9999908
5757,0,0.99999917
5758,6,1.0
5759,6,1.0
5760,2,0.9999889
5761,3,1.0
5762,8,0.9999988
5763,3,1.0
5764,0,0.99992704
5765,0,0.99990237
5766,5,1.0
5767,0,0.9999393
5768,9,0.99999917
5769,2,0.9999994
5770,1,1.0
5771,3,1.0
5772,3,0.9999988
5773,3,0.99999833
5774,8,0.99999976
5775,8,1.0
5776,9,0.99923825
5777,9,0.9999994
5778,9,0.95593065
5779,5,1.0
5780,6,1.0
5781,7,0.99999714
5782,1,0.9998105
5783,7,1.0
5784,2,1.0
5785,9,0.98189914
5786,1,0.99999976
5787,6,1.0
5788,3,1.0
5789,5,0.9999963
5790,0,1.0
5791,7,0.99965847
5792,7,0.99999905
5793,6,1.0
5794,5,0.99670464
5795,1,0.9999982
5796,8,0.99999976
5797,1,1.0
5798,3,0.9999993
5799,4,1.0
5800,5,1.0
5801,8,0.9998266
5802,2,0.9998727
5803,4,1.0
5804,2,1.0
5805,8,1.0
5806,0,0.9999999
5807,4,0.9968359
5808,5,1.0
5809,1,1.0
5810,9,0.99999785
5811,7,1.0
5812,4,1.0
5813,2,1.0
5814,8,0.99999964
5815,8,1.0
5816,5,0.9999958
5817,8,0.99996614
5818,6,0.99999976
5819,8,1.0
5820,7,0.99999714
5821,4,0.999724
5822,9,0.99999964
5823,7,0.9999999
5824,4,1.0
5825,4,1.0
5826,2,0.9999999
5827,6,0.9996778
5828,9,0.99999964
5829,1,1.0
5830,9,0.9999807
5831,9,0.99934965
5832,0,1.0
5833,6,0.9999676
5834,8,0.9958579
5835,3,0.99999976
5836,3,0.999998
5837,6,0.9924253
5838,4,1.0
5839,6,0.9999999
5840,6,0.99999964
5841,8,1.0
5842,1,1.0
5843,9,0.8249047
5844,4,0.9999999
5845,3,1.0
5846,7,1.0
5847,2,0.99999905
5848,8,1.0
5849,5,0.9994235
5850,1,0.99999475
5851,2,0.82130945
5852,6,1.0
5853,8,1.0
5854,0,0.9999864
5855,0,1.0
5856,1,0.99998343
5857,7,0.9999995
5858,8,0.9999999
5859,4,0.9999999
5860,9,1.0
5861,6,0.9999999
5862,0,0.9999999
5863,7,1.0
5864,3,1.0
5865,9,1.0
5866,9,0.99999964
5867,2,0.9999963
5868,7,0.9999995
5869,4,0.99998176
5870,2,0.99331856
5871,0,0.9999999
5872,5,0.9998802
5873,2,0.9999999
5874,6,1.0
5875,4,0.99998856
5876,1,1.0
5877,7,1.0
5878,3,0.9999577
5879,0,0.9999993
5880,4,1.0
5881,8,0.99915016
5882,1,1.0
5883,6,0.9999999
5884,1,1.0
5885,4,1.0
5886,7,0.9999026
5887,2,1.0
5888,1,1.0
5889,0,0.9999887
5890,3,0.9999999
5891,3,0.9999995
5892,9,0.9999999
5893,0,0.9986118
5894,9,1.0
5895,6,1.0
5896,6,1.0
5897,0,0.9999999
5898,2,0.9999999
5899,8,0.7016551
5900,3,0.99999964
5901,0,1.0
5902,5,0.9999969
5903,8,0.9999999
5904,8,0.9999994
5905,5,1.0
5906,3,1.0
5907,5,1.0
5908,0,0.99999905
5909,8,1.0
5910,0,0.9999931
5911,7,0.9999976
5912,3,1.0
5913,3,1.0
5914,2,1.0
5915,5,1.0
5916,1,0.9974789
5917,3,0.99413294
5918,6,1.0
5919,5,0.9999999
5920,4,0.99998355
5921,7,1.0
5922,2,0.9999995
5923,2,1.0
5924,9,0.99999774
5925,0,1.0
5926,8,1.0
5927,8,0.99998105
5928,0,0.99917185
5929,5,0.95646155
5930,0,0.9999999
5931,8,0.99984145
5932,0,0.99999714
5933,4,1.0
5934,1,0.999998
5935,6,1.0
5936,7,0.999998
5937,7,0.9997671
5938,8,1.0
5939,5,0.9999746
5940,0,0.9999503
5941,2,0.9999999
5942,6,0.99983966
5943,4,1.0
5944,6,0.9999995
5945,8,0.999992
5946,9,0.9978301
5947,6,1.0
5948,6,1.0
5949,4,1.0
5950,9,0.99998915
5951,4,1.0
5952,3,0.99999917
5953,7,1.0
5954,6,1.0
5955,3,0.9999999
5956,1,0.9999999
5957,7,0.99999976
5958,6,0.99919766
5959,1,0.9999976
5960,4,1.0
5961,9,0.9997764
5962,0,0.99999976
5963,6,1.0
5964,6,0.999899
5965,3,0.99998236
5966,2,1.0
5967,0,0.98151714
5968,8,0.9981012
5969,4,0.9999999
5970,3,1.0
5971,8,0.99937963
5972,8,0.99997854
5973,1,0.99999976
5974,3,0.9999999
5975,3,1.0
5976,0,0.9999988
5977,6,0.99999464
5978,6,1.0
5979,8,0.99999964
5980,6,1.0
5981,2,0.99997663
5982,3,1.0
5983,3,1.0
5984,4,0.99995184
5985,2,1.0
5986,0,1.0
5987,6,1.0
5988,0,0.99999034
5989,2,1.0
5990,1,0.9999994
5991,9,0.99983644
5992,6,1.0
5993,6,1.0
5994,1,1.0
5995,7,0.9999856
5996,7,1.0
5997,0,1.0
5998,2,0.9999981
5999,9,1.0
6000,4,0.99999976
6001,1,0.604358
6002,5,0.99999857
6003,0,0.99996567
6004,7,1.0
6005,5,0.99999475
6006,8,1.0
6007,5,0.9999999
6008,6,0.9999919
6009,1,0.9999999
6010,7,1.0
6011,0,1.0
6012,6,1.0
6013,6,1.0
6014,5,1.0
6015,9,0.99999976
6016,3,1.0
6017,6,1.0
6018,4,0.9999995
6019,2,0.9999573
6020,1,1.0
6021,1,0.9999999
6022,7,1.0
6023,8,0.9939084
6024,5,0.9999999
6025,9,0.99999964
6026,3,1.0
6027,3,0.99994457
6028,7,1.0
6029,6,0.9999989
6030,1,1.0
6031,5,0.9999999
6032,2,1.0
6033,1,1.0
6034,2,0.9995291
6035,5,1.0
6036,7,0.9999969
6037,0,1.0
6038,5,1.0
6039,2,0.9999999
6040,6,1.0
6041,6,0.79528403
6042,9,0.99835485
6043,1,0.9999999
6044,0,0.9999982
6045,5,1.0
6046,5,0.9999192
6047,2,1.0
6048,4,1.0
6049,6,0.99999726
6050,3,0.9999999
6051,0,0.9999994
6052,9,0.99999833
6053,4,1.0
6054,9,0.99998116
6055,4,0.99955565
6056,7,0.9999999
6057,0,0.9999999
6058,0,1.0
6059,4,0.99999976
6060,0,1.0
6061,9,0.9999901
6062,2,0.9999504
6063,7,1.0
6064,1,0.9999999
6065,1,1.0
6066,2,1.0
6067,1,1.0
6068,1,0.9999964
6069,6,1.0
6070,3,1.0
6071,2,0.52490073
6072,5,0.9998104
6073,8,0.9999528
6074,1,1.0
6075,8,0.9942788
6076,2,1.0
6077,0,0.9999794
6078,3,1.0
6079,8,0.9999856
6080,4,1.0
6081,1,1.0
6082,6,0.99999857
6083,8,1.0
6084,5,0.9999999
6085,8,1.0
6086,4,0.99972993
6087,3,1.0
6088,5,1.0
6089,8,1.0
6090,6,1.0
6091,7,0.9996049
6092,1,1.0
6093,6,1.0
6094,1,0.9999999
6095,9,0.999997
6096,8,0.99999213
6097,4,0.9999995
6098,3,1.0
6099,9,1.0
6100,3,0.9992312
6101,1,0.99999774
6102,7,0.99998355
6103,8,1.0
6104,8,1.0
6105,3,1.0
6106,1,1.0
6107,7,0.99999857
6108,8,0.9998727
6109,6,1.0
6110,5,1.0
6111,4,0.9999449
6112,6,1.0
6113,0,1.0
6114,0,0.6441293
6115,2,0.9979589
6116,0,1.0
6117,0,0.99999976
6118,0,0.88323265
6119,2,1.0
6120,6,1.0
6121,7,0.99630827
6122,5,0.99835217
6123,1,1.0
6124,0,1.0
6125,0,0.99999917
6126,0,0.99999285
6127,9,1.0
6128,3,0.99999976
6129,8,0.9999999
6130,0,0.9807375
6131,4,0.99971837
6132,5,1.0
6133,9,0.9999999
6134,4,0.99997413
6135,2,1.0
6136,3,0.99998534
6137,2,0.9999802
6138,7,1.0
6139,2,1.0
6140,0,0.9999995
6141,2,1.0
6142,6,1.0
6143,2,0.9999999
6144,2,0.99998844
6145,8,0.9999995
6146,8,1.0
6147,8,0.99999976
6148,5,1.0
6149,7,0.57805324
6150,2,0.9998171
6151,2,1.0
6152,6,0.99999976
6153,2,0.9999987
6154,0,1.0
6155,2,0.9999994
6156,2,0.99992466
6157,1,0.9999987
6158,4,1.0
6159,3,1.0
6160,4,0.9999999
6161,1,0.9999999
6162,9,0.99999547
6163,7,1.0
6164,0,0.99999785
6165,5,0.9997193
6166,6,0.9999999
6167,5,0.99999964
6168,1,0.9999993
6169,8,0.9999597
6170,2,0.9983966
6171,5,0.9997466
6172,3,1.0
6173,9,0.9999882
6174,0,0.9999999
6175,6,1.0
6176,6,1.0
6177,9,0.99999845
6178,2,0.9999995
6179,1,1.0
6180,0,0.99995565
6181,4,0.98323476
6182,8,1.0
6183,4,1.0
6184,5,0.99999714
6185,7,1.0
6186,9,0.9999999
6187,2,1.0
6188,2,1.0
6189,2,1.0
6190,1,1.0
6191,1,1.0
6192,4,0.9999982
6193,4,1.0
6194,7,1.0
6195,8,0.9999994
6196,6,1.0
6197,8,0.99929726
6198,6,1.0
6199,5,0.99999285
6200,5,0.9999994
6201,8,1.0
6202,1,1.0
6203,8,0.9998832
6204,2,0.99999964
6205,9,1.0
6206,1,1.0
6207,9,0.9998647
6208,7,1.0
6209,2,0.9999989
6210,4,0.99990606
6211,4,0.9999999
6212,4,0.9999703
6213,4,0.98272324
6214,9,1.0
6215,3,1.0
6216,5,0.999561
6217,5,1.0
6218,9,0.99478346
6219,5,0.9999987
6220,5,0.9999987
6221,2,0.9999968
6222,7,0.9999994
6223,0,0.99999774
6224,0,0.9992549
6225,1,0.99999976
6226,3,0.9999993
6227,5,0.9979146
6228,3,1.0
6229,0,0.9999993
6230,0,1.0
6231,0,0.99999607
6232,3,1.0
6233,1,1.0
6234,4,0.99971
6235,0,1.0
6236,2,1.0
6237,6,0.99999833
6238,9,1.0
6239,7,1.0
6240,6,0.99999166
6241,9,1.0
6242,6,1.0
6243,6,1.0
6244,2,0.99999154
6245,5,0.9837658
6246,2,0.9999993
6247,2,1.0
6248,4,0.9999999
6249,1,1.0
6250,9,0.99979407
6251,2,0.9999474
6252,7,0.9999999
6253,2,0.99999833
6254,5,1.0
6255,9,0.99999976
6256,4,0.9999273
6257,4,0.97416604
6258,2,0.9999994
6259,7,1.0
6260,6,0.99942243
6261,8,1.0
6262,9,0.9999931
6263,1,1.0
6264,8,0.9999999
6265,8,1.0
6266,0,0.98111534
6267,2,0.9999999
6268,4,0.9999999
6269,9,0.9979457
6270,8,0.999982
6271,1,1.0
6272,7,0.9996836
6273,1,1.0
6274,9,0.99999976
6275,9,1.0
6276,2,0.9999658
6277,1,1.0
6278,5,0.9998184
6279,5,0.9999969
6280,2,1.0
6281,7,1.0
6282,6,1.0
6283,3,0.99999905
6284,0,1.0
6285,5,0.9890177
6286,0,1.0
6287,6,0.99999905
6288,6,0.99999964
6289,3,0.99999845
6290,0,1.0
6291,0,0.99999857
6292,3,1.0
6293,6,1.0
6294,8,0.99997354
6295,8,0.99999976
6296,0,1.0
6297,8,1.0
6298,6,0.9999999
6299,4,1.0
6300,5,0.99999774
6301,8,0.9999896
6302,1,1.0
6303,5,0.999997
6304,0,0.9999932
6305,6,1.0
6306,6,1.0
6307,9,0.9988066
6308,5,1.0
6309,1,1.0
6310,6,1.0
6311,4,1.0
6312,3,1.0
6313,0,0.99999917
6314,7,0.9999981
6315,2,0.99975103
6316,5,1.0
6317,5,0.9999994
6318,8,0.99999964
6319,7,0.99999
6320,5,0.9999987
6321,6,0.9999994
6322,9,0.99984777
6323,0,1.0
6324,1,1.0
6325,9,0.9999999
6326,2,0.9192714
6327,9,1.0
6328,1,0.9993813
6329,2,0.99936646
6330,4,1.0
6331,8,0.9931415
6332,7,1.0
6333,6,1.0
6334,2,1.0
6335,8,1.0
6336,0,0.9999999
6337,4,1.0
6338,1,1.0
6339,8,1.0
6340,2,0.9999883
6341,1,0.9999974
6342,3,1.0
6343,4,1.0
6344,1,0.999969
6345,7,1.0
6346,7,1.0
6347,2,0.99999774
6348,9,0.99987805
6349,3,0.9999994
6350,8,0.99993503
6351,6,1.0
6352,3,1.0
6353,2,1.0
6354,2,0.99998593
6355,6,1.0
6356,3,1.0
6357,5,0.9975109
6358,7,0.99999774
6359,1,0.99999964
6360,1,0.9999999
6361,1,1.0
6362,7,0.9999839
6363,7,0.9999999
6364,8,0.9991992
6365,2,1.0
6366,9,0.9999999
6367,7,1.0
6368,3,0.9999988
6369,1,1.0
6370,5,1.0
6371,6,1.0
6372,4,0.9999999
6373,4,1.0
6374,4,1.0
6375,1,1.0
6376,9,0.99999976
6377,0,1.0
6378,8,0.99970835
6379,4,0.9999958
6380,7,0.9697753
6381,4,0.9999999
6382,6,0.9999981
6383,2,0.9999833
6384,3,1.0
6385,8,1.0
6386,6,0.99999917
6387,7,1.0
6388,4,0.9999993
6389,2,0.99999964
6390,5,1.0
6391,9,0.9999114
6392,0,0.9999999
6393,0,0.9999988
6394,0,0.9999994
6395,8,1.0
6396,6,0.9999999
6397,5,0.9967374
6398,2,1.0
6399,3,1.0
6400,0,1.0
6401,4,0.9946595
6402,2,0.8539483
6403,5,1.0
6404,4,0.7913425
6405,8,0.9999988
6406,6,0.99745935
6407,7,1.0
6408,6,0.9999999
6409,1,0.9999999
6410,4,1.0
6411,0,1.0
6412,1,1.0
6413,6,1.0
6414,1,0.99999964
6415,4,1.0
6416,4,1.0
6417,6,0.9999703
6418,1,1.0
6419,1,1.0
6420,4,0.99999917
6421,4,0.80030996
6422,5,0.9999999
6423,7,1.0
6424,5,0.99999475
6425,4,0.99999547
6426,2,1.0
6427,5,0.9999932
6428,1,1.0
6429,0,0.9999187
6430,6,1.0
6431,7,0.99986637
6432,1,1.0
6433,1,1.0
6434,4,0.96957606
6435,4,0.9999994
6436,0,0.99999726
6437,5,0.999106
6438,6,1.0
6439,0,1.0
6440,8,1.0
6441,2,0.99999714
6442,7,0.99999964
6443,4,0.99921167
6444,9,0.9999826
6445,9,1.0
6446,0,1.0
6447,2,0.999998
6448,2,0.9999963
6449,3,0.63049227
6450,3,0.9999999
6451,0,1.0
6452,3,1.0
6453,1,1.0
6454,0,0.99997103
6455,1,1.0
6456,1,1.0
6457,2,0.999998
6458,8,1.0
6459,2,0.96121037
6460,6,0.9999987
6461,8,0.98713636
6462,6,1.0
6463,2,1.0
6464,0,0.9999943
6465,2,1.0
6466,9,0.9969067
6467,7,0.99993694
6468,3,1.0
6469,3,1.0
6470,8,1.0
6471,5,0.9999975
6472,0,1.0
6473,6,0.9999733
6474,6,1.0
6475,5,0.9859635
6476,8,0.9999957
6477,3,1.0
6478,2,1.0
6479,7,1.0
6480,3,1.0
6481,5,0.99996006
6482,7,0.9999999
6483,7,1.0
6484,5,1.0
6485,8,1.0
6486,1,1.0
6487,1,1.0
6488,6,0.9999181
6489,0,1.0
6490,5,0.9999988
6491,7,0.9999999
6492,5,1.0
6493,9,0.99999964
6494,5,0.9999975
6495,0,1.0
6496,4,0.99999964
6497,3,1.0
6498,7,0.9999367
6499,2,0.99999964
6500,3,1.0
6501,5,0.9999999
6502,4,1.0
6503,5,1.0
6504,1,1.0
6505,1,1.0
6506,9,1.0
6507,4,1.0
6508,8,0.9999999
6509,3,1.0
6510,7,1.0
6511,5,0.9995352
6512,0,0.9999901
6513,4,0.99998915
6514,4,0.99999964
6515,7,0.9999999
6516,8,1.0
6517,4,1.0
6518,8,0.9997862
6519,1,1.0
6520,1,1.0
6521,0,1.0
6522,5,1.0
6523,6,1.0
6524,7,1.0
6525,9,1.0
6526,5,0.99998283
6527,6,1.0
6528,9,0.89505124
6529,0,0.9999999
6530,6,1.0
6531,0,1.0
6532,2,1.0
6533,1,1.0
6534,7,0.99979013
6535,9,0.7410964
6536,0,0.9999999
6537,3,1.0
6538,2,1.0
6539,8,1.0
6540,7,1.0
6541,2,0.99999106
6542,1,1.0
6543,3,1.0
6544,9,0.9999403
6545,9,0.9999347
6546,0,1.0
6547,7,0.99999917
6548,6,1.0
6549,1,1.0
6550,3,0.9999999
6551,7,0.999595
6552,2,1.0
6553,3,0.9999988
6554,6,0.9999933
6555,4,1.0
6556,1,0.9999999
6557,1,1.0
6558,7,1.0
6559,4,0.99999964
6560,4,0.9998524
6561,5,0.99999905
6562,3,0.9999063
6563,2,1.0
6564,8,1.0
6565,9,0.99999726
6566,6,0.99998784
6567,6,0.9999709
6568,5,0.99987745
6569,4,0.9994765
6570,0,0.9999881
6571,6,1.0
6572,7,0.9998765
6573,3,1.0
6574,5,1.0
6575,2,0.99999917
6576,8,1.0
6577,1,0.99999774
6578,9,0.99917966
6579,0,0.9999999
6580,5,1.0
6581,3,1.0
6582,3,0.99999905
6583,9,0.99934834
6584,2,0.9969488
6585,9,0.99999154
6586,1,0.99999917
6587,7,0.9999993
6588,4,1.0
6589,5,1.0
6590,0,1.0
6591,5,0.9999999
6592,1,0.9979475
6593,9,1.0
6594,1,1.0
6595,1,0.99999774
6596,9,0.99998665
6597,9,1.0
6598,4,1.0
6599,6,0.999652
6600,6,1.0
6601,1,1.0
6602,4,1.0
6603,5,0.9981883
6604,4,1.0
6605,8,1.0
6606,7,1.0
6607,6,1.0
6608,1,1.0
6609,1,0.9976031
6610,2,0.9996025
6611,4,1.0
6612,6,0.99994373
6613,2,1.0
6614,9,1.0
6615,9,1.0
6616,5,0.99997973
6617,3,1.0
6618,6,0.99999917
6619,4,1.0
6620,8,1.0
6621,3,1.0
6622,8,1.0
6623,2,1.0
6624,2,0.9981597
6625,1,0.9999995
6626,5,1.0
6627,8,0.9999999
6628,7,1.0
6629,5,0.9999275
6630,2,0.9999999
6631,8,0.99999464
6632,0,0.9999751
6633,7,0.99999964
6634,2,1.0
6635,5,0.9999999
6636,5,0.99999475
6637,6,1.0
6638,4,0.9999926
6639,8,1.0
6640,7,1.0
6641,3,1.0
6642,8,0.9999999
6643,2,0.9953531
6644,1,1.0
6645,3,1.0
6646,9,0.9999993
6647,1,0.99999106
6648,0,1.0
6649,4,0.99999964
6650,0,1.0
6651,6,1.0
6652,5,0.9999999
6653,5,0.9999976
6654,0,1.0
6655,0,1.0
6656,6,1.0
6657,7,0.99999297
6658,7,0.9999999
6659,1,1.0
6660,4,0.9913653
6661,7,0.99887806
6662,5,1.0
6663,6,1.0
6664,6,1.0
6665,8,0.99999976
6666,1,1.0
6667,2,0.9901904
6668,9,0.9999739
6669,8,0.98771507
6670,0,0.99991083
6671,5,0.999716
6672,9,0.9971986
6673,1,0.99999964
6674,2,0.74897224
6675,7,0.9999726
6676,4,1.0
6677,6,0.9999994
6678,9,0.99999297
6679,3,1.0
6680,0,0.9999969
6681,0,0.9999999
6682,7,1.0
6683,8,0.9204884
6684,0,1.0
6685,8,1.0
6686,8,0.99915946
6687,0,0.9999999
6688,8,0.99981576
6689,8,1.0
6690,1,0.9999999
6691,1,0.9999995
6692,4,0.5243308
6693,0,0.99999857
6694,9,1.0
6695,0,1.0
6696,9,1.0
6697,5,0.9999999
6698,3,1.0
6699,0,0.9999999
6700,1,1.0
6701,7,0.99998796
6702,1,1.0
6703,1,1.0
6704,4,0.9999995
6705,4,1.0
6706,0,0.9999988
6707,4,0.9999995
6708,1,1.0
6709,7,0.9999999
6710,1,1.0
6711,5,0.9999316
6712,5,0.99999607
6713,4,0.9999999
6714,5,0.7833253
6715,6,0.9999938
6716,8,0.9999999
6717,3,0.83255446
6718,3,1.0
6719,1,1.0
6720,1,1.0
6721,8,1.0
6722,0,0.9999974
6723,9,0.99990845
6724,8,0.9999999
6725,2,1.0
6726,7,1.0
6727,2,1.0
6728,9,1.0
6729,8,0.9991549
6730,8,0.9886362
6731,5,0.9999529
6732,4,0.9999647
6733,8,1.0
6734,2,0.99998724
6735,8,0.9997677
6736,3,1.0
6737,2,0.9999994
6738,6,1.0
6739,3,0.99971396
6740,9,0.99999964
6741,1,0.9999993
6742,1,0.99999857
6743,2,0.99999166
6744,5,0.9999995
6745,9,1.0
6746,1,1.0
6747,7,1.0
6748,2,0.9999999
6749,7,0.9999999
6750,9,0.9999995
6751,1,1.0
6752,2,1.0
6753,9,0.97123307
6754,7,1.0
6755,5,0.9999937
6756,5,0.9999889
6757,5,1.0
6758,7,0.9999999
6759,4,1.0
6760,3,1.0
6761,5,1.0
6762,2,0.99998426
6763,7,1.0
6764,8,0.99999905
6765,0,1.0
6766,5,0.99851173
6767,1,1.0
6768,4,1.0
6769,8,0.9999999
6770,2,1.0
6771,3,1.0
6772,1,0.99995565
6773,8,1.0
6774,2,0.99998295
6775,4,1.0
6776,7,1.0
6777,7,1.0
6778,7,0.99999845
6779,3,0.99999774
6780,3,1.0
6781,2,0.9999989
6782,9,0.999913
6783,2,0.9999697
6784,7,0.9999974
6785,6,0.99999976
6786,1,1.0
6787,9,0.91295135
6788,9,0.99999774
6789,2,1.0
6790,3,0.99332994
6791,2,1.0
6792,5,1.0
6793,8,0.9999999
6794,1,1.0
6795,6,1.0
6796,3,1.0
6797,0,0.9617478
6798,9,0.99996555
6799,1,0.95834273
6800,2,0.9961798
6801,6,1.0
6802,3,0.99999356
6803,5,0.9999658
6804,8,0.9996152
6805,4,1.0
6806,2,1.0
6807,6,0.99999845
6808,1,0.99997425
6809,6,1.0
6810,1,1.0
6811,0,0.99999905
6812,4,0.9999949
6813,9,0.9999646
6814,0,1.0
6815,1,0.9999969
6816,4,0.9999975
6817,1,1.0
6818,2,1.0
6819,1,0.99999774
6820,6,0.99983954
6821,0,0.9999994
6822,7,1.0
6823,6,1.0
6824,1,0.99999905
6825,0,0.99990416
6826,0,0.9999901
6827,1,0.99999976
6828,8,1.0
6829,3,1.0
6830,0,1.0
6831,6,0.99999976
6832,7,0.9999976
6833,0,0.99999976
6834,3,1.0
6835,2,0.99999523
6836,0,0.999998
6837,1,0.9999993
6838,7,0.99997926
6839,8,1.0
6840,4,1.0
6841,4,0.99999905
6842,6,1.0
6843,1,1.0
6844,6,1.0
6845,2,1.0
6846,3,0.99910307
6847,0,1.0
6848,3,1.0
6849,9,0.9999993
6850,9,0.99999976
6851,8,0.9999945
6852,7,0.99999976
6853,5,1.0
6854,8,0.9999994
6855,0,0.99999845
6856,1,0.9999999
6857,0,1.0
6858,0,1.0
6859,0,1.0
6860,5,0.999859
6861,6,1.0
6862,2,0.9999999
6863,7,0.99167365
6864,5,0.99605954
6865,3,0.9999963
6866,8,1.0
6867,8,0.9999999
6868,1,1.0
6869,9,0.9999994
6870,2,1.0
6871,3,0.9999969
6872,4,0.99999976
6873,0,0.99997175
6874,5,1.0
6875,3,1.0
6876,8,0.9999988
6877,3,1.0
6878,6,0.99999964
6879,8,0.9993218
6880,9,0.9999989
6881,3,1.0
6882,4,0.99999976
6883,8,1.0
6884,9,0.99999964
6885,4,0.99999964
6886,3,1.0
6887,2,1.0
6888,9,0.99999106
6889,2,0.99996376
6890,3,1.0
6891,7,1.0
6892,3,1.0
6893,7,0.9999994
6894,7,1.0
6895,7,0.99999905
6896,0,0.99998224
6897,4,1.0
6898,9,1.0
6899,5,0.99999905
6900,2,0.9999995
6901,3,1.0
6902,6,0.9999963
6903,6,1.0
6904,7,0.9994475
6905,5,0.9999325
6906,3,1.0
6907,3,0.9577175
6908,7,0.99999976
6909,1,0.9999999
6910,4,1.0
6911,9,0.9999993
6912,0,0.9999871
6913,9,0.99997807
6914,9,1.0
6915,8,1.0
6916,0,1.0
6917,0,0.9999969
6918,2,0.99996746
6919,9,0.9999943
6920,2,0.96305823
6921,3,1.0
6922,9,0.9990989
6923,2,0.99812645
6924,4,0.99999976
6925,9,0.9999999
6926,2,0.99950933
6927,1,0.99999917
6928,9,0.99999917
6929,7,0.99989915
6930,6,1.0
6931,9,0.9999902
6932,1,1.0
6933,9,0.99999917
6934,6,1.0
6935,4,0.9999943
6936,7,0.9999912
6937,7,0.99999726
6938,7,1.0
6939,2,0.9999659
6940,7,1.0
6941,6,1.0
6942,2,0.9999995
6943,9,0.99803025
6944,6,0.99971443
6945,6,1.0
6946,7,0.9999964
6947,3,1.0
6948,9,0.9999968
6949,8,0.9999938
6950,3,0.999998
6951,0,1.0
6952,9,0.99996185
6953,2,1.0
6954,8,1.0
6955,0,0.9999559
6956,3,0.99999976
6957,1,0.9999993
6958,9,0.9998022
6959,5,0.9996226
6960,2,0.99907875
6961,8,0.99575883
6962,9,0.9999995
6963,4,0.9999999
6964,4,1.0
6965,1,1.0
6966,0,0.9999994
6967,9,0.9054125
6968,1,0.99999964
6969,9,0.9999795
6970,7,0.99988604
6971,4,1.0
6972,5,1.0
6973,4,0.99993086
6974,3,0.99999857
6975,8,1.0
6976,5,1.0
6977,7,1.0
6978,0,1.0
6979,1,1.0
6980,4,0.99979645
6981,1,0.99999917
6982,8,0.9999999
6983,1,1.0
6984,6,1.0
6985,6,0.99999774
6986,9,0.9999647
6987,4,0.99999917
6988,8,0.99987257
6989,8,0.99980694
6990,1,0.9999994
6991,2,0.99976283
6992,2,0.99994695
6993,7,1.0
6994,8,1.0
6995,0,0.99996066
6996,2,1.0
6997,0,0.9999999
6998,4,0.99999976
6999,4,0.9999989
7000,3,0.99999547
7001,8,1.0
7002,1,1.0
7003,7,0.9999956
7004,6,0.99999654
7005,5,0.9999968
7006,4,1.0
7007,5,0.99997306
7008,0,0.99999213
7009,2,1.0
7010,2,0.9999945
7011,1,1.0
7012,5,0.99999976
7013,7,1.0
7014,2,1.0
7015,4,1.0
7016,6,1.0
7017,4,0.9999641
7018,4,1.0
7019,9,0.99873954
7020,2,0.9998018
7021,2,1.0
7022,7,0.99999774
7023,6,0.9999999
7024,1,0.9999999
7025,7,1.0
7026,1,1.0
7027,2,0.9160199
7028,3,1.0
7029,9,0.9999999
7030,7,0.9999784
7031,5,0.99999607
7032,1,0.9999999
7033,7,1.0
7034,4,0.99999845
7035,2,1.0
7036,2,0.74262816
7037,5,1.0
7038,7,1.0
7039,3,0.9978802
7040,5,0.9999733
7041,4,0.9832745
7042,6,1.0
7043,2,1.0
7044,8,0.9999987
7045,7,0.99114627
7046,2,1.0
7047,8,0.99996257
7048,9,0.9999999
7049,9,0.9999949
7050,2,0.9999999
7051,9,0.999992
7052,2,1.0
7053,4,1.0
7054,4,0.9999999
7055,1,0.99974865
7056,6,1.0
7057,0,1.0
7058,6,1.0
7059,8,0.99966145
7060,6,1.0
7061,5,0.9997228
7062,6,1.0
7063,9,0.99999726
7064,7,0.78658545
7065,1,1.0
7066,2,1.0
7067,2,0.9998934
7068,5,0.9998872
7069,0,0.9999981
7070,9,1.0
7071,4,1.0
7072,1,1.0
7073,9,0.99999917
7074,7,0.9561451
7075,3,0.9999999
7076,6,0.99993587
7077,5,0.99998677
7078,6,1.0
7079,5,1.0
7080,7,1.0
7081,0,0.99999976
7082,3,0.99999726
7083,0,0.9999628
7084,0,1.0
7085,2,1.0
7086,7,0.99999845
7087,0,1.0
7088,7,1.0
7089,8,0.99985445
7090,7,1.0
7091,2,1.0
7092,9,0.99962986
7093,5,0.99993193
7094,8,1.0
7095,0,0.9999999
7096,7,1.0
7097,2,0.9999999
7098,7,0.9999999
7099,6,0.99999976
7100,2,0.9998115
7101,0,0.9999746
7102,9,0.99999917
7103,7,0.9999999
7104,3,1.0
7105,5,0.9983359
7106,0,0.9999999
7107,3,0.99999547
7108,9,0.9999944
7109,0,0.99999964
7110,4,0.9995772
7111,6,1.0
7112,9,0.9999497
7113,1,1.0
7114,9,0.99999976
7115,1,0.99999964
7116,0,0.9999993
7117,0,0.99993765
7118,8,0.999992
7119,8,1.0
7120,9,1.0
7121,8,1.0
7122,3,1.0
7123,9,0.9999964
7124,9,0.99997103
7125,7,0.9999999
7126,8,1.0
7127,2,0.9999956
7128,5,0.97778416
7129,4,0.9993755
7130,2,0.997894
7131,5,0.9999995
7132,5,1.0
7133,3,1.0
7134,1,1.0
7135,1,0.9999999
7136,9,0.999998
7137,2,1.0
7138,7,1.0
7139,9,0.9999989
7140,5,0.99924314
7141,7,0.99999964
7142,6,1.0
7143,1,1.0
7144,2,0.9999999
7145,2,1.0
7146,9,0.99999976
7147,1,1.0
7148,4,0.99999905
7149,6,0.9959021
7150,6,0.9375383
7151,4,1.0
7152,4,1.0
7153,8,0.99999964
7154,9,0.71032625
7155,7,0.9976059
7156,1,1.0
7157,2,1.0
7158,0,0.9999999
7159,7,1.0
7160,6,1.0
7161,7,0.9999615
7162,6,1.0
7163,7,1.0
7164,1,0.9999943
7165,5,0.99999464
7166,2,1.0
7167,9,1.0
7168,2,0.9999995
7169,9,0.99999964
7170,4,0.66023916
7171,6,1.0
7172,6,0.99999964
7173,2,1.0
7174,1,1.0
7175,4,1.0
7176,5,0.99966
7177,7,0.9999833
7178,4,1.0
7179,8,0.9996063
7180,1,0.9990102
7181,0,0.99999654
7182,5,1.0
7183,1,0.999992
7184,5,0.9969228
7185,7,1.0
7186,4,0.99999356
7187,6,1.0
7188,2,1.0
7189,3,0.9999995
7190,5,0.9999987
7191,2,0.9999994
7192,5,1.0
7193,9,0.99999964
7194,1,1.0
7195,9,0.99999833
7196,3,1.0
7197,8,0.9950982
7198,0,0.9999999
7199,1,0.99999976
7200,6,0.9999995
7201,5,0.99999833
7202,9,0.99999714
7203,7,1.0
7204,7,1.0
7205,0,1.0
7206,9,1.0
7207,6,0.9995085
7208,3,1.0
7209,0,0.9999467
7210,9,0.9999995
7211,3,0.99294657
7212,1,1.0
7213,2,1.0
7214,8,0.99998355
7215,1,1.0
7216,3,0.9994266
7217,5,0.9915242
7218,9,0.9999999
7219,9,0.9999944
7220,8,0.99981135
7221,7,1.0
7222,1,0.99999964
7223,4,1.0
7224,9,0.99999976
7225,3,1.0
7226,5,0.9999999
7227,7,0.9999999
7228,1,0.9999975
7229,4,1.0
7230,4,1.0
7231,7,1.0
7232,4,0.99999976
7233,3,0.9999999
7234,3,1.0
7235,1,1.0
7236,9,0.99999964
7237,1,0.99999475
7238,3,1.0
7239,7,0.6603287
7240,3,0.99999774
7241,1,1.0
7242,4,1.0
7243,2,0.59419334
7244,2,0.9999255
7245,5,1.0
7246,6,0.9999002
7247,5,1.0
7248,6,1.0
7249,1,1.0
7250,8,0.9999994
7251,9,0.9999682
7252,4,0.99999905
7253,7,1.0
7254,1,1.0
7255,1,1.0
7256,8,0.99999976
7257,9,0.99980897
7258,6,1.0
7259,4,1.0
7260,6,1.0
7261,6,0.9999999
7262,0,1.0
7263,6,0.99999976
7264,2,1.0
7265,3,0.98248357
7266,3,0.99999964
7267,4,1.0
7268,3,1.0
7269,5,0.9999988
7270,6,0.9999995
7271,8,1.0
7272,2,0.99936384
7273,4,1.0
7274,3,0.9999999
7275,2,0.9979595
7276,0,1.0
7277,1,0.9999999
7278,4,0.99996483
7279,9,0.9999994
7280,3,1.0
7281,4,1.0
7282,2,0.9999882
7283,3,1.0
7284,0,0.99999475
7285,8,0.9999548
7286,5,1.0
7287,8,1.0
7288,1,1.0
7289,7,0.9999999
7290,8,0.99589276
7291,0,0.99999857
7292,9,0.9986658
7293,7,0.9999906
7294,7,1.0
7295,7,1.0
7296,1,1.0
7297,0,1.0
7298,4,0.99994016
7299,0,0.9986092
7300,4,0.9999988
7301,1,1.0
7302,6,1.0
7303,2,0.9971161
7304,4,1.0
7305,4,1.0
7306,6,1.0
7307,0,1.0
7308,7,0.99999464
7309,2,1.0
7310,2,0.9999584
7311,3,1.0
7312,9,1.0
7313,1,1.0
7314,1,0.99999964
7315,2,1.0
7316,2,0.9999999
7317,9,0.99908864
7318,3,1.0
7319,8,0.99999976
7320,0,0.99999964
7321,5,0.99999666
7322,2,0.99997604
7323,6,0.99999917
7324,2,0.9999999
7325,1,0.9999994
7326,1,0.99999964
7327,8,1.0
7328,7,0.99999857
7329,8,1.0
7330,2,1.0
7331,3,1.0
7332,8,1.0
7333,7,0.9999994
7334,1,1.0
7335,6,1.0
7336,3,1.0
7337,7,0.999767
7338,0,0.9999999
7339,5,0.99999475
7340,0,0.9961182
7341,6,0.99985147
7342,2,0.39293185
7343,4,1.0
7344,2,1.0
7345,2,1.0
7346,1,1.0
7347,7,0.9999999
7348,8,0.9999925
7349,4,0.99999833
7350,8,0.9984036
7351,9,0.99999475
7352,8,1.0
7353,8,0.99999976
7354,0,1.0
7355,2,1.0
7356,3,1.0
7357,4,0.9999316
7358,1,1.0
7359,3,1.0
7360,6,1.0
7361,3,1.0
7362,8,1.0
7363,7,0.99999344
7364,9,0.99995005
7365,2,1.0
7366,6,1.0
7367,3,1.0
7368,6,1.0
7369,9,1.0
7370,2,0.99999976
7371,2,0.9993957
7372,5,0.99999964
7373,7,0.99995947
7374,8,0.99999535
7375,7,1.0
7376,2,0.999892
7377,3,1.0
7378,6,0.99999905
7379,9,0.99999976
7380,1,1.0
7381,9,1.0
7382,6,1.0
7383,4,1.0
7384,5,1.0
7385,6,1.0
7386,6,0.9999176
7387,0,1.0
7388,7,0.9999925
7389,3,0.99999976
7390,9,0.9999995
7391,4,1.0
7392,1,0.99999917
7393,6,0.9999918
7394,9,0.9999788
7395,1,1.0
7396,6,0.9999951
7397,9,0.99999857
7398,3,1.0
7399,5,0.999943
7400,2,0.9999968
7401,2,1.0
7402,7,0.99999964
7403,9,0.99999154
7404,7,1.0
7405,2,1.0
7406,9,0.9999999
7407,0,1.0
7408,9,0.66578484
7409,8,0.99999905
7410,2,1.0
7411,1,1.0
7412,9,1.0
7413,1,0.99999213
7414,2,0.99998283
7415,5,0.9999982
7416,0,1.0
7417,9,0.9999914
7418,0,0.9999999
7419,5,0.99999714
7420,6,0.99945503
7421,8,1.0
7422,9,0.9999988
7423,5,0.9995803
7424,8,1.0
7425,5,0.99999726
7426,1,0.9991353
7427,9,0.99999964
7428,4,0.9999999
7429,1,1.0
7430,6,1.0
7431,4,0.99966264
7432,4,1.0
7433,6,1.0
7434,3,0.99967694
7435,7,1.0
7436,3,1.0
7437,8,1.0
7438,2,0.8812247
7439,4,1.0
7440,5,0.99999964
7441,1,0.999998
7442,6,1.0
7443,4,0.9999999
7444,7,0.99464816
7445,1,1.0
7446,2,1.0
7447,3,1.0
7448,2,0.5757588
7449,3,1.0
7450,5,0.9999999
7451,2,0.999897
7452,5,0.99975234
7453,3,1.0
7454,2,0.9999999
7455,1,1.0
7456,5,0.9910767
7457,3,0.999754
7458,0,0.9999924
7459,4,0.9999999
7460,9,0.9999858
7461,3,1.0
7462,4,0.6638524
7463,6,0.9999995
7464,2,0.9999615
7465,1,0.91754204
7466,9,0.99999905
7467,9,0.99712914
7468,5,0.9980907
7469,8,0.9999994
7470,0,1.0
7471,3,0.9889127
7472,0,0.99999964
7473,0,1.0
7474,6,0.9999999
7475,6,0.9999584
7476,2,1.0
7477,6,1.0
7478,2,0.9999994
7479,0,0.99999917
7480,7,0.9999987
7481,1,0.9999999
7482,2,0.99999344
7483,8,0.9995285
7484,2,0.9999999
7485,9,1.0
7486,1,1.0
7487,6,0.9999902
7488,4,0.99992955
7489,3,0.99904066
7490,9,0.9983584
7491,0,0.99999416
7492,9,0.9992818
7493,5,1.0
7494,4,0.99999094
7495,3,1.0
7496,1,0.9999999
7497,0,1.0
7498,2,1.0
7499,5,0.9999949
7500,6,0.99801266
7501,2,1.0
7502,4,0.99995863
7503,4,1.0
7504,3,1.0
7505,4,1.0
7506,4,0.99996483
7507,7,0.9999994
7508,6,0.99994135
7509,6,1.0
7510,8,0.9559788
7511,4,0.99999654
7512,8,0.5775446
7513,3,1.0
7514,3,1.0
7515,8,0.9994037
7516,4,1.0
7517,1,0.9999981
7518,8,1.0
7519,2,1.0
7520,5,0.99998176
7521,5,1.0
7522,2,0.9998678
7523,4,1.0
7524,0,0.99999607
7525,0,1.0
7526,4,1.0
7527,1,1.0
7528,5,1.0
7529,7,1.0
7530,7,1.0
7531,8,1.0
7532,3,1.0
7533,6,1.0
7534,2,1.0
7535,6,1.0
7536,5,0.9999964
7537,1,0.99999964
7538,7,0.99999857
7539,3,0.99999976
7540,1,1.0
7541,7,1.0
7542,7,1.0
7543,4,0.99986124
7544,8,1.0
7545,7,1.0
7546,3,1.0
7547,3,0.9999995
7548,3,0.99999905
7549,1,0.99997556
7550,6,1.0
7551,1,0.99999905
7552,5,0.99999785
7553,5,1.0
7554,9,0.99999976
7555,3,1.0
7556,0,1.0
7557,5,0.9960276
7558,2,1.0
7559,0,0.99985695
7560,8,1.0
7561,0,0.99999976
7562,0,1.0
7563,2,1.0
7564,5,0.99999857
7565,5,1.0
7566,8,0.9999968
7567,5,0.99999917
7568,4,0.99999905
7569,7,1.0
7570,5,0.99992144
7571,4,0.9918801
7572,1,0.99999976
7573,5,1.0
7574,3,0.9997136
7575,7,0.99999964
7576,7,0.99999416
7577,7,0.99999726
7578,3,1.0
7579,1,1.0
7580,4,0.9999994
7581,3,1.0
7582,8,0.99999976
7583,4,1.0
7584,0,1.0
7585,7,0.99998116
7586,0,1.0
7587,0,0.99991536
7588,0,0.9999379
7589,9,0.99999964
7590,8,1.0
7591,1,0.9999994
7592,5,1.0
7593,8,0.99999654
7594,9,0.961292
7595,6,1.0
7596,8,1.0
7597,7,1.0
7598,4,0.9999999
7599,1,1.0
7600,4,0.9999999
7601,4,1.0
7602,0,1.0
7603,2,1.0
7604,0,1.0
7605,4,1.0
7606,5,0.9999988
7607,5,0.99999714
7608,8,0.9991924
7609,6,0.99771464
7610,8,1.0
7611,9,0.99999964
7612,6,0.99999964
7613,6,1.0
7614,5,1.0
7615,1,0.9999794
7616,5,0.9999999
7617,7,0.99998856
7618,3,0.9999896
7619,5,1.0
7620,2,0.999992
7621,3,0.999848
7622,2,1.0
7623,3,1.0
7624,8,1.0
7625,6,1.0
7626,4,0.9999995
7627,8,1.0
7628,0,0.9986137
7629,1,1.0
7630,2,0.9996112
7631,7,1.0
7632,5,0.99999917
7633,5,0.9999993
7634,0,0.9999999
7635,4,0.99893445
7636,6,0.999915
7637,6,1.0
7638,8,1.0
7639,4,1.0
7640,4,0.99999976
7641,6,0.9999993
7642,5,0.9999913
7643,5,1.0
7644,5,0.9999994
7645,9,0.9999901
7646,4,0.99991274
7647,6,1.0
7648,1,0.99999976
7649,8,0.99996865
7650,0,1.0
7651,2,0.9999988
7652,7,0.9999713
7653,5,0.99997187
7654,1,0.9885294
7655,3,1.0
7656,3,1.0
7657,2,0.9999993
7658,6,0.56334984
7659,1,1.0
7660,3,0.9999924
7661,6,1.0
7662,3,0.9995763
7663,4,1.0
7664,6,0.9999943
7665,4,0.9999999
7666,6,1.0
7667,3,1.0
7668,0,1.0
7669,0,0.99997234
7670,5,0.99999714
7671,5,0.9999968
7672,0,0.9999914
7673,7,0.99999607
7674,9,0.99999964
7675,1,0.9999999
7676,3,1.0
7677,1,0.99999523
7678,4,0.99999976
7679,8,0.9997037
7680,7,1.0
7681,5,0.99998987
7682,8,1.0
7683,0,0.9999982
7684,0,0.9999993
7685,0,1.0
7686,0,0.9910635
7687,6,1.0
7688,9,1.0
7689,7,0.9999995
7690,8,0.99820364
7691,4,0.99999857
7692,9,0.9999902
7693,6,0.9678159
7694,7,0.9999857
7695,4,1.0
7696,0,1.0
7697,7,1.0
7698,6,1.0
7699,8,0.99999976
7700,1,1.0
7701,4,0.99999976
7702,1,0.99998915
7703,3,1.0
7704,0,0.99999833
7705,8,1.0
7706,7,1.0
7707,8,0.9999999
7708,1,1.0
7709,3,1.0
7710,4,1.0
7711,1,1.0
7712,5,1.0
7713,2,1.0
7714,3,1.0
7715,0,1.0
7716,7,0.99999964
7717,1,0.99999976
7718,0,0.9999999
7719,3,0.99999225
7720,8,1.0
7721,5,0.99998415
7722,0,0.9999999
7723,3,1.0
7724,1,1.0
7725,5,1.0
7726,4,1.0
7727,5,0.9999727
7728,3,1.0
7729,8,0.99909174
7730,6,0.93754745
7731,6,1.0
7732,6,0.9999939
7733,1,1.0
7734,4,1.0
7735,7,0.9999995
7736,3,0.99999046
7737,7,1.0
7738,8,1.0
7739,6,1.0
7740,0,1.0
7741,5,0.9995235
7742,6,1.0
7743,6,1.0
7744,9,0.99999785
7745,5,1.0
7746,5,1.0
7747,2,0.9999999
7748,2,1.0
7749,6,1.0
7750,1,1.0
7751,5,0.99999976
7752,6,1.0
7753,0,0.9999956
7754,3,1.0
7755,2,1.0
7756,6,0.9999988
7757,6,0.9999999
7758,1,1.0
7759,5,0.9999964
7760,9,0.9999999
7761,5,0.9999969
7762,4,0.99999964
7763,6,0.99999857
7764,1,1.0
7765,1,1.0
7766,7,1.0
7767,2,1.0
7768,0,0.99924576
7769,5,1.0
7770,8,1.0
7771,1,0.9999995
7772,0,0.9989796
7773,4,0.9999454
7774,8,1.0
7775,6,1.0
7776,1,1.0
7777,9,0.9999987
7778,5,0.9999871
7779,1,0.9991371
7780,7,0.9999995
7781,6,1.0
7782,6,1.0
7783,7,1.0
7784,6,0.9969643
7785,7,0.99999917
7786,3,0.99999905
7787,8,0.9999995
7788,1,1.0
7789,1,1.0
7790,6,1.0
7791,4,1.0
7792,8,0.9996574
7793,1,0.9999994
7794,4,0.999987
7795,4,0.9999995
7796,1,0.9999995
7797,4,0.9999969
7798,1,0.99999475
7799,1,1.0
7800,7,1.0
7801,9,1.0
7802,6,0.9999999
7803,3,1.0
7804,8,0.99999917
7805,6,1.0
7806,5,0.9999987
7807,6,1.0
7808,2,0.9997949
7809,5,1.0
7810,9,0.9999974
7811,4,0.99999726
7812,3,1.0
7813,1,1.0
7814,6,1.0
7815,6,1.0
7816,3,0.9999999
7817,0,0.99999976
7818,7,1.0
7819,4,1.0
7820,4,0.9999976
7821,6,1.0
7822,1,1.0
7823,1,0.99999964
7824,5,0.999998
7825,5,0.9999994
7826,4,0.9999901
7827,1,1.0
7828,6,0.99999714
7829,9,0.9996356
7830,2,0.99999404
7831,7,0.99996984
7832,7,1.0
7833,5,0.9999825
7834,1,1.0
7835,9,0.9999999
7836,3,1.0
7837,9,0.9999982
7838,2,0.7149629
7839,9,0.9999964
7840,4,1.0
7841,9,1.0
7842,8,1.0
7843,1,0.71880656
7844,7,0.99999976
7845,1,1.0
7846,8,0.99999976
7847,6,0.9999993
7848,9,0.99999964
7849,5,0.9999999
7850,3,1.0
7851,6,0.9998636
7852,8,0.94090515
7853,8,1.0
7854,8,0.9999976
7855,9,0.99818283
7856,2,1.0
7857,8,1.0
7858,3,1.0
7859,4,0.9997516
7860,0,1.0
7861,8,1.0
7862,4,0.9999993
7863,6,1.0
7864,5,0.99999607
7865,0,1.0
7866,6,1.0
7867,7,0.9999566
7868,8,1.0
7869,9,0.9999999
7870,7,0.99999857
7871,4,1.0
7872,2,0.9999995
7873,7,0.99999726
7874,2,0.9843188
7875,8,0.9989371
7876,0,0.99999905
7877,0,1.0
7878,4,0.99999785
7879,2,1.0
7880,9,0.9998828
7881,0,1.0
7882,1,0.9999995
7883,7,0.999263
7884,9,0.9999981
7885,7,0.9999976
7886,1,1.0
7887,7,1.0
7888,0,0.9999999
7889,7,0.99999976
7890,0,1.0
7891,3,0.9999957
7892,1,1.0
7893,2,0.9998312
7894,8,1.0
7895,1,1.0
7896,4,0.99999404
7897,4,0.99999547
7898,0,1.0
7899,7,0.99999905
7900,0,0.99980754
7901,9,0.99999607
7902,8,0.99999964
7903,1,1.0
7904,8,0.9999988
7905,8,1.0
7906,1,0.999587
7907,2,1.0
7908,5,0.9968231
7909,5,1.0
7910,1,1.0
7911,0,1.0
7912,8,1.0
7913,8,0.7879242
7914,0,1.0
7915,3,1.0
7916,7,0.9999981
7917,0,0.9999789
7918,5,1.0
7919,3,0.9999994
7920,7,1.0
7921,7,1.0
7922,0,0.99306905
7923,5,0.97795266
7924,5,0.99991953
7925,2,1.0
7926,5,0.9999989
7927,2,0.99879044
7928,2,1.0
7929,7,0.9976889
7930,2,0.9994838
7931,7,1.0
7932,5,1.0
7933,6,1.0
7934,7,1.0
7935,6,1.0
7936,2,0.9997353
7937,4,1.0
7938,0,0.9999994
7939,1,0.9999999
7940,8,0.99999976
7941,0,0.9999976
7942,6,1.0
7943,9,0.99999964
7944,9,0.9985044
7945,6,0.9999559
7946,6,1.0
7947,2,0.99998224
7948,4,0.9999999
7949,4,1.0
7950,0,1.0
7951,1,1.0
7952,7,0.9999987
7953,9,0.99973005
7954,8,0.99999726
7955,2,1.0
7956,3,0.6448548
7957,3,0.9989084
7958,1,1.0
7959,4,1.0
7960,5,1.0
7961,2,0.99999905
7962,2,1.0
7963,7,1.0
7964,4,0.99999964
7965,1,1.0
7966,7,0.9999881
7967,9,0.9921691
7968,8,0.9999999
7969,9,0.99999976
7970,6,1.0
7971,8,1.0
7972,7,0.999998
7973,8,1.0
7974,7,0.9999999
7975,0,0.99999976
7976,4,1.0
7977,4,0.99999976
7978,9,0.70911396
7979,5,0.99966276
7980,5,0.9999989
7981,0,1.0
7982,3,0.9993999
7983,6,0.9999994
7984,9,1.0
7985,4,0.99999976
7986,1,1.0
7987,0,1.0
7988,1,1.0
7989,2,0.99999905
7990,3,0.999985
7991,1,0.99999917
7992,6,1.0
7993,0,0.9999999
7994,1,1.0
7995,2,0.9951556
7996,4,0.99985945
7997,3,1.0
7998,3,1.0
7999,2,1.0
8000,0,0.9999975
8001,6,0.9999989
8002,9,0.9999988
8003,2,0.9999857
8004,1,1.0
8005,3,1.0
8006,2,1.0
8007,2,0.9987453
8008,8,0.9999999
8009,0,0.9999933
8010,6,1.0
8011,1,0.9999994
8012,1,1.0
8013,2,0.99998987
8014,7,0.99985933
8015,2,0.9969332
8016,8,1.0
8017,3,1.0
8018,1,1.0
8019,9,0.99999905
8020,5,0.99999976
8021,5,0.99670464
8022,1,1.0
8023,8,1.0
8024,5,1.0
8025,0,0.99999774
8026,3,0.9999999
8027,7,0.9999999
8028,7,0.999997
8029,5,1.0
8030,4,1.0
8031,5,0.99999976
8032,7,0.81160444
8033,3,1.0
8034,5,1.0
8035,7,0.99998
8036,8,0.9999999
8037,0,0.99994457
8038,2,0.99998915
8039,1,1.0
8040,4,1.0
8041,0,0.9999856
8042,9,1.0
8043,1,1.0
8044,7,1.0
8045,9,0.99999976
8046,1,1.0
8047,6,0.99999917
8048,7,1.0
8049,1,0.9999995
8050,3,1.0
8051,5,0.9999999
8052,9,0.9855999
8053,2,0.9997532
8054,4,1.0
8055,0,0.99999976
8056,3,1.0
8057,5,1.0
8058,1,1.0
8059,4,1.0
8060,2,1.0
8061,1,0.99999976
8062,4,0.9999856
8063,0,1.0
8064,1,1.0
8065,1,1.0
8066,7,1.0
8067,3,0.99999046
8068,7,1.0
8069,1,0.9999999
8070,3,1.0
8071,3,1.0
8072,0,1.0
8073,4,1.0
8074,9,1.0
8075,4,0.9999608
8076,6,0.9999987
8077,8,1.0
8078,2,0.9999838
8079,9,0.9999999
8080,5,1.0
8081,1,1.0
8082,9,0.9999999
8083,5,0.9999999
8084,0,1.0
8085,7,0.99960357
8086,2,1.0
8087,3,0.9999999
8088,4,0.99305034
8089,8,0.9999999
8090,6,1.0
8091,7,1.0
8092,2,1.0
8093,5,1.0
8094,5,0.9990946
8095,8,0.9999957
8096,0,1.0
8097,1,0.9999994
8098,4,0.99999964
8099,7,0.99996245
8100,3,1.0
8101,6,1.0
8102,6,1.0
8103,5,0.9999999
8104,1,1.0
8105,9,0.99999523
8106,3,1.0
8107,0,0.9999999
8108,3,0.9999422
8109,8,0.99999857
8110,9,0.99997616
8111,7,0.9999999
8112,1,0.99999964
8113,3,1.0
8114,0,1.0
8115,5,0.9999999
8116,7,1.0
8117,4,0.9999614
8118,0,0.9999993
8119,4,1.0
8120,9,0.9320464
8121,9,0.9999999
8122,8,0.99999976
8123,2,1.0
8124,8,1.0
8125,3,0.99999666
8126,1,1.0
8127,5,0.99991715
8128,8,0.99999976
8129,3,1.0
8130,7,1.0
8131,5,0.9999938
8132,0,0.9999994
8133,3,0.99948597
8134,5,0.9999901
8135,4,0.99999964
8136,4,0.9999999
8137,2,0.9999999
8138,5,0.9999974
8139,9,0.99985373
8140,6,0.99999774
8141,6,1.0
8142,0,1.0
8143,2,0.99999905
8144,4,1.0
8145,1,0.9999999
8146,9,0.9999918
8147,8,0.99994874
8148,5,0.99971384
8149,0,0.9999057
8150,3,1.0
8151,8,1.0
8152,3,0.9996729
8153,0,1.0
8154,1,1.0
8155,1,1.0
8156,2,0.99990106
8157,4,0.9848409
8158,6,1.0
8159,1,0.99999857
8160,1,1.0
8161,0,0.9999999
8162,7,0.9999994
8163,2,0.9999999
8164,8,0.9729627
8165,2,0.9999895
8166,7,0.9999999
8167,7,0.8355972
8168,1,1.0
8169,4,0.99833053
8170,1,1.0
8171,8,0.99999976
8172,6,0.9999993
8173,7,0.9998977
8174,7,1.0
8175,6,1.0
8176,3,1.0
8177,2,0.9999999
8178,4,0.9999995
8179,1,1.0
8180,4,0.9999999
8181,5,0.9999999
8182,8,0.99999976
8183,3,1.0
8184,6,0.9885923
8185,4,1.0
8186,8,0.9999951
8187,4,1.0
8188,6,1.0
8189,6,1.0
8190,1,1.0
8191,7,1.0
8192,5,1.0
8193,5,0.9928854
8194,1,1.0
8195,3,1.0
8196,2,1.0
8197,2,0.99999964
8198,9,0.9868832
8199,0,1.0
8200,0,0.80822015
8201,2,1.0
8202,9,0.99972945
8203,1,1.0
8204,3,1.0
8205,3,1.0
8206,3,1.0
8207,3,0.9999827
8208,9,0.99989116
8209,3,1.0
8210,4,1.0
8211,1,0.9999994
8212,2,1.0
8213,6,0.9999995
8214,8,1.0
8215,1,0.9999999
8216,9,0.99995625
8217,5,1.0
8218,4,1.0
8219,7,1.0
8220,9,1.0
8221,0,0.9999974
8222,7,1.0
8223,2,0.99999976
8224,9,0.9999999
8225,9,1.0
8226,1,1.0
8227,4,1.0
8228,0,0.9997652
8229,6,1.0
8230,7,0.99999964
8231,8,0.99999976
8232,7,0.9999999
8233,9,0.99223316
8234,7,1.0
8235,2,0.9999689
8236,4,0.99976796
8237,4,1.0
8238,4,0.999706
8239,6,0.9999994
8240,3,0.9997179
8241,1,1.0
8242,9,0.9999944
8243,3,0.9999964
8244,6,1.0
8245,6,0.99999905
8246,3,0.99969125
8247,2,0.9999995
8248,8,0.9998982
8249,2,1.0
8250,8,1.0
8251,2,1.0
8252,4,1.0
8253,0,1.0
8254,6,1.0
8255,0,0.9999995
8256,3,0.91191036
8257,5,0.95301276
8258,5,0.9969807
8259,0,0.9999989
8260,1,1.0
8261,6,1.0
8262,5,0.9999993
8263,2,1.0
8264,3,0.99999845
8265,0,0.9999974
8266,3,1.0
8267,0,0.99999607
8268,0,0.9999918
8269,4,0.99991155
8270,4,0.9999999
8271,5,0.99999976
8272,0,1.0
8273,5,0.99981314
8274,3,0.9999988
8275,0,0.99999845
8276,2,0.99999607
8277,3,1.0
8278,1,1.0
8279,2,0.99998736
8280,4,1.0
8281,3,0.9999993
8282,0,0.998398
8283,2,0.999998
8284,0,1.0
8285,7,1.0
8286,9,1.0
8287,3,1.0
8288,3,0.99999964
8289,9,0.99999976
8290,6,0.99999976
8291,5,1.0
8292,9,0.99999976
8293,8,0.999114
8294,1,1.0
8295,8,0.99999833
8296,0,1.0
8297,5,0.93164396
8298,5,0.99999976
8299,1,1.0
8300,4,0.9999956
8301,5,0.99999917
8302,1,1.0
8303,7,1.0
8304,5,0.5896871
8305,7,0.99999833
8306,6,1.0
8307,2,0.99880326
8308,1,0.9999993
8309,1,1.0
8310,0,1.0
8311,5,0.9999845
8312,0,0.99979776
8313,4,1.0
8314,1,0.9999906
8315,9,0.99993694
8316,5,0.9999796
8317,3,0.6753997
8318,4,0.9999999
8319,5,0.9967884
8320,3,1.0
8321,8,0.9998342
8322,8,0.9999938
8323,3,1.0
8324,7,0.99999416
8325,8,0.9999888
8326,2,0.9999999
8327,6,0.9998908
8328,9,0.9999877
8329,8,1.0
8330,3,0.9999999
8331,6,0.51580197
8332,6,0.9999999
8333,7,0.9999999
8334,6,1.0
8335,2,0.99999905
8336,8,1.0
8337,6,1.0
8338,9,0.60680044
8339,1,1.0
8340,5,0.9998294
8341,7,0.9999976
8342,2,1.0
8343,1,1.0
8344,2,1.0
8345,3,1.0
8346,9,0.9999999
8347,4,0.9999914
8348,1,1.0
8349,9,0.999995
8350,2,1.0
8351,8,1.0
8352,4,1.0
8353,6,0.99999964
8354,7,1.0
8355,8,0.9999993
8356,6,0.9999422
8357,9,0.9997764
8358,8,0.9987902
8359,4,1.0
8360,3,0.7626
8361,1,0.9999994
8362,2,1.0
8363,0,1.0
8364,2,0.99999976
8365,9,0.9999347
8366,5,0.63415956
8367,1,1.0
8368,5,1.0
8369,0,1.0
8370,8,0.9434995
8371,5,0.999997
8372,2,0.99999964
8373,7,1.0
8374,5,0.9999995
8375,8,1.0
8376,1,1.0
8377,5,1.0
8378,1,1.0
8379,1,0.9999993
8380,0,0.99999976
8381,5,1.0
8382,4,1.0
8383,2,1.0
8384,0,1.0
8385,0,0.9999975
8386,9,0.99441093
8387,0,0.9999999
8388,2,1.0
8389,7,0.9999615
8390,7,0.9999938
8391,5,0.99998546
8392,2,1.0
8393,5,0.99992585
8394,4,1.0
8395,6,1.0
8396,3,1.0
8397,9,0.99999475
8398,5,1.0
8399,4,0.9999999
8400,0,0.9999988
8401,5,1.0
8402,6,1.0
8403,3,1.0
8404,2,0.62100565
8405,3,1.0
8406,1,1.0
8407,6,0.9999732
8408,2,1.0
8409,4,0.9999994
8410,4,1.0
8411,4,0.9999999
8412,0,0.9999999
8413,5,0.9999976
8414,1,1.0
8415,8,0.99999905
8416,0,0.99999404
8417,3,0.99911183
8418,4,1.0
8419,5,0.9999994
8420,0,1.0
8421,2,1.0
8422,2,0.9999825
8423,0,1.0
8424,1,0.9999608
8425,1,1.0
8426,6,1.0
8427,1,1.0
8428,4,1.0
8429,3,1.0
8430,1,1.0
8431,5,1.0
8432,9,0.9999974
8433,9,1.0
8434,2,1.0
8435,5,0.99999976
8436,0,0.9999776
8437,0,0.99999523
8438,2,1.0
8439,4,1.0
8440,7,0.999951
8441,8,1.0
8442,2,0.9999999
8443,8,0.9999999
8444,4,0.9999999
8445,4,1.0
8446,4,1.0
8447,4,1.0
8448,8,1.0
8449,0,0.9999999
8450,5,0.999966
8451,8,1.0
8452,5,1.0
8453,4,0.99999976
8454,7,0.9999598
8455,4,0.9999995
8456,4,0.9999999
8457,9,0.99999917
8458,2,0.99982506
8459,4,0.99252945
8460,8,1.0
8461,3,1.0
8462,0,1.0
8463,9,0.99996626
8464,8,0.9999918
8465,7,1.0
8466,4,0.9986563
8467,2,0.99999976
8468,4,1.0
8469,2,1.0
8470,6,1.0
8471,3,1.0
8472,2,1.0
8473,7,1.0
8474,5,0.9999895
8475,1,1.0
8476,0,0.9999999
8477,2,0.99999654
8478,9,0.9999883
8479,9,0.9999999
8480,0,0.99999976
8481,4,0.99998105
8482,7,0.77595663
8483,7,0.9999926
8484,0,0.9999989
8485,5,1.0
8486,4,0.9999882
8487,4,1.0
8488,1,1.0
8489,5,0.99890065
8490,2,0.9998287
8491,6,0.99484044
8492,8,0.99999785
8493,1,1.0
8494,2,0.99999976
8495,8,0.99998343
8496,3,1.0
8497,3,1.0
8498,2,0.9999993
8499,9,0.99999917
8500,7,0.99778026
8501,1,0.9999994
8502,4,0.9295047
8503,4,1.0
8504,6,1.0
8505,9,1.0
8506,0,1.0
8507,2,1.0
8508,4,0.9999354
8509,4,1.0
8510,5,1.0
8511,7,0.9999995
8512,8,1.0
8513,9,0.9986229
8514,4,1.0
8515,3,0.9999504
8516,4,0.9999975
8517,1,0.99999976
8518,7,1.0
8519,8,0.9999591
8520,2,0.9999993
8521,8,0.9907941
8522,2,0.9996574
8523,1,0.99999964
8524,2,0.9999964
8525,9,0.9999975
8526,7,0.99999976
8527,7,0.99999785
8528,0,1.0
8529,1,1.0
8530,2,1.0
8531,0,0.9943508
8532,9,0.9810357
8533,4,0.9999862
8534,2,0.99999785
8535,1,0.99999845
8536,4,0.9999999
8537,5,0.99998987
8538,0,1.0
8539,8,1.0
8540,6,0.9999999
8541,1,0.9999989
8542,9,1.0
8543,5,1.0
8544,1,1.0
8545,6,1.0
8546,2,0.9999999
8547,1,1.0
8548,8,1.0
8549,0,1.0
8550,5,0.9988153
8551,1,1.0
8552,9,0.90776527
8553,9,0.9999827
8554,6,1.0
8555,6,1.0
8556,5,0.99999917
8557,1,0.9999999
8558,1,0.9999999
8559,7,0.9999999
8560,9,0.9999976
8561,4,1.0
8562,2,0.9992562
8563,7,1.0
8564,3,1.0
8565,4,1.0
8566,6,0.99999905
8567,0,1.0
8568,6,0.9999999
8569,3,0.9999995
8570,0,0.9999919
8571,6,1.0
8572,3,1.0
8573,0,0.9999988
8574,1,0.99999726
8575,3,1.0
8576,2,0.9999989
8577,6,1.0
8578,3,1.0
8579,1,0.94810057
8580,0,0.9999994
8581,5,1.0
8582,9,0.8565684
8583,1,0.9999999
8584,3,1.0
8585,9,0.9999975
8586,0,1.0
8587,2,1.0
8588,0,0.9999999
8589,5,1.0
8590,8,0.99907446
8591,9,0.9999999
8592,6,1.0
8593,6,1.0
8594,5,0.999998
8595,2,1.0
8596,4,0.95194536
8597,7,1.0
8598,2,0.9999721
8599,0,0.9954419
8600,7,1.0
8601,9,1.0
8602,1,1.0
8603,3,1.0
8604,9,0.9999999
8605,9,0.8159781
8606,2,0.99992085
8607,6,1.0
8608,4,0.999998
8609,9,0.99959713
8610,7,0.9999982
8611,6,1.0
8612,0,0.9999995
8613,0,0.99994075
8614,4,0.9999888
8615,8,0.99988174
8616,4,0.9999999
8617,9,0.9999758
8618,8,1.0
8619,3,1.0
8620,5,1.0
8621,1,1.0
8622,7,1.0
8623,7,0.9999999
8624,1,1.0
8625,4,0.999941
8626,1,0.9999999
8627,6,0.8528527
8628,3,1.0
8629,9,0.9997092
8630,7,1.0
8631,6,1.0
8632,6,0.9999628
8633,1,1.0
8634,9,0.9999993
8635,4,0.99848574
8636,0,0.9999999
8637,0,0.99999285
8638,4,1.0
8639,4,1.0
8640,8,0.9993529
8641,3,1.0
8642,1,1.0
8643,7,0.9999982
8644,5,0.99999654
8645,7,0.99995923
8646,3,0.9999999
8647,7,1.0
8648,4,0.99999976
8649,1,1.0
8650,0,0.9999988
8651,3,1.0
8652,2,1.0
8653,4,0.9998739
8654,3,1.0
8655,2,0.9999826
8656,2,1.0
8657,6,0.9999999
8658,0,0.99999976
8659,9,0.99999964
8660,9,0.9999999
8661,2,0.99997056
8662,3,1.0
8663,1,1.0
8664,8,1.0
8665,6,0.99999964
8666,4,1.0
8667,2,1.0
8668,2,0.99987376
8669,1,1.0
8670,7,0.99999857
8671,3,1.0
8672,1,0.9999999
8673,4,0.93604076
8674,5,1.0
8675,0,0.9966018
8676,6,1.0
8677,8,1.0
8678,1,0.9999999
8679,7,0.99999785
8680,8,0.99986315
8681,3,1.0
8682,7,1.0
8683,6,1.0
8684,7,0.99999106
8685,7,1.0
8686,3,1.0
8687,7,0.99991417
8688,2,1.0
8689,4,0.99963033
8690,5,0.9999999
8691,7,0.99999964
8692,7,0.9999999
8693,9,0.9991227
8694,0,0.9999993
8695,9,0.9999821
8696,1,1.0
8697,8,1.0
8698,1,1.0
8699,8,0.9999981
8700,4,1.0
8701,4,1.0
8702,1,1.0
8703,9,0.9999999
8704,9,0.9999999
8705,6,1.0
8706,1,0.9999931
8707,7,0.99999976
8708,5,0.9999999
8709,3,1.0
8710,5,0.99999964
8711,3,0.9948537
8712,7,0.9661908
8713,8,0.9999887
8714,0,1.0
8715,0,1.0
8716,1,1.0
8717,0,0.99780244
8718,3,1.0
8719,6,1.0
8720,6,1.0
8721,1,1.0
8722,9,0.99999607
8723,4,0.97906053
8724,0,0.9999831
8725,1,0.99999976
8726,0,0.99999964
8727,2,0.9999925
8728,0,0.99999857
8729,6,1.0
8730,7,1.0
8731,7,1.0
8732,5,0.9999999
8733,3,1.0
8734,1,1.0
8735,8,0.9999982
8736,9,0.99999046
8737,7,0.7287814
8738,0,0.99774784
8739,4,1.0
8740,6,0.9995315
8741,2,0.99999976
8742,5,0.99999964
8743,0,0.99998975
8744,6,1.0
8745,5,0.99999964
8746,6,1.0
8747,8,1.0
8748,3,1.0
8749,4,0.99999976
8750,1,0.9999993
8751,8,0.99999774
8752,4,0.9999913
8753,6,1.0
8754,8,0.99999976
8755,7,1.0
8756,1,1.0
8757,8,0.9999994
8758,6,1.0
8759,8,0.9999999
8760,1,0.99999845
8761,2,0.99999785
8762,3,1.0
8763,3,1.0
8764,2,1.0
8765,3,1.0
8766,3,0.99999905
8767,6,1.0
8768,8,1.0
8769,2,1.0
8770,7,0.99990463
8771,6,1.0
8772,8,0.9997707
8773,8,0.9999999
8774,0,1.0
8775,9,0.9999999
8776,2,0.9970329
8777,7,0.99305856
8778,7,1.0
8779,5,0.96634144
8780,3,1.0
8781,1,0.9970958
8782,2,0.9999999
8783,3,1.0
8784,1,0.9999933
8785,4,1.0
8786,3,1.0
8787,6,0.99979216
8788,4,1.0
8789,8,0.9999701
8790,3,1.0
8791,1,0.9999981
8792,3,1.0
8793,6,0.99999774
8794,9,0.9999982
8795,6,1.0
8796,9,0.9998511
8797,0,1.0
8798,3,1.0
8799,9,0.9998344
8800,0,1.0
8801,7,1.0
8802,7,0.99999094
8803,3,0.9999993
8804,0,0.9996767
8805,0,0.9999902
8806,9,1.0
8807,3,1.0
8808,5,0.9996942
8809,7,0.9998658
8810,9,0.99999976
8811,8,0.9999988
8812,6,1.0
8813,0,0.99999785
8814,7,1.0
8815,7,0.99999297
8816,2,1.0
8817,8,0.9999968
8818,7,1.0
8819,9,0.99999964
8820,1,1.0
8821,2,0.9999993
8822,3,0.9843754
8823,6,1.0
8824,0,0.99999976
8825,7,1.0
8826,8,1.0
8827,1,1.0
8828,0,0.99381
8829,3,1.0
8830,6,1.0
8831,9,0.99999976
8832,9,0.9999999
8833,5,0.9999999
8834,0,0.9999906
8835,5,0.9860437
8836,0,1.0
8837,1,1.0
8838,1,1.0
8839,8,0.7549981
8840,2,1.0
8841,5,0.9999968
8842,9,0.9997625
8843,5,1.0
8844,4,1.0
8845,0,0.99999857
8846,3,0.99976176
8847,5,0.9999615
8848,1,1.0
8849,2,1.0
8850,7,1.0
8851,6,1.0
8852,5,0.99999774
8853,3,1.0
8854,0,1.0
8855,5,1.0
8856,6,1.0
8857,9,0.99999833
8858,0,0.9999026
8859,7,0.9999993
8860,8,0.9999994
8861,1,0.9999989
8862,7,0.9999713
8863,1,0.99999857
8864,8,0.9999832
8865,5,0.9992416
8866,2,1.0
8867,2,0.9239754
8868,9,0.99999964
8869,7,0.9995652
8870,3,0.9999956
8871,2,0.99998724
8872,1,0.99999976
8873,2,1.0
8874,5,0.9999896
8875,4,1.0
8876,9,1.0
8877,2,1.0
8878,1,0.9999994
8879,3,1.0
8880,1,1.0
8881,8,1.0
8882,5,1.0
8883,6,1.0
8884,2,1.0
8885,7,1.0
8886,3,0.9999918
8887,9,1.0
8888,9,0.89055467
8889,4,1.0
8890,3,0.9999273
8891,6,1.0
8892,3,0.99999976
8893,1,0.9999999
8894,1,0.9999975
8895,7,1.0
8896,5,0.9998642
8897,3,1.0
8898,5,0.9999999
8899,2,0.99999917
8900,9,0.9983941
8901,9,0.999936
8902,7,0.9999896
8903,9,0.9983785
8904,3,0.9999994
8905,9,0.9999964
8906,1,1.0
8907,1,1.0
8908,1,1.0
8909,8,1.0
8910,1,1.0
8911,6,1.0
8912,2,1.0
8913,6,1.0
8914,6,1.0
8915,5,0.9998994
8916,8,1.0
8917,2,1.0
8918,9,0.9999522
8919,7,1.0
8920,0,0.9999995
8921,3,1.0
8922,5,0.9999988
8923,7,1.0
8924,8,0.99999595
8925,7,0.99857926
8926,8,0.9999999
8927,8,0.73548657
8928,9,1.0
8929,3,1.0
8930,7,0.99984336
8931,1,1.0
8932,8,0.9998777
8933,5,0.9999999
8934,4,1.0
8935,7,0.9999989
8936,5,1.0
8937,8,0.99905676
8938,0,0.99999964
8939,5,0.99997914
8940,9,1.0
8941,7,0.9999702
8942,0,0.9999832
8943,7,0.99997616
8944,7,1.0
8945,4,0.9999989
8946,4,1.0
8947,5,0.99999654
8948,8,1.0
8949,9,0.99999714
8950,2,0.9999999
8951,4,0.76301914
8952,7,0.9995572
8953,5,0.99999785
8954,1,0.99999976
8955,4,1.0
8956,4,0.99998856
8957,9,0.99982685
8958,6,1.0
8959,4,1.0
8960,3,0.9748378
8961,0,1.0
8962,2,0.9999957
8963,6,1.0
8964,2,1.0
8965,2,1.0
8966,8,0.99998474
8967,4,0.9999937
8968,1,1.0
8969,6,1.0
8970,1,1.0
8971,2,1.0
8972,2,1.0
8973,1,0.9999999
8974,3,0.9999975
8975,1,1.0
8976,2,1.0
8977,4,1.0
8978,6,1.0
8979,4,1.0
8980,3,1.0
8981,5,0.9999999
8982,5,1.0
8983,5,0.9999962
8984,1,0.99999964
8985,0,0.99999917
8986,1,0.99999976
8987,1,1.0
8988,7,0.9998671
8989,1,0.9999665
8990,7,1.0
8991,2,1.0
8992,6,0.9999993
8993,9,1.0
8994,5,0.9823804
8995,5,1.0
8996,2,0.9999995
8997,5,0.99999976
8998,2,0.9981579
8999,8,1.0
9000,9,0.9999783
9001,3,1.0
9002,2,0.999972
9003,8,1.0
9004,9,0.9999579
9005,7,1.0
9006,3,1.0
9007,5,0.9999975
9008,6,1.0
9009,8,0.9998423
9010,9,0.9999999
9011,8,1.0
9012,3,0.9999995
9013,7,1.0
9014,0,0.9999957
9015,4,0.96749485
9016,5,0.9999951
9017,1,1.0
9018,0,1.0
9019,1,0.9988374
9020,6,0.9999937
9021,4,0.99999857
9022,2,0.9999995
9023,1,0.9999999
9024,9,1.0
9025,7,1.0
9026,0,0.9999994
9027,9,0.9999969
9028,3,1.0
9029,1,1.0
9030,6,0.9978192
9031,3,1.0
9032,6,0.9999393
9033,0,0.9999994
9034,8,0.9999758
9035,2,1.0
9036,6,1.0
9037,5,0.9999989
9038,7,0.99999726
9039,9,0.99983644
9040,0,0.99999976
9041,2,0.5956247
9042,0,0.99999976
9043,8,1.0
9044,4,0.9999999
9045,0,1.0
9046,9,0.999998
9047,4,0.99826884
9048,6,1.0
9049,0,0.9999964
9050,7,1.0
9051,5,1.0
9052,2,0.7907285
9053,1,1.0
9054,9,0.9999999
9055,6,1.0
9056,1,0.9999995
9057,1,0.9999826
9058,2,1.0
9059,7,0.9999981
9060,0,0.99999976
9061,3,1.0
9062,3,1.0
9063,8,0.9923766
9064,9,0.99999964
9065,4,0.99999726
9066,8,1.0
9067,4,1.0
9068,8,0.99998736
9069,4,1.0
9070,9,0.9999858
9071,9,0.99998903
9072,8,1.0
9073,6,0.9999995
9074,9,0.9999989
9075,8,1.0
9076,3,0.9999912
9077,0,1.0
9078,9,0.9999031
9079,6,1.0
9080,7,1.0
9081,8,1.0
9082,3,1.0
9083,5,0.9999999
9084,8,1.0
9085,1,0.99999976
9086,2,0.99999976
9087,7,1.0
9088,8,1.0
9089,7,1.0
9090,1,1.0
9091,6,0.99999654
9092,8,1.0
9093,3,1.0
9094,1,1.0
9095,6,1.0
9096,8,0.9999989
9097,7,0.9999956
9098,6,1.0
9099,9,0.99999964
9100,1,1.0
9101,5,1.0
9102,9,0.9999999
9103,0,0.99999964
9104,7,0.99999857
9105,4,0.9999304
9106,3,0.99999833
9107,2,0.998939
9108,3,1.0
9109,4,1.0
9110,8,0.9980579
9111,9,0.99999714
9112,3,1.0
9113,0,1.0
9114,5,0.9986798
9115,2,1.0
9116,0,0.99846506
9117,6,0.99999154
9118,1,1.0
9119,6,1.0
9120,7,1.0
9121,9,0.9999994
9122,0,0.99947864
9123,4,0.9999999
9124,5,1.0
9125,4,0.9999999
9126,3,1.0
9127,1,0.9999901
9128,9,0.9998584
9129,4,0.99999964
9130,8,1.0
9131,7,1.0
9132,2,0.99999857
9133,8,0.9999981
9134,2,0.99999964
9135,6,1.0
9136,7,1.0
9137,9,0.99999845
9138,7,0.9999995
9139,0,0.92171264
9140,4,1.0
9141,6,1.0
9142,3,1.0
9143,7,0.9999944
9144,5,1.0
9145,4,0.9995894
9146,4,0.9999907
9147,2,1.0
9148,2,1.0
9149,9,0.9999999
9150,6,1.0
9151,7,0.99999475
9152,0,1.0
9153,5,0.99999833
9154,0,1.0
9155,0,0.9999999
9156,3,1.0
9157,3,1.0
9158,5,0.9999987
9159,9,0.9605157
9160,7,1.0
9161,6,1.0
9162,2,0.99999166
9163,2,1.0
9164,4,0.99999976
9165,9,1.0
9166,0,0.9999994
9167,5,1.0
9168,3,1.0
9169,1,1.0
9170,8,0.9999995
9171,5,0.9999988
9172,9,0.9999583
9173,9,1.0
9174,7,1.0
9175,1,0.9999999
9176,4,0.9999999
9177,3,1.0
9178,6,0.9999999
9179,7,0.99992716
9180,8,0.9999999
9181,1,0.9999988
9182,6,0.9998921
9183,4,1.0
9184,1,1.0
9185,4,0.99999976
9186,9,0.99999976
9187,7,1.0
9188,1,1.0
9189,3,1.0
9190,0,1.0
9191,8,0.9999999
9192,7,1.0
9193,8,1.0
9194,7,0.99992704
9195,1,1.0
9196,6,0.9999999
9197,9,0.9999999
9198,4,0.99995005
9199,8,1.0
9200,3,0.9999932
9201,7,0.99608934
9202,6,1.0
9203,7,0.5543356
9204,3,0.9993286
9205,0,1.0
9206,8,1.0
9207,4,0.9999994
9208,1,1.0
9209,6,1.0
9210,8,0.9999999
9211,1,0.99999964
9212,9,0.99997616
9213,4,0.99981815
9214,3,1.0
9215,8,1.0
9216,4,0.9999999
9217,0,0.9999994
9218,9,0.99951184
9219,4,0.9998535
9220,4,0.99999917
9221,9,0.99999857
9222,3,1.0
9223,2,0.99924916
9224,2,1.0
9225,8,0.9999994
9226,0,0.9999912
9227,4,1.0
9228,3,0.9999989
9229,7,0.99999964
9230,4,0.99999976
9231,4,0.99999964
9232,6,1.0
9233,5,0.9999993
9234,3,1.0
9235,0,0.99999905
9236,5,1.0
9237,3,0.99999595
9238,1,1.0
9239,4,1.0
9240,6,1.0
9241,3,0.9968644
9242,5,1.0
9243,9,0.9999994
9244,3,1.0
9245,5,0.99999976
9246,1,1.0
9247,3,0.99999917
9248,8,0.99391985
9249,0,0.99999976
9250,9,0.99999785
9251,2,1.0
9252,3,1.0
9253,7,0.999793
9254,9,0.99961686
9255,2,1.0
9256,4,1.0
9257,3,1.0
9258,1,1.0
9259,0,0.9999534
9260,7,1.0
9261,7,0.99999976
9262,5,0.9948881
9263,6,1.0
9264,6,0.9999988
9265,4,1.0
9266,8,1.0
9267,8,1.0
9268,2,1.0
9269,0,0.9998952
9270,7,1.0
9271,7,1.0
9272,7,1.0
9273,0,0.9999975
9274,8,1.0
9275,5,0.99601585
9276,8,0.9999634
9277,5,0.54875875
9278,3,0.9999635
9279,0,0.9999995
9280,9,1.0
9281,5,0.9997367
9282,7,0.9999999
9283,2,1.0
9284,0,1.0
9285,1,0.9999994
9286,0,0.99948114
9287,3,1.0
9288,9,0.9999994
9289,2,1.0
9290,4,0.9998723
9291,4,1.0
9292,1,1.0
9293,4,1.0
9294,3,0.9288392
9295,2,1.0
9296,9,0.9999969
9297,1,1.0
9298,1,0.9999999
9299,9,1.0
9300,0,0.99999845
9301,2,0.9999819
9302,7,1.0
9303,9,0.99996996
9304,7,1.0
9305,8,0.99998724
9306,6,0.9999999
9307,7,1.0
9308,7,1.0
9309,7,1.0
9310,6,0.99999976
9311,7,0.99999964
9312,9,0.9985455
9313,4,1.0
9314,7,1.0
9315,1,0.9999999
9316,1,0.9999999
9317,8,0.9998708
9318,1,1.0
9319,1,1.0
9320,1,0.99999964
9321,1,1.0
9322,6,1.0
9323,3,1.0
9324,1,1.0
9325,1,1.0
9326,5,1.0
9327,6,0.9995584
9328,1,1.0
9329,3,1.0
9330,8,0.99981195
9331,1,1.0
9332,0,0.9999536
9333,9,0.99983656
9334,3,1.0
9335,9,0.9999995
9336,7,0.9956137
9337,5,1.0
9338,0,0.99998844
9339,5,1.0
9340,9,1.0
9341,6,1.0
9342,3,1.0
9343,0,0.99999976
9344,3,0.9073043
9345,2,1.0
9346,2,1.0
9347,4,0.9999931
9348,2,1.0
9349,0,1.0
9350,6,1.0
9351,7,1.0
9352,7,0.99995863
9353,0,0.99836403
9354,4,1.0
9355,7,0.9999994
9356,3,1.0
9357,5,1.0
9358,8,1.0
9359,7,1.0
9360,4,1.0
9361,0,1.0
9362,7,1.0
9363,4,0.9999982
9364,2,0.9999999
9365,4,0.99998593
9366,2,1.0
9367,9,0.99038374
9368,2,0.9998228
9369,6,0.999866
9370,0,0.999863
9371,4,1.0
9372,4,0.9999999
9373,1,0.9587569
9374,8,1.0
9375,0,1.0
9376,9,0.99998105
9377,9,0.9999956
9378,6,1.0
9379,1,1.0
9380,6,0.9999988
9381,6,1.0
9382,7,0.9999999
9383,7,0.99992335
9384,1,0.9999999
9385,3,1.0
9386,8,0.99999905
9387,0,0.9999995
9388,9,0.9997348
9389,4,0.9991391
9390,4,0.9999999
9391,9,0.99999154
9392,0,1.0
9393,0,1.0
9394,7,0.99347454
9395,1,1.0
9396,1,0.99999714
9397,0,1.0
9398,2,0.9999808
9399,5,0.9999956
9400,2,0.9999993
9401,0,1.0
9402,9,0.9999949
9403,2,1.0
9404,3,1.0
9405,6,1.0
9406,2,1.0
9407,0,0.99999976
9408,5,1.0
9409,7,0.9999924
9410,2,1.0
9411,9,0.99999106
9412,4,1.0
9413,1,0.99999964
9414,5,0.99999857
9415,1,0.9999993
9416,4,0.9961229
9417,1,1.0
9418,6,0.99999523
9419,4,1.0
9420,2,1.0
9421,1,0.9999999
9422,5,0.99999857
9423,9,0.99999976
9424,6,0.9997013
9425,0,0.9999989
9426,4,0.99999857
9427,4,1.0
9428,1,0.9999995
9429,3,1.0
9430,3,1.0
9431,3,1.0
9432,0,0.9979693
9433,4,1.0
9434,1,1.0
9435,5,0.9981692
9436,6,1.0
9437,1,0.9999995
9438,2,1.0
9439,0,0.99999297
9440,7,1.0
9441,8,1.0
9442,6,1.0
9443,4,0.9999957
9444,1,0.9224213
9445,2,0.99999654
9446,8,0.99865294
9447,4,1.0
9448,4,0.999962
9449,8,0.9999981
9450,2,1.0
9451,1,1.0
9452,1,0.99999976
9453,9,1.0
9454,5,0.9999833
9455,1,0.9999989
9456,4,0.9999589
9457,0,1.0
9458,2,0.9999999
9459,7,1.0
9460,1,1.0
9461,4,0.9997625
9462,0,0.99999905
9463,9,0.9906735
9464,4,0.9999999
9465,4,1.0
9466,4,1.0
9467,5,1.0
9468,1,0.9999995
9469,7,1.0
9470,4,0.98126674
9471,6,0.9999999
9472,4,1.0
9473,5,0.9999999
9474,8,0.9995603
9475,7,0.99999726
9476,1,1.0
9477,4,1.0
9478,7,1.0
9479,9,0.99999666
9480,7,1.0
9481,8,1.0
9482,0,0.9999789
9483,8,0.9903004
9484,6,1.0
9485,9,0.99995923
9486,8,0.99990475
9487,3,0.999959
9488,1,1.0
9489,2,0.9991167
9490,8,0.9999995
9491,1,0.9999994
9492,1,1.0
9493,9,0.9999958
9494,5,0.99999976
9495,8,0.99999726
9496,8,1.0
9497,6,1.0
9498,0,1.0
9499,7,0.998486
9500,6,1.0
9501,4,0.99997175
9502,6,0.9999999
9503,3,1.0
9504,2,0.9999999
9505,6,1.0
9506,0,0.99999213
9507,9,0.9999999
9508,1,1.0
9509,6,0.9990414
9510,5,1.0
9511,2,1.0
9512,7,0.9999887
9513,3,1.0
9514,4,1.0
9515,3,0.9998197
9516,1,1.0
9517,0,0.9999994
9518,6,1.0
9519,8,0.73304
9520,7,1.0
9521,6,1.0
9522,4,0.9999999
9523,0,0.99999976
9524,5,0.99999964
9525,0,1.0
9526,9,0.9999964
9527,7,0.9999993
9528,5,0.99998784
9529,3,0.9999999
9530,6,0.9999982
9531,4,1.0
9532,4,1.0
9533,9,0.9999993
9534,7,1.0
9535,7,1.0
9536,4,0.9999999
9537,2,1.0
9538,2,0.9999927
9539,1,1.0
9540,1,0.9999999
9541,5,0.9999999
9542,3,1.0
9543,5,0.99999917
9544,4,0.99993634
9545,7,1.0
9546,7,0.9732708
9547,3,1.0
9548,4,0.99999857
9549,8,1.0
9550,7,0.9999653
9551,7,0.9994454
9552,1,0.99999976
9553,1,1.0
9554,9,0.9998097
9555,4,0.98955625
9556,4,0.9985796
9557,4,1.0
9558,3,1.0
9559,0,1.0
9560,3,1.0
9561,7,0.9999933
9562,8,0.9999201
9563,1,1.0
9564,6,1.0
9565,4,0.99999917
9566,0,1.0
9567,6,1.0
9568,2,0.9999528
9569,9,0.99999785
9570,0,0.99999976
9571,6,1.0
9572,3,1.0
9573,6,1.0
9574,6,1.0
9575,6,1.0
9576,5,0.99807835
9577,1,0.9999994
9578,9,0.99050057
9579,9,0.9999999
9580,3,1.0
9581,6,1.0
9582,3,1.0
9583,2,0.5222239
9584,0,1.0
9585,7,0.9999987
9586,2,0.9554271
9587,0,1.0
9588,3,1.0
9589,2,1.0
9590,5,0.9999802
9591,7,1.0
9592,9,1.0
9593,6,0.99999964
9594,4,0.9998797
9595,8,0.99999964
9596,4,0.9987571
9597,4,1.0
9598,1,0.9999976
9599,9,0.99999905
9600,8,1.0
9601,8,1.0
9602,9,0.99999714
9603,1,0.9999999
9604,5,0.999998
9605,7,0.9966001
9606,1,1.0
9607,6,1.0
9608,7,1.0
9609,0,0.99998796
9610,2,0.9999844
9611,8,0.99999356
9612,2,0.98295236
9613,4,0.99994075
9614,5,0.9995455
9615,5,1.0
9616,2,0.9999994
9617,6,0.9926743
9618,1,0.99931765
9619,1,0.9999999
9620,4,1.0
9621,0,0.99890685
9622,9,0.9999999
9623,4,1.0
9624,3,1.0
9625,7,1.0
9626,9,0.9999999
9627,3,1.0
9628,0,0.9999999
9629,2,0.99999607
9630,9,0.9999988
9631,6,1.0
9632,3,1.0
9633,3,1.0
9634,3,0.99999976
9635,2,1.0
9636,3,1.0
9637,4,1.0
9638,6,1.0
9639,7,1.0
9640,9,0.99998546
9641,3,0.99997497
9642,6,1.0
9643,7,0.99999726
9644,8,0.6343539
9645,3,1.0
9646,9,0.9762755
9647,1,1.0
9648,2,0.99997985
9649,4,1.0
9650,5,1.0
9651,9,0.9999609
9652,9,1.0
9653,4,0.99999607
9654,1,0.9999999
9655,4,0.99999905
9656,7,1.0
9657,6,0.9807443
9658,8,1.0
9659,2,0.9993405
9660,8,1.0
9661,0,1.0
9662,6,0.9999999
9663,2,0.99126107
9664,9,0.9999374
9665,6,1.0
9666,7,1.0
9667,1,1.0
9668,2,1.0
9669,7,1.0
9670,8,1.0
9671,6,1.0
9672,0,0.9999993
9673,8,0.99999976
9674,8,0.55741334
9675,1,0.9999999
9676,7,1.0
9677,7,0.9999994
9678,3,1.0
9679,5,1.0
9680,3,1.0
9681,7,0.99999905
9682,4,1.0
9683,7,0.99999917
9684,0,1.0
9685,4,1.0
9686,1,0.9999987
9687,9,1.0
9688,1,0.9999968
9689,5,0.99997056
9690,2,1.0
9691,1,0.99999917
9692,6,1.0
9693,6,0.9936727
9694,0,1.0
9695,9,0.99987996
9696,6,0.9999999
9697,6,1.0
9698,0,0.99999845
9699,2,0.99955636
9700,1,0.99999917
9701,7,0.9999989
9702,9,0.99999726
9703,5,1.0
9704,8,1.0
9705,2,0.9999809
9706,7,1.0
9707,2,0.9999826
9708,3,0.9999738
9709,0,0.9999956
9710,2,1.0
9711,1,1.0
9712,9,0.9999995
9713,9,0.9997936
9714,9,0.99999344
9715,1,1.0
9716,3,1.0
9717,3,1.0
9718,6,1.0
9719,9,1.0
9720,3,0.9980368
9721,3,1.0
9722,7,0.9999993
9723,4,1.0
9724,1,1.0
9725,8,0.999856
9726,1,1.0
9727,7,0.9999906
9728,5,0.9999999
9729,4,1.0
9730,2,1.0
9731,8,0.99851495
9732,0,0.99972266
9733,6,0.9993654
9734,4,0.99999964
9735,6,0.99998116
9736,4,0.98533535
9737,7,1.0
9738,4,0.9994832
9739,6,1.0
9740,7,1.0
9741,8,0.9943901
9742,0,0.99967647
9743,2,0.9999999
9744,3,1.0
9745,7,0.998492
9746,8,1.0
9747,7,0.99387616
9748,2,0.99999976
9749,3,1.0
9750,4,0.9999982
9751,4,1.0
9752,9,0.98401296
9753,6,1.0
9754,8,1.0
9755,6,1.0
9756,6,1.0
9757,1,1.0
9758,2,1.0
9759,8,1.0
9760,1,1.0
9761,7,1.0
9762,6,1.0
9763,7,0.9999871
9764,1,1.0
9765,8,1.0
9766,7,0.99476975
9767,6,0.99999976
9768,2,1.0
9769,9,0.99999905
9770,7,0.99999
9771,5,0.98300606
9772,8,0.99999416
9773,4,0.9999119
9774,6,1.0
9775,8,0.99999964
9776,0,1.0
9777,1,1.0
9778,7,0.9999999
9779,3,1.0
9780,2,0.98979634
9781,0,0.9999753
9782,8,1.0
9783,8,0.9999485
9784,3,1.0
9785,5,1.0
9786,4,1.0
9787,1,1.0
9788,8,0.9999994
9789,6,1.0
9790,4,0.99999905
9791,1,0.9999999
9792,0,0.99999964
9793,1,0.9999999
9794,1,0.9999995
9795,0,0.9999989
9796,2,1.0
9797,4,1.0
9798,5,0.98845613
9799,6,0.9999993
9800,4,1.0
9801,3,1.0
9802,8,0.99999976
9803,6,1.0
9804,2,0.9999019
9805,6,1.0
9806,9,0.99998164
9807,8,0.9999256
9808,4,0.9939778
9809,6,1.0
9810,5,0.9999963
9811,6,1.0
9812,2,0.99975973
9813,5,0.99985456
9814,7,0.9999356
9815,4,0.89043885
9816,9,0.9999995
9817,1,0.99999917
9818,3,1.0
9819,8,0.9999827
9820,2,0.99963105
9821,8,0.9999776
9822,4,1.0
9823,9,0.9999999
9824,5,0.99998736
9825,8,1.0
9826,8,0.9999999
9827,4,0.9974426
9828,2,1.0
9829,6,0.9999881
9830,1,1.0
9831,5,0.99999905
9832,5,1.0
9833,3,0.99999917
9834,6,1.0
9835,7,1.0
9836,0,1.0
9837,3,0.9999999
9838,4,1.0
9839,6,0.9999999
9840,6,1.0
9841,5,0.99694973
9842,6,1.0
9843,1,1.0
9844,3,1.0
9845,7,0.99999726
9846,7,0.99999654
9847,2,1.0
9848,7,0.9998165
9849,3,1.0
9850,3,1.0
9851,3,0.99999905
9852,9,0.9999876
9853,1,1.0
9854,2,1.0
9855,1,1.0
9856,5,0.96869475
9857,1,1.0
9858,1,0.9999999
9859,6,0.9998653
9860,0,1.0
9861,2,1.0
9862,9,0.9940554
9863,6,1.0
9864,9,1.0
9865,6,1.0
9866,6,0.99999964
9867,5,0.9999392
9868,1,0.99999976
9869,0,1.0
9870,0,0.99999905
9871,7,1.0
9872,6,1.0
9873,9,0.9999999
9874,5,0.9999285
9875,1,0.9999999
9876,7,0.9999999
9877,6,1.0
9878,9,0.99999654
9879,7,1.0
9880,4,0.99999917
9881,8,0.9999404
9882,7,0.883382
9883,3,0.99999917
9884,6,0.9998141
9885,8,0.9999037
9886,6,1.0
9887,3,0.999998
9888,2,0.99999917
9889,1,1.0
9890,0,1.0
9891,8,0.9998857
9892,9,0.9999999
9893,2,0.99997747
9894,4,1.0
9895,4,1.0
9896,0,0.9999939
9897,0,0.99988663
9898,9,0.9999993
9899,6,1.0
9900,8,0.9999962
9901,0,0.99174035
9902,3,1.0
9903,9,0.9999995
9904,3,0.99149466
9905,9,1.0
9906,7,0.99984944
9907,9,0.9999075
9908,7,0.99999857
9909,3,1.0
9910,7,1.0
9911,8,0.89002705
9912,8,1.0
9913,2,1.0
9914,3,0.99999857
9915,8,0.99999857
9916,4,0.99425066
9917,1,0.9999627
9918,2,0.9999527
9919,7,0.99998975
9920,2,1.0
9921,1,0.99999905
9922,2,1.0
9923,7,1.0
9924,1,1.0
9925,2,0.6139218
9926,0,0.99999905
9927,5,0.9702377
9928,3,1.0
9929,5,0.99734724
9930,5,1.0
9931,3,1.0
9932,3,1.0
9933,8,1.0
9934,6,0.9999993
9935,9,0.9999975
9936,9,0.99999976
9937,0,0.9999994
9938,2,1.0
9939,5,0.99997437
9940,7,1.0
9941,4,1.0
9942,6,1.0
9943,8,1.0
9944,6,1.0
9945,2,1.0
9946,3,0.9999883
9947,3,0.9991555
9948,7,0.9999964
9949,8,0.99999917
9950,8,1.0
9951,4,1.0
9952,9,0.99993384
9953,7,0.99991214
9954,0,1.0
9955,3,1.0
9956,8,1.0
9957,7,0.9999999
9958,4,1.0
9959,8,1.0
9960,2,1.0
9961,8,1.0
9962,7,1.0
9963,7,1.0
9964,5,1.0
9965,7,0.99999785
9966,8,1.0
9967,0,0.99965644
9968,7,0.99999905
9969,5,1.0
9970,1,0.99999857
9971,5,0.9998338
9972,9,0.9999999
9973,9,0.9999982
9974,0,0.9999323
9975,4,1.0
9976,9,0.99999654
9977,7,0.99948585
9978,4,1.0
9979,7,0.9968002
9980,9,0.99996877
9981,0,0.9999925
9982,6,0.63818765
9983,4,1.0
9984,3,1.0
9985,5,0.99986124
9986,9,0.9987815
9987,0,0.99999857
9988,9,0.99999595
9989,4,1.0
9990,4,1.0
9991,8,0.9938432
9992,6,1.0
9993,1,0.99998844
9994,2,0.9999689
9995,1,1.0
9996,1,1.0
9997,9,0.9999999
9998,2,0.9999993
9999,7,0.9999989
10000,7,1.0
10001,0,1.0
10002,1,0.99999976
10003,5,0.94993496
10004,1,0.9999926
10005,6,0.9999999
10006,9,0.9999926
10007,8,1.0
10008,3,1.0
10009,4,0.9999993
10010,0,0.9999999
10011,3,1.0
10012,1,0.99999857
10013,0,0.9999989
10014,5,1.0
10015,3,1.0
10016,9,0.99998593
10017,8,1.0
10018,1,1.0
10019,7,0.99999225
10020,8,0.9999968
10021,5,0.98804575
10022,6,1.0
10023,8,1.0
10024,1,1.0
10025,1,0.9999968
10026,7,1.0
10027,1,1.0
10028,4,1.0
10029,8,0.99999917
10030,0,1.0
10031,8,0.99999464
10032,5,0.999997
10033,6,1.0
10034,0,0.99999607
10035,7,0.9995828
10036,7,0.9999989
10037,1,1.0
10038,6,0.99999964
10039,8,0.9999639
10040,0,1.0
10041,6,0.8273615
10042,2,1.0
10043,1,0.8896996
10044,0,0.99999976
10045,5,0.99998987
10046,4,1.0
10047,5,0.99999106
10048,1,0.99998534
10049,2,0.99997616
10050,1,0.99999976
10051,1,1.0
10052,2,1.0
10053,7,1.0
10054,3,1.0
10055,3,1.0
10056,6,1.0
10057,5,0.99997365
10058,2,1.0
10059,8,1.0
10060,5,0.9999999
10061,9,1.0
10062,8,1.0
10063,4,1.0
10064,3,1.0
10065,5,1.0
10066,3,1.0
10067,4,1.0
10068,0,0.9816569
10069,6,1.0
10070,6,1.0
10071,3,1.0
10072,5,0.9999621
10073,4,0.99987113
10074,6,1.0
10075,8,0.9888626
10076,1,1.0
10077,2,1.0
10078,7,0.99986076
10079,9,0.9999995
10080,0,0.99999833
10081,3,1.0
10082,4,1.0
10083,9,0.99999964
10084,6,1.0
10085,8,1.0
10086,6,0.9999994
10087,9,0.999946
10088,3,1.0
10089,8,0.9997744
10090,2,0.9999999
10091,8,1.0
10092,4,1.0
10093,1,0.9999999
10094,1,0.9999994
10095,7,0.48682266
10096,3,1.0
10097,8,1.0
10098,1,0.97031903
10099,2,1.0
10100,3,1.0
10101,3,1.0
10102,9,1.0
10103,4,0.9999999
10104,7,1.0
10105,2,0.99999774
10106,4,1.0
10107,0,1.0
10108,1,1.0
10109,4,0.9999999
10110,3,1.0
10111,6,0.9999999
10112,2,1.0
10113,4,1.0
10114,1,1.0
10115,5,1.0
10116,9,1.0
10117,7,0.9999981
10118,1,1.0
10119,7,1.0
10120,4,0.9708919
10121,6,1.0
10122,1,1.0
10123,6,1.0
10124,7,1.0
10125,4,1.0
10126,8,1.0
10127,2,1.0
10128,1,1.0
10129,7,0.99730057
10130,9,0.99999666
10131,2,0.9998186
10132,2,0.9994998
10133,5,0.9999889
10134,5,0.99999905
10135,3,1.0
10136,9,0.9971758
10137,0,1.0
10138,6,1.0
10139,2,0.9985013
10140,5,0.99892175
10141,6,0.99999976
10142,0,0.99999976
10143,3,1.0
10144,4,1.0
10145,3,1.0
10146,6,1.0
10147,7,0.99998343
10148,6,1.0
10149,0,1.0
10150,3,1.0
10151,5,0.99999404
10152,5,0.99924374
10153,8,0.9999888
10154,4,0.9948709
10155,0,0.999977
10156,6,1.0
10157,9,0.9999988
10158,5,1.0
10159,6,1.0
10160,0,1.0
10161,1,0.98447716
10162,7,1.0
10163,5,0.9820779
10164,7,1.0
10165,5,1.0
10166,6,0.98389167
10167,4,0.99987876
10168,3,1.0
10169,4,1.0
10170,4,1.0
10171,6,1.0
10172,2,1.0
10173,2,1.0
10174,4,1.0
10175,7,1.0
10176,7,0.9999999
10177,3,0.9997416
10178,2,0.9999795
10179,0,0.99994314
10180,7,0.99999905
10181,4,0.9999999
10182,9,0.9996593
10183,2,0.8348235
10184,4,0.9999964
10185,2,0.99998856
10186,1,1.0
10187,3,1.0
10188,9,0.9999993
10189,4,1.0
10190,0,1.0
10191,1,1.0
10192,2,0.9999999
10193,9,0.9983701
10194,7,0.99999976
10195,7,0.9999988
10196,9,0.99999905
10197,3,0.9999993
10198,4,1.0
10199,5,0.99999917
10200,5,1.0
10201,1,0.9999999
10202,5,0.9999888
10203,5,0.9999999
10204,6,1.0
10205,1,1.0
10206,2,1.0
10207,8,0.99999714
10208,8,1.0
10209,4,1.0
10210,6,0.9999999
10211,7,0.9996573
10212,9,0.9999813
10213,6,1.0
10214,1,0.9999963
10215,0,1.0
10216,5,0.99999857
10217,4,0.99966097
10218,0,0.99997723
10219,3,1.0
10220,1,1.0
10221,1,0.99999964
10222,5,0.99999785
10223,5,0.9999999
10224,3,1.0
10225,1,1.0
10226,2,0.9999993
10227,4,1.0
10228,6,1.0
10229,9,1.0
10230,2,0.9999981
10231,4,0.9999695
10232,1,1.0
10233,7,0.9999999
10234,9,0.99996674
10235,8,0.9999875
10236,5,0.99993896
10237,1,1.0
10238,1,0.99999976
10239,4,0.99999964
10240,3,1.0
10241,6,1.0
10242,2,1.0
10243,2,1.0
10244,1,0.9999987
10245,6,1.0
10246,7,1.0
10247,7,1.0
10248,1,0.99999464
10249,7,0.9999778
10250,3,1.0
10251,0,1.0
10252,1,1.0
10253,1,0.98762053
10254,5,0.99999416
10255,3,1.0
10256,1,1.0
10257,1,0.9999999
10258,3,0.99999416
10259,2,1.0
10260,7,0.98590356
10261,1,1.0
10262,2,1.0
10263,1,1.0
10264,8,1.0
10265,8,0.99999166
10266,0,1.0
10267,7,1.0
10268,5,0.9999951
10269,5,0.9999938
10270,4,1.0
10271,0,0.9999713
10272,8,1.0
10273,7,0.9999982
10274,7,0.7560053
10275,3,0.995531
10276,4,0.99999416
10277,5,0.99997365
10278,8,1.0
10279,2,1.0
10280,0,0.999998
10281,7,0.9999958
10282,4,1.0
10283,1,1.0
10284,1,1.0
10285,8,0.82459044
10286,1,0.9999993
10287,5,0.99999905
10288,4,1.0
10289,2,1.0
10290,1,1.0
10291,0,0.9999975
10292,2,1.0
10293,4,1.0
10294,7,1.0
10295,0,0.99995947
10296,2,0.9999254
10297,8,0.9999994
10298,0,1.0
10299,2,1.0
10300,1,0.99999976
10301,9,1.0
10302,7,0.99976844
10303,3,0.9999993
10304,3,1.0
10305,4,0.9852651
10306,4,1.0
10307,1,1.0
10308,1,1.0
10309,4,1.0
10310,2,1.0
10311,3,1.0
10312,1,0.99999976
10313,0,0.99999976
10314,9,0.99999976
10315,8,0.99999964
10316,5,1.0
10317,9,0.9999864
10318,8,1.0
10319,6,0.99899524
10320,7,0.99980134
10321,3,0.9989281
10322,1,0.9999999
10323,6,0.99999976
10324,3,0.9999825
10325,7,0.9999608
10326,6,1.0
10327,1,0.9999993
10328,7,0.99999607
10329,3,1.0
10330,3,1.0
10331,5,1.0
10332,7,0.99999964
10333,7,0.99999976
10334,6,1.0
10335,0,0.9999962
10336,8,0.9999999
10337,1,1.0
10338,7,0.9994505
10339,3,0.99670655
10340,3,0.99821544
10341,3,1.0
10342,2,0.9999999
10343,1,1.0
10344,3,1.0
10345,9,0.9999026
10346,4,0.9999999
10347,3,1.0
10348,1,1.0
10349,9,0.99990547
10350,7,1.0
10351,7,0.98772776
10352,2,1.0
10353,3,1.0
10354,4,1.0
10355,8,0.99999917
10356,0,1.0
10357,9,0.9999993
10358,4,1.0
10359,1,0.9999999
10360,1,0.9999989
10361,7,0.99999976
10362,2,1.0
10363,8,0.53887874
10364,6,1.0
10365,4,1.0
10366,1,0.9999982
10367,0,1.0
10368,4,0.999992
10369,2,1.0
10370,1,0.9999993
10371,3,1.0
10372,7,0.9999975
10373,4,1.0
10374,0,0.9999989
10375,2,0.9999869
10376,8,0.99998224
10377,5,0.9999994
10378,8,0.9999893
10379,9,0.9998591
10380,4,0.9999989
10381,2,0.96820986
10382,5,0.9999956
10383,6,1.0
10384,8,1.0
10385,2,0.99967027
10386,9,0.99745363
10387,7,0.9999993
10388,0,1.0
10389,1,1.0
10390,7,0.999997
10391,3,1.0
10392,3,0.99610233
10393,6,0.99995196
10394,9,0.99999917
10395,7,0.9999572
10396,5,1.0
10397,3,0.9745326
10398,1,1.0
10399,7,0.99142516
10400,0,1.0
10401,8,1.0
10402,1,1.0
10403,4,1.0
10404,1,0.9999999
10405,1,0.99999976
10406,1,1.0
10407,8,1.0
10408,7,0.99999833
10409,4,0.9995334
10410,7,1.0
10411,9,0.99998856
10412,6,1.0
10413,9,0.9999976
10414,6,1.0
10415,2,0.99999356
10416,4,1.0
10417,4,0.99999976
10418,2,0.9999925
10419,1,1.0
10420,8,0.99999917
10421,7,1.0
10422,5,1.0
10423,4,1.0
10424,6,0.99670726
10425,2,0.9999981
10426,1,1.0
10427,6,0.99986744
10428,7,0.99999976
10429,1,1.0
10430,5,0.76519895
10431,0,0.99998915
10432,0,0.999987
10433,5,0.9998934
10434,8,1.0
10435,9,0.6559909
10436,7,0.9999665
10437,2,1.0
10438,0,0.99999976
10439,5,0.9996195
10440,9,0.99999976
10441,2,0.99997866
10442,2,0.9999989
10443,4,1.0
10444,2,1.0
10445,4,0.9999999
10446,3,1.0
10447,0,1.0
10448,1,1.0
10449,8,0.999997
10450,5,1.0
10451,1,0.9999999
10452,3,0.9999864
10453,2,1.0
10454,1,1.0
10455,3,1.0
10456,2,1.0
10457,4,0.9999999
10458,0,0.99999976
10459,4,1.0
10460,1,1.0
10461,8,0.99999857
10462,3,0.9999939
10463,7,1.0
10464,9,1.0
10465,5,1.0
10466,8,1.0
10467,8,1.0
10468,6,0.99999976
10469,4,1.0
10470,3,1.0
10471,7,1.0
10472,4,0.9999665
10473,9,0.99999964
10474,6,0.99999774
10475,8,0.99999547
10476,8,0.99999976
10477,6,0.99999976
10478,6,1.0
10479,5,1.0
10480,7,1.0
10481,8,0.65102655
10482,4,0.85455453
10483,4,0.9998734
10484,2,1.0
10485,3,1.0
10486,6,1.0
10487,6,0.99999523
10488,0,0.99999976
10489,0,0.9999995
10490,6,0.9999989
10491,6,0.99999094
10492,9,0.9999999
10493,1,1.0
10494,4,1.0
10495,4,1.0
10496,7,1.0
10497,3,1.0
10498,7,1.0
10499,8,0.9998361
10500,2,1.0
10501,3,0.9900817
10502,8,1.0
10503,4,1.0
10504,9,0.7970225
10505,6,1.0
10506,4,0.9999999
10507,0,0.9999852
10508,3,1.0
10509,9,0.9999999
10510,2,0.9997688
10511,0,1.0
10512,0,1.0
10513,7,0.9993187
10514,8,0.99952173
10515,8,1.0
10516,3,1.0
10517,5,1.0
10518,8,1.0
10519,6,1.0
10520,3,0.99999356
10521,7,0.9990263
10522,5,1.0
10523,0,1.0
10524,2,1.0
10525,7,0.99999917
10526,8,0.99999964
10527,6,0.9999832
10528,1,1.0
10529,5,0.9998857
10530,5,0.9999881
10531,4,1.0
10532,4,1.0
10533,3,1.0
10534,4,1.0
10535,5,1.0
10536,3,0.99999905
10537,2,0.9752099
10538,8,1.0
10539,2,0.99991846
10540,1,1.0
10541,5,0.99965453
10542,7,0.9999989
10543,1,0.9999927
10544,9,0.9824666
10545,4,1.0
10546,9,1.0
10547,3,1.0
10548,1,1.0
10549,7,0.9999999
10550,3,1.0
10551,3,0.9999652
10552,6,1.0
10553,8,0.99994457
10554,9,0.99999857
10555,5,0.9999896
10556,2,0.9999989
10557,2,1.0
10558,8,1.0
10559,8,1.0
10560,8,0.9999999
10561,7,1.0
10562,2,1.0
10563,9,0.99999666
10564,7,1.0
10565,4,0.9999982
10566,1,0.9999995
10567,7,1.0
10568,8,0.9439573
10569,2,1.0
10570,0,0.99999976
10571,3,0.9821308
10572,1,1.0
10573,3,0.9998337
10574,6,1.0
10575,9,0.9999918
10576,6,0.99999726
10577,4,0.9999999
10578,9,0.9999999
10579,6,0.99999666
10580,7,0.9999889
10581,8,0.9999974
10582,3,1.0
10583,1,1.0
10584,6,1.0
10585,7,0.99999976
10586,9,0.99999845
10587,4,0.96313494
10588,9,1.0
10589,6,0.9999976
10590,8,1.0
10591,9,0.9999577
10592,8,1.0
10593,1,1.0
10594,4,0.99992704
10595,8,1.0
10596,9,1.0
10597,3,0.9999987
10598,1,1.0
10599,8,1.0
10600,0,0.9999999
10601,5,0.9999968
10602,2,0.999998
10603,7,1.0
10604,1,0.9999999
10605,0,0.99995387
10606,5,0.99999344
10607,2,0.99999964
10608,4,1.0
10609,0,0.98544943
10610,3,1.0
10611,8,1.0
10612,9,0.99892896
10613,6,1.0
10614,6,0.99999356
10615,2,0.9999963
10616,8,0.9999982
10617,6,0.9999999
10618,7,0.999925
10619,0,0.99999607
10620,0,0.9999888
10621,3,0.9999999
10622,3,0.99999213
10623,6,0.9999887
10624,5,1.0
10625,1,1.0
10626,1,0.9999999
10627,7,0.9999999
10628,9,0.99999285
10629,3,1.0
10630,1,1.0
10631,5,1.0
10632,8,1.0
10633,3,1.0
10634,2,1.0
10635,6,0.9999988
10636,8,1.0
10637,3,0.9999999
10638,8,0.99999917
10639,7,1.0
10640,4,1.0
10641,2,0.9999974
10642,9,0.9999999
10643,7,1.0
10644,3,1.0
10645,9,0.9999559
10646,8,0.9999927
10647,2,1.0
10648,3,1.0
10649,5,0.9999478
10650,1,1.0
10651,0,1.0
10652,9,0.9999993
10653,9,0.99999213
10654,2,0.99999964
10655,3,1.0
10656,7,1.0
10657,7,0.99999845
10658,9,0.9999994
10659,7,1.0
10660,8,0.9999808
10661,6,1.0
10662,0,0.99999976
10663,5,0.99999833
10664,4,0.99999976
10665,3,1.0
10666,7,0.9999999
10667,4,0.99999976
10668,1,0.9999989
10669,3,1.0
10670,4,0.99999225
10671,8,0.99999535
10672,7,0.9999988
10673,0,1.0
10674,0,0.9999647
10675,5,0.9998047
10676,6,0.99999976
10677,4,1.0
10678,5,0.9999993
10679,1,1.0
10680,4,0.999997
10681,9,0.99999976
10682,2,0.9997843
10683,2,0.9999889
10684,7,0.9999149
10685,9,1.0
10686,2,1.0
10687,9,0.9999999
10688,8,1.0
10689,2,1.0
10690,1,0.99994373
10691,8,0.999418
10692,2,1.0
10693,3,1.0
10694,5,0.9999999
10695,5,0.9999541
10696,3,1.0
10697,2,1.0
10698,0,1.0
10699,9,0.99962926
10700,8,1.0
10701,6,1.0
10702,1,1.0
10703,2,0.99988985
10704,0,0.99330235
10705,1,1.0
10706,1,1.0
10707,5,0.99999917
10708,6,1.0
10709,8,0.99999404
10710,8,0.99999857
10711,3,1.0
10712,3,0.999933
10713,9,1.0
10714,0,1.0
10715,0,0.9999994
10716,3,1.0
10717,2,1.0
10718,7,0.88947624
10719,8,1.0
10720,9,1.0
10721,8,0.9996462
10722,4,1.0
10723,1,1.0
10724,9,0.99999905
10725,0,1.0
10726,9,0.9999999
10727,9,0.9999919
10728,2,1.0
10729,9,1.0
10730,4,0.999193
10731,4,0.9999999
10732,7,1.0
10733,9,0.99987483
10734,9,1.0
10735,1,0.99999905
10736,2,1.0
10737,0,1.0
10738,5,0.99999666
10739,3,1.0
10740,9,0.99994516
10741,6,1.0
10742,7,0.99999607
10743,2,0.99995816
10744,5,0.99994457
10745,4,1.0
10746,4,0.9999807
10747,0,0.999984
10748,1,1.0
10749,0,0.9999995
10750,9,1.0
10751,4,1.0
10752,0,1.0
10753,1,1.0
10754,9,0.99999535
10755,6,0.99999964
10756,0,1.0
10757,2,0.9999515
10758,1,1.0
10759,4,0.9999944
10760,5,0.9910886
10761,7,0.99999905
10762,8,0.9999989
10763,7,0.9999925
10764,7,0.9999943
10765,9,0.99998987
10766,2,1.0
10767,8,0.99999607
10768,7,1.0
10769,5,0.99999535
10770,6,0.9999982
10771,4,0.9999924
10772,9,1.0
10773,8,0.999977
10774,7,1.0
10775,0,1.0
10776,3,0.99104416
10777,1,0.99999857
10778,6,1.0
10779,8,0.99967706
10780,6,0.9927129
10781,3,1.0
10782,2,0.9999999
10783,6,1.0
10784,8,1.0
10785,5,0.99994373
10786,5,0.9999999
10787,5,0.9731669
10788,2,1.0
10789,8,0.9999999
10790,3,1.0
10791,6,1.0
10792,3,1.0
10793,6,1.0
10794,9,0.9999999
10795,0,0.9998467
10796,5,1.0
10797,2,0.99999213
10798,0,0.99993706
10799,5,0.9999999
10800,8,0.99999964
10801,7,1.0
10802,4,0.99979633
10803,4,0.99999976
10804,7,1.0
10805,0,0.99400556
10806,2,0.99927694
10807,5,0.9999186
10808,4,0.9999796
10809,0,0.9999987
10810,1,0.9886983
10811,1,0.9999999
10812,0,1.0
10813,6,1.0
10814,2,0.99995863
10815,5,1.0
10816,0,0.9999664
10817,9,1.0
10818,0,1.0
10819,8,1.0
10820,5,0.999944
10821,4,0.99999905
10822,6,0.99999404
10823,5,0.9999957
10824,3,1.0
10825,8,0.99998045
10826,7,1.0
10827,0,1.0
10828,9,0.9999993
10829,1,1.0
10830,4,1.0
10831,1,0.9999987
10832,5,0.9993899
10833,2,0.9999207
10834,2,0.99999964
10835,4,1.0
10836,2,1.0
10837,9,0.9999999
10838,8,0.99999917
10839,7,1.0
10840,1,0.99947375
10841,8,1.0
10842,3,1.0
10843,4,1.0
10844,7,1.0
10845,1,1.0
10846,9,1.0
10847,0,0.99999857
10848,9,0.9998772
10849,8,1.0
10850,7,1.0
10851,9,1.0
10852,4,0.99999726
10853,1,1.0
10854,9,0.9999994
10855,7,0.99999964
10856,2,0.99993336
10857,0,1.0
10858,8,0.98366284
10859,2,0.96657807
10860,4,0.9999995
10861,0,0.61794245
10862,5,0.99032354
10863,5,0.99998367
10864,4,0.9999455
10865,2,0.99998426
10866,8,0.5979547
10867,5,1.0
10868,5,0.99974173
10869,7,0.99999964
10870,1,1.0
10871,6,0.99940324
10872,3,1.0
10873,3,0.998949
10874,8,0.99999917
10875,0,0.9999999
10876,9,0.99999964
10877,4,0.9999999
10878,0,0.9999993
10879,1,1.0
10880,6,0.9999987
10881,8,1.0
10882,5,0.99997056
10883,6,1.0
10884,2,1.0
10885,3,1.0
10886,4,0.9999999
10887,4,0.9998704
10888,2,1.0
10889,3,0.99926263
10890,6,1.0
10891,2,1.0
10892,1,1.0
10893,6,0.53083134
10894,8,0.9999999
10895,5,1.0
10896,9,0.9999995
10897,1,1.0
10898,7,1.0
10899,9,0.9999999
10900,0,1.0
10901,7,0.9999993
10902,9,0.99999976
10903,4,1.0
10904,2,0.9999987
10905,6,1.0
10906,0,0.9999999
10907,6,1.0
10908,4,1.0
10909,1,0.9999925
10910,7,1.0
10911,7,0.51779515
10912,8,0.9999982
10913,0,0.9995004
10914,6,0.9999857
10915,0,0.9999999
10916,1,1.0
10917,9,0.9996182
10918,9,0.9999993
10919,3,1.0
10920,7,1.0
10921,0,0.99999857
10922,7,0.9997296
10923,4,0.9541051
10924,6,0.9999974
10925,2,1.0
10926,1,0.9999974
10927,2,0.99999976
10928,1,0.9999999
10929,7,0.9999988
10930,6,1.0
10931,9,0.9999987
10932,0,1.0
10933,9,0.9942268
10934,1,1.0
10935,4,0.99999976
10936,8,0.99999964
10937,7,1.0
10938,3,0.9999995
10939,8,1.0
10940,6,1.0
10941,9,0.99999833
10942,3,1.0
10943,8,0.9999975
10944,3,1.0
10945,7,1.0
10946,9,0.99999714
10947,6,1.0
10948,0,1.0
10949,1,0.99998975
10950,7,0.99999976
10951,1,0.9995641
10952,1,1.0
10953,4,0.99991596
10954,1,0.99999964
10955,6,1.0
10956,6,1.0
10957,3,1.0
10958,1,0.9999962
10959,8,1.0
10960,1,1.0
10961,9,0.9999995
10962,6,1.0
10963,2,1.0
10964,1,1.0
10965,0,0.99775356
10966,1,0.99999964
10967,2,0.9999453
10968,7,1.0
10969,9,0.9999999
10970,0,0.9999999
10971,5,0.9995956
10972,1,1.0
10973,3,1.0
10974,2,0.99356514
10975,6,0.9999999
10976,1,1.0
10977,4,1.0
10978,9,0.9999999
10979,4,1.0
10980,9,0.99582195
10981,5,1.0
10982,2,1.0
10983,6,1.0
10984,6,0.99999213
10985,3,0.99999845
10986,4,1.0
10987,3,1.0
10988,4,0.9829972
10989,7,1.0
10990,0,0.9999894
10991,7,1.0
10992,0,1.0
10993,8,0.99999964
10994,2,1.0
10995,0,1.0
10996,0,0.9999999
10997,7,1.0
10998,7,0.9999993
10999,1,1.0
11000,0,0.99999905
11001,5,0.9993812
11002,6,1.0
11003,2,0.70138574
11004,3,0.99336493
11005,7,0.99999905
11006,1,1.0
11007,7,0.9999974
11008,6,1.0
11009,8,1.0
11010,3,0.99849975
11011,2,1.0
11012,0,0.9999989
11013,1,1.0
11014,0,0.9878378
11015,8,0.9999993
11016,2,1.0
11017,6,1.0
11018,0,0.9999995
11019,0,0.9985757
11020,5,1.0
11021,4,0.99999654
11022,0,0.99999547
11023,9,0.9825677
11024,6,1.0
11025,6,0.9999981
11026,4,1.0
11027,2,0.9999982
11028,7,0.9999988
11029,1,0.9999229
11030,2,0.99999964
11031,9,0.9999999
11032,5,0.9999994
11033,8,0.9999999
11034,7,0.99987304
11035,4,1.0
11036,4,0.99994254
11037,6,0.99999976
11038,8,0.9999982
11039,9,0.9999994
11040,8,1.0
11041,3,1.0
11042,3,0.9999713
11043,7,1.0
11044,3,1.0
11045,2,1.0
11046,0,1.0
11047,4,1.0
11048,9,0.9999962
11049,0,0.99999976
11050,3,1.0
11051,7,0.99999976
11052,6,0.99998176
11053,2,1.0
11054,0,0.9999999
11055,0,1.0
11056,7,1.0
11057,2,1.0
11058,1,1.0
11059,7,0.9999722
11060,1,0.9999989
11061,8,0.99907494
11062,8,1.0
11063,8,0.5534853
11064,9,0.9992453
11065,5,0.9998627
11066,7,1.0
11067,8,1.0
11068,8,1.0
11069,7,0.99997985
11070,5,1.0
11071,1,1.0
11072,9,0.9999993
11073,6,0.9999999
11074,3,1.0
11075,2,1.0
11076,0,1.0
11077,6,0.9999994
11078,8,0.9998274
11079,7,0.87610674
11080,0,1.0
11081,3,1.0
11082,9,0.99999905
11083,9,0.99789727
11084,0,1.0
11085,9,0.9978115
11086,5,1.0
11087,7,1.0
11088,6,1.0
11089,2,1.0
11090,2,1.0
11091,5,0.9999764
11092,3,1.0
11093,8,0.9998983
11094,5,0.9999316
11095,7,0.99996793
11096,1,1.0
11097,1,1.0
11098,5,1.0
11099,4,1.0
11100,6,1.0
11101,0,0.9999833
11102,2,0.99987483
11103,7,0.99997735
11104,2,1.0
11105,0,0.99998367
11106,7,1.0
11107,5,0.97918403
11108,1,1.0
11109,1,1.0
11110,7,1.0
11111,9,0.9999924
11112,0,0.99999356
11113,8,1.0
11114,9,0.9999964
11115,0,0.9999995
11116,8,0.9999927
11117,1,0.9999995
11118,7,0.999992
11119,2,0.5642305
11120,2,1.0
11121,7,0.99980706
11122,1,1.0
11123,9,0.99999905
11124,3,0.9901779
11125,3,0.99999654
11126,7,1.0
11127,9,0.9999999
11128,4,0.9999995
11129,2,0.9999999
11130,7,0.9999982
11131,3,0.9999999
11132,7,1.0
11133,2,1.0
11134,5,0.99999976
11135,9,1.0
11136,0,0.9997733
11137,2,1.0
11138,6,1.0
11139,0,0.99999547
11140,1,0.7587829
11141,8,1.0
11142,8,1.0
11143,7,1.0
11144,0,1.0
11145,2,1.0
11146,9,0.9998729
11147,7,0.9999976
11148,0,1.0
11149,1,1.0
11150,9,0.99999785
11151,6,0.99999964
11152,7,1.0
11153,2,1.0
11154,3,0.99999964
11155,7,1.0
11156,6,1.0
11157,9,0.99999857
11158,9,1.0
11159,0,0.99975234
11160,3,1.0
11161,6,1.0
11162,4,1.0
11163,4,0.99999964
11164,2,0.9999957
11165,3,1.0
11166,5,0.9999995
11167,4,0.696725
11168,6,1.0
11169,3,1.0
11170,0,0.9999963
11171,7,1.0
11172,0,0.99998105
11173,2,1.0
11174,7,1.0
11175,7,1.0
11176,7,0.99999917
11177,0,0.99999964
11178,0,0.9999993
11179,1,0.99999905
11180,9,0.99998903
11181,0,0.99999976
11182,6,1.0
11183,9,1.0
11184,7,1.0
11185,8,1.0
11186,1,0.9999733
11187,3,0.9999814
11188,1,1.0
11189,1,0.99999
11190,2,1.0
11191,3,1.0
11192,9,0.99996996
11193,0,1.0
11194,0,0.99999714
11195,5,0.9999944
11196,2,0.9999932
11197,2,1.0
11198,3,1.0
11199,8,0.96444136
11200,3,0.9993585
11201,4,0.9985429
11202,9,0.999998
11203,1,0.9998932
11204,2,0.9999995
11205,5,0.99999976
11206,1,1.0
11207,1,1.0
11208,5,0.99995875
11209,2,1.0
11210,8,1.0
11211,8,0.9999968
11212,5,0.99999964
11213,1,0.9999999
11214,8,1.0
11215,5,1.0
11216,3,1.0
11217,6,1.0
11218,7,0.99999857
11219,9,1.0
11220,1,0.99999857
11221,8,0.9854667
11222,8,1.0
11223,2,1.0
11224,1,1.0
11225,8,1.0
11226,8,1.0
11227,0,0.9999995
11228,9,0.99997866
11229,0,0.99999964
11230,2,1.0
11231,3,1.0
11232,5,0.99845946
11233,6,1.0
11234,0,0.9999999
11235,0,0.9999962
11236,0,0.9999999
11237,8,1.0
11238,0,0.99999905
11239,6,1.0
11240,3,1.0
11241,3,1.0
11242,7,1.0
11243,2,0.99999917
11244,5,0.99999833
11245,6,0.9999999
11246,2,0.9999975
11247,8,0.9999943
11248,5,0.9999895
11249,8,1.0
11250,0,1.0
11251,2,0.9927676
11252,7,1.0
11253,4,1.0
11254,0,0.9999995
11255,1,1.0
11256,3,1.0
11257,1,0.99916697
11258,8,0.999964
11259,0,0.9999999
11260,8,0.9999157
11261,9,1.0
11262,5,1.0
11263,3,1.0
11264,0,1.0
11265,3,1.0
11266,7,1.0
11267,0,0.98194927
11268,6,1.0
11269,8,1.0
11270,3,1.0
11271,2,0.9977769
11272,6,1.0
11273,7,0.9995296
11274,7,1.0
11275,3,1.0
11276,1,1.0
11277,8,0.9900423
11278,7,1.0
11279,6,1.0
11280,3,1.0
11281,2,0.99999917
11282,6,1.0
11283,4,1.0
11284,9,0.99999964
11285,5,0.9999957
11286,8,1.0
11287,2,0.9999999
11288,7,0.99969995
11289,3,0.9989531
11290,2,1.0
11291,4,0.99999964
11292,8,0.99999726
11293,4,1.0
11294,4,0.9409876
11295,4,1.0
11296,1,0.99999785
11297,1,1.0
11298,6,1.0
11299,8,0.9996244
11300,8,0.91646916
11301,5,0.99988997
11302,1,1.0
11303,7,1.0
11304,3,1.0
11305,5,0.9999989
11306,0,1.0
11307,1,0.99999726
11308,2,0.588941
11309,4,0.9999999
11310,5,0.9999387
11311,6,1.0
11312,2,1.0
11313,7,0.996539
11314,9,0.9999964
11315,9,0.9999964
11316,9,0.9999999
11317,6,1.0
11318,7,1.0
11319,0,0.99999976
11320,1,1.0
11321,6,1.0
11322,8,1.0
11323,4,1.0
11324,3,0.99992967
11325,5,0.9999927
11326,4,0.999964
11327,1,1.0
11328,6,1.0
11329,4,1.0
11330,5,0.9999995
11331,1,0.9999988
11332,2,0.9999999
11333,6,0.9998599
11334,9,0.9999697
11335,2,0.99999964
11336,4,1.0
11337,7,1.0
11338,0,0.9999976
11339,2,0.9947595
11340,1,1.0
11341,8,1.0
11342,1,0.9999949
11343,7,1.0
11344,7,0.99999464
11345,5,0.99999964
11346,3,1.0
11347,2,1.0
11348,8,0.99999404
11349,7,0.99999976
11350,5,0.97660667
11351,1,1.0
11352,4,0.99999964
11353,5,0.99713993
11354,9,0.999972
11355,1,0.9999999
11356,7,1.0
11357,9,0.99999976
11358,7,0.9999999
11359,0,0.9998611
11360,6,0.9999995
11361,0,1.0
11362,2,0.9995259
11363,8,1.0
11364,2,1.0
11365,9,1.0
11366,4,0.9999988
11367,3,0.99999964
11368,0,0.99999976
11369,3,1.0
11370,8,0.99999726
11371,9,0.9859411
11372,4,0.9987041
11373,3,1.0
11374,5,0.99999833
11375,4,0.9998796
11376,2,1.0
11377,9,0.9999999
11378,1,1.0
11379,8,1.0
11380,1,1.0
11381,6,0.99717355
11382,0,1.0
11383,4,0.9999809
11384,8,1.0
11385,0,0.99999905
11386,9,0.99999976
11387,1,0.9999999
11388,0,0.9999999
11389,5,0.99999845
11390,9,0.9999305
11391,7,0.99999917
11392,7,0.9996958
11393,5,0.9999913
11394,8,0.9999999
11395,4,1.0
11396,7,1.0
11397,9,0.9999738
11398,7,1.0
11399,9,0.99896383
11400,6,1.0
11401,9,0.99999964
11402,5,0.9999993
11403,8,0.99999905
11404,4,0.99999857
11405,0,0.9999994
11406,0,0.9999994
11407,5,0.999998
11408,9,1.0
11409,6,0.99999976
11410,5,0.98165727
11411,1,1.0
11412,6,1.0
11413,0,0.9999999
11414,2,0.9992803
11415,1,0.99999547
11416,8,1.0
11417,5,1.0
11418,7,1.0
11419,4,1.0
11420,4,0.9999535
11421,1,1.0
11422,4,1.0
11423,6,1.0
11424,2,1.0
11425,8,0.9999995
11426,7,0.99994886
11427,5,0.9392232
11428,5,0.99999464
11429,6,1.0
11430,1,0.9999999
11431,1,0.9999982
11432,3,1.0
11433,1,0.9999995
11434,7,1.0
11435,0,1.0
11436,3,1.0
11437,3,1.0
11438,5,1.0
11439,8,1.0
11440,7,0.99999905
11441,2,0.9999999
11442,3,0.9999976
11443,3,1.0
11444,7,1.0
11445,3,1.0
11446,9,1.0
11447,9,0.9999417
11448,8,0.9999819
11449,6,1.0
11450,6,1.0
11451,0,1.0
11452,5,1.0
11453,5,0.9999956
11454,4,0.99999297
11455,3,0.9999907
11456,0,0.9999913
11457,6,1.0
11458,1,1.0
11459,1,0.9999994
11460,3,1.0
11461,2,1.0
11462,6,1.0
11463,1,1.0
11464,9,0.99948645
11465,3,1.0
11466,7,0.9999999
11467,3,0.9999988
11468,8,0.99999976
11469,0,1.0
11470,0,0.99998164
11471,0,0.9999999
11472,1,1.0
11473,5,0.99999964
11474,2,0.9999995
11475,8,1.0
11476,7,1.0
11477,1,0.9999974
11478,0,0.99999416
11479,4,0.99999976
11480,3,1.0
11481,2,1.0
11482,3,1.0
11483,9,0.99999964
11484,5,0.95107996
11485,4,0.9999981
11486,4,1.0
11487,9,0.9999999
11488,2,0.9999906
11489,9,0.9999423
11490,9,0.9999999
11491,3,0.99799335
11492,9,0.999998
11493,2,1.0
11494,1,0.99990976
11495,0,0.9987382
11496,6,0.9999651
11497,4,0.9999999
11498,1,0.9999993
11499,9,0.99987614
11500,4,1.0
11501,0,1.0
11502,9,0.99476504
11503,5,0.9999989
11504,0,0.9999999
11505,8,0.999997
11506,8,0.9999553
11507,9,0.99996734
11508,4,0.9999256
11509,3,1.0
11510,1,1.0
11511,5,1.0
11512,5,1.0
11513,0,0.9981059
11514,6,1.0
11515,6,1.0
11516,6,1.0
11517,5,0.9999999
11518,6,0.9999968
11519,4,1.0
11520,4,1.0
11521,0,0.99999833
11522,4,1.0
11523,8,1.0
11524,5,0.99999976
11525,7,0.99332327
11526,4,1.0
11527,6,0.9999869
11528,4,0.9999999
11529,5,0.99996996
11530,8,0.99940777
11531,5,1.0
11532,7,1.0
11533,4,0.99999666
11534,1,0.9999999
11535,1,1.0
11536,2,0.997649
11537,8,0.9999999
11538,3,0.99999976
11539,1,1.0
11540,6,0.9887531
11541,3,1.0
11542,5,1.0
11543,3,1.0
11544,7,1.0
11545,7,1.0
11546,1,0.99999976
11547,7,0.999995
11548,9,0.9999993
11549,7,1.0
11550,3,0.9992606
11551,5,1.0
11552,9,0.99999976
11553,4,0.99999714
11554,2,1.0
11555,3,0.99999905
11556,2,1.0
11557,2,1.0
11558,2,0.99988174
11559,6,1.0
11560,5,0.99996376
11561,0,0.9999999
11562,7,1.0
11563,7,1.0
11564,3,1.0
11565,9,0.9999994
11566,8,0.99999976
11567,5,1.0
11568,0,0.9999968
11569,5,0.9999858
11570,9,0.9997187
11571,0,0.9999969
11572,6,1.0
11573,3,0.9999583
11574,3,1.0
11575,5,0.9999964
11576,7,0.99999964
11577,2,0.99999976
11578,6,1.0
11579,1,1.0
11580,7,0.99999976
11581,1,1.0
11582,8,0.95361286
11583,8,1.0
11584,1,0.99999964
11585,2,0.9999926
11586,0,0.99999857
11587,3,1.0
11588,5,0.9961421
11589,0,1.0
11590,1,0.9999999
11591,8,0.99999905
11592,3,0.9999999
11593,3,1.0
11594,3,1.0
11595,9,0.9999975
11596,8,0.99999607
11597,7,0.67389387
11598,1,1.0
11599,1,0.9999567
11600,3,1.0
11601,5,0.99994814
11602,1,1.0
11603,7,1.0
11604,4,1.0
11605,1,1.0
11606,5,0.99999976
11607,9,0.99999964
11608,9,0.9999999
11609,0,1.0
11610,7,1.0
11611,7,1.0
11612,6,1.0
11613,4,0.9999999
11614,1,0.99999547
11615,6,1.0
11616,7,0.9952453
11617,7,0.9999871
11618,8,0.97961855
11619,2,0.9999958
11620,1,0.99999857
11621,9,1.0
11622,4,1.0
11623,4,0.9384306
11624,9,0.9999988
11625,5,0.9983077
11626,3,1.0
11627,4,1.0
11628,9,0.99954575
11629,4,1.0
11630,7,1.0
11631,3,1.0
11632,9,0.99991393
11633,7,1.0
11634,1,0.9999976
11635,6,0.9999999
11636,5,1.0
11637,7,0.99999964
11638,8,1.0
11639,0,0.99999905
11640,1,1.0
11641,9,0.99996495
11642,0,0.96447146
11643,2,1.0
11644,6,1.0
11645,1,0.99999976
11646,0,0.9999999
11647,2,0.99998987
11648,4,1.0
11649,4,0.99994195
11650,6,0.9999901
11651,1,1.0
11652,1,0.99999976
11653,2,0.9999887
11654,8,1.0
11655,2,0.5362072
11656,6,0.9997266
11657,4,1.0
11658,7,1.0
11659,7,1.0
11660,1,1.0
11661,6,1.0
11662,8,0.99447036
11663,2,0.99993515
11664,9,0.99998486
11665,2,1.0
11666,7,0.9999782
11667,8,0.9992761
11668,6,1.0
11669,6,0.99998283
11670,4,1.0
11671,2,0.9891539
11672,5,0.9999894
11673,5,1.0
11674,2,0.9999988
11675,5,0.99999845
11676,7,1.0
11677,6,0.99999774
11678,7,1.0
11679,9,0.9983417
11680,9,0.9999999
11681,2,0.99870884
11682,0,1.0
11683,8,0.99999964
11684,9,0.99998605
11685,4,1.0
11686,5,0.9999999
11687,3,1.0
11688,8,0.9999907
11689,2,0.9997063
11690,3,1.0
11691,0,1.0
11692,4,0.9999914
11693,5,0.9999999
11694,1,0.9999969
11695,7,0.9998053
11696,9,0.9663635
11697,6,1.0
11698,3,0.9999964
11699,5,0.9999974
11700,9,0.99499834
11701,1,1.0
11702,5,0.9999683
11703,9,0.9999999
11704,7,0.99998057
11705,8,1.0
11706,0,1.0
11707,4,1.0
11708,5,0.9999528
11709,0,0.99997854
11710,6,0.99999976
11711,0,1.0
11712,6,1.0
11713,5,0.9999976
11714,1,0.9999989
11715,2,0.9999999
11716,6,1.0
11717,0,0.99999976
11718,2,1.0
11719,2,0.9998441
11720,9,0.99996984
11721,8,1.0
11722,1,1.0
11723,6,1.0
11724,2,1.0
11725,1,1.0
11726,9,0.9999924
11727,4,0.9999957
11728,8,1.0
11729,4,0.9999924
11730,7,0.96337575
11731,9,1.0
11732,9,0.99941564
11733,7,1.0
11734,1,1.0
11735,6,1.0
11736,7,0.999998
11737,9,0.9999988
11738,9,0.99991274
11739,2,1.0
11740,4,1.0
11741,4,0.9999987
11742,3,0.99819344
11743,5,0.9999999
11744,7,0.6976127
11745,8,1.0
11746,6,0.9991059
11747,3,0.6437399
11748,6,0.9999999
11749,7,1.0
11750,2,1.0
11751,4,1.0
11752,6,1.0
11753,6,0.87667364
11754,4,0.9999937
11755,1,1.0
11756,9,1.0
11757,1,0.9957319
11758,6,1.0
11759,5,0.9982999
11760,2,0.99566746
11761,8,0.99979895
11762,5,1.0
11763,5,0.87542546
11764,9,0.99982697
11765,6,0.9999989
11766,0,1.0
11767,6,1.0
11768,9,1.0
11769,2,1.0
11770,5,0.99577314
11771,7,1.0
11772,6,1.0
11773,4,0.9999999
11774,2,0.9985677
11775,7,1.0
11776,7,1.0
11777,3,0.9997398
11778,5,0.99999905
11779,6,1.0
11780,6,1.0
11781,5,0.9999999
11782,9,0.99999964
11783,4,0.9999993
11784,5,0.9999845
11785,4,0.9999646
11786,0,1.0
11787,5,1.0
11788,5,0.9999999
11789,1,0.9999924
11790,8,0.9999944
11791,1,1.0
11792,2,0.9999988
11793,1,1.0
11794,1,1.0
11795,2,0.99999785
11796,3,1.0
11797,6,1.0
11798,8,0.9999999
11799,2,1.0
11800,1,0.99999535
11801,2,0.9995096
11802,5,0.9843778
11803,4,0.99989665
11804,2,1.0
11805,1,1.0
11806,2,0.9999237
11807,8,1.0
11808,6,0.9999995
11809,8,0.99999905
11810,8,1.0
11811,6,1.0
11812,0,0.9999455
11813,9,0.9999825
11814,7,1.0
11815,6,0.9999987
11816,2,1.0
11817,4,1.0
11818,3,0.99999976
11819,2,0.9999993
11820,9,0.99999917
11821,7,1.0
11822,3,0.9518249
11823,4,1.0
11824,6,1.0
11825,8,0.9999987
11826,1,0.9999999
11827,8,0.99999976
11828,8,0.99999654
11829,7,0.9999987
11830,1,1.0
11831,4,0.6633302
11832,3,1.0
11833,2,0.9999999
11834,9,0.9999807
11835,8,0.9999995
11836,8,0.9999453
11837,0,0.99999166
11838,5,1.0
11839,7,1.0
11840,3,1.0
11841,1,1.0
11842,8,1.0
11843,3,0.9999844
11844,3,0.99999857
11845,7,1.0
11846,0,0.9999864
11847,3,0.9991922
11848,7,1.0
11849,1,0.9994068
11850,1,0.9999906
11851,8,0.99999976
11852,3,1.0
11853,0,0.9999962
11854,4,0.9999995
11855,9,1.0
11856,6,0.99999964
11857,1,0.99999976
11858,8,0.99999666
11859,9,0.99999917
11860,0,0.9999312
11861,6,0.99968743
11862,7,0.99848455
11863,8,0.98786527
11864,9,0.99801433
11865,0,1.0
11866,2,0.999995
11867,3,1.0
11868,3,0.9999212
11869,1,0.99999964
11870,9,0.99999917
11871,7,1.0
11872,6,0.99999964
11873,6,0.9998747
11874,3,1.0
11875,0,0.9999999
11876,2,0.9999994
11877,3,0.9999999
11878,2,0.9999993
11879,6,1.0
11880,5,0.9999926
11881,9,0.99999917
11882,7,0.9999987
11883,1,1.0
11884,7,1.0
11885,1,0.99999917
11886,5,0.9999999
11887,5,0.9999999
11888,1,1.0
11889,6,0.99999964
11890,1,0.99989116
11891,4,0.5924015
11892,2,0.99995565
11893,9,0.9999566
11894,7,0.9999006
11895,8,0.9999958
11896,4,0.97485685
11897,7,0.9999993
11898,5,1.0
11899,1,1.0
11900,4,1.0
11901,5,0.9999995
11902,2,0.9999993
11903,5,0.99993575
11904,1,1.0
11905,9,1.0
11906,0,0.9999982
11907,7,1.0
11908,1,1.0
11909,7,1.0
11910,3,0.99999964
11911,0,0.9999995
11912,6,1.0
11913,0,0.9999974
11914,6,1.0
11915,8,1.0
11916,5,1.0
11917,4,0.9999982
11918,1,1.0
11919,1,0.99999964
11920,1,0.999987
11921,0,1.0
11922,7,1.0
11923,3,1.0
11924,3,1.0
11925,7,1.0
11926,4,0.9968556
11927,6,1.0
11928,7,1.0
11929,3,0.99999976
11930,1,1.0
11931,6,1.0
11932,5,0.99918073
11933,8,1.0
11934,7,0.99973565
11935,7,1.0
11936,4,0.99999475
11937,9,0.9999999
11938,1,1.0
11939,3,0.9999995
11940,4,0.9999981
11941,9,0.99998534
11942,1,1.0
11943,4,0.9999999
11944,1,1.0
11945,8,1.0
11946,2,1.0
11947,3,1.0
11948,6,1.0
11949,7,0.9999814
11950,1,1.0
11951,3,1.0
11952,4,0.9996326
11953,1,1.0
11954,0,1.0
11955,0,1.0
11956,8,0.9999994
11957,9,0.9999809
11958,6,0.99999595
11959,5,0.99890673
11960,0,1.0
11961,5,1.0
11962,5,0.99999726
11963,4,0.9999956
11964,0,0.9999987
11965,6,0.99999976
11966,4,0.99999976
11967,4,0.9965892
11968,0,1.0
11969,2,0.9999652
11970,8,0.9999701
11971,9,0.9999989
11972,1,0.99997044
11973,9,0.9999989
11974,7,0.99999416
11975,3,1.0
11976,2,1.0
11977,9,0.59726256
11978,3,1.0
11979,7,1.0
11980,4,0.9999993
11981,8,0.99973243
11982,8,1.0
11983,2,0.97197527
11984,5,1.0
11985,2,0.9839045
11986,8,1.0
11987,6,0.9999999
11988,0,0.99999976
11989,1,1.0
11990,6,0.99968815
11991,3,0.9998913
11992,9,0.99998796
11993,5,0.99995923
11994,0,1.0
11995,6,1.0
11996,7,1.0
11997,3,1.0
11998,8,0.9999825
11999,5,0.99998033
12000,5,0.99992824
12001,9,1.0
12002,8,1.0
12003,8,0.9999981
12004,5,0.9999505
12005,5,0.9999999
12006,1,0.9999995
12007,3,0.9994135
12008,7,0.9999995
12009,5,0.99996316
12010,2,1.0
12011,9,1.0
12012,5,0.9997147
12013,4,0.9999994
12014,6,1.0
12015,7,0.99999976
12016,3,0.99999976
12017,2,1.0
12018,0,0.99999917
12019,9,0.9999999
12020,5,0.99999225
12021,0,1.0
12022,2,0.9789894
12023,4,0.9999999
12024,0,0.99999917
12025,1,1.0
12026,1,0.9999999
12027,0,0.99999964
12028,8,0.99669456
12029,5,1.0
12030,3,1.0
12031,6,1.0
12032,9,0.9996592
12033,6,1.0
12034,1,1.0
12035,1,0.9999999
12036,7,0.99991846
12037,3,1.0
12038,0,1.0
12039,6,1.0
12040,7,1.0
12041,5,1.0
12042,0,1.0
12043,1,0.9999999
12044,1,1.0
12045,1,1.0
12046,5,0.99751234
12047,4,0.9999963
12048,5,1.0
12049,2,1.0
12050,4,1.0
12051,2,0.99999344
12052,8,1.0
12053,9,0.9999993
12054,1,1.0
12055,3,0.9999989
12056,5,0.9999025
12057,1,1.0
12058,7,0.9999999
12059,4,0.9998543
12060,5,0.9999927
12061,1,1.0
12062,1,1.0
12063,9,0.9999987
12064,4,1.0
12065,0,0.9996604
12066,7,0.99999917
12067,2,1.0
12068,5,0.9999337
12069,9,0.99999976
12070,2,0.99999785
12071,9,0.9999964
12072,2,1.0
12073,1,0.99999976
12074,5,0.9998543
12075,2,0.94529444
12076,0,0.9989039
12077,4,1.0
12078,3,0.9999999
12079,9,0.99999976
12080,8,0.9999982
12081,7,1.0
12082,0,1.0
12083,4,1.0
12084,9,0.99999917
12085,8,0.9999776
12086,2,1.0
12087,3,0.71909004
12088,7,0.9992072
12089,0,0.9995859
12090,1,1.0
12091,3,0.9929368
12092,4,1.0
12093,5,0.99971336
12094,7,0.9999999
12095,0,0.99999976
12096,3,1.0
12097,4,0.9997607
12098,0,1.0
12099,6,0.99999964
12100,4,0.97601557
12101,3,1.0
12102,7,0.9999653
12103,3,0.99999666
12104,7,0.99957865
12105,4,1.0
12106,9,1.0
12107,9,1.0
12108,7,0.99999857
12109,7,0.9999807
12110,1,1.0
12111,3,1.0
12112,6,1.0
12113,5,0.99999356
12114,8,1.0
12115,1,0.9999987
12116,0,1.0
12117,8,0.9999989
12118,9,0.9999993
12119,0,1.0
12120,1,1.0
12121,0,0.99999905
12122,8,0.9999999
12123,7,1.0
12124,5,1.0
12125,4,1.0
12126,4,0.99999595
12127,1,0.99999976
12128,3,0.999998
12129,2,1.0
12130,7,0.9999999
12131,1,1.0
12132,2,0.99999964
12133,0,0.99999976
12134,3,0.99878556
12135,0,0.99994516
12136,6,1.0
12137,8,0.99993134
12138,7,1.0
12139,1,0.9999968
12140,3,1.0
12141,3,0.9999987
12142,1,1.0
12143,3,0.9999999
12144,8,0.9999999
12145,0,0.9999999
12146,5,0.99971086
12147,8,0.99999917
12148,1,1.0
12149,1,1.0
12150,8,0.99932384
12151,9,0.9999962
12152,1,0.99999976
12153,1,1.0
12154,7,0.99999654
12155,2,1.0
12156,2,0.99999964
12157,3,1.0
12158,4,0.99999964
12159,0,1.0
12160,1,1.0
12161,5,0.9999999
12162,6,1.0
12163,3,1.0
12164,3,1.0
12165,3,0.9999988
12166,7,0.68221
12167,7,1.0
12168,1,0.99999523
12169,0,0.9999975
12170,5,0.99999917
12171,8,1.0
12172,7,1.0
12173,3,0.9999994
12174,9,0.9999974
12175,1,1.0
12176,9,1.0
12177,2,0.99918336
12178,3,1.0
12179,8,1.0
12180,9,0.9975453
12181,6,1.0
12182,5,0.99951756
12183,2,0.9995937
12184,2,0.9999975
12185,6,1.0
12186,2,0.9999912
12187,9,0.9992442
12188,2,1.0
12189,2,0.9999826
12190,0,0.72891307
12191,2,1.0
12192,9,0.9998939
12193,5,0.99999905
12194,1,1.0
12195,9,0.99924004
12196,8,0.9999634
12197,8,1.0
12198,5,0.9999976
12199,7,0.9999999
12200,1,0.99999964
12201,8,0.9999999
12202,4,1.0
12203,1,1.0
12204,4,0.99847966
12205,3,1.0
12206,1,1.0
12207,1,0.637746
12208,8,1.0
12209,6,0.9985207
12210,4,1.0
12211,2,1.0
12212,0,1.0
12213,1,1.0
12214,8,0.99476576
12215,7,1.0
12216,2,0.9999999
12217,7,1.0
12218,8,1.0
12219,8,0.99991536
12220,1,0.9999989
12221,7,1.0
12222,1,0.9999999
12223,2,0.96076334
12224,4,0.9999987
12225,3,0.99950945
12226,1,0.99997866
12227,6,0.9999783
12228,5,1.0
12229,0,0.9999999
12230,2,0.99515164
12231,9,0.9999995
12232,1,0.9999999
12233,5,1.0
12234,9,0.99999964
12235,7,1.0
12236,5,0.99999225
12237,3,1.0
12238,9,0.99998057
12239,7,1.0
12240,2,1.0
12241,2,1.0
12242,2,0.99999857
12243,6,0.99989116
12244,1,1.0
12245,1,1.0
12246,3,0.99999845
12247,9,1.0
12248,0,0.9999999
12249,0,0.9999999
12250,7,1.0
12251,6,0.9999939
12252,5,0.9906177
12253,6,1.0
12254,4,0.9999969
12255,2,1.0
12256,9,0.9788271
12257,5,0.9999932
12258,3,0.99999785
12259,6,1.0
12260,6,1.0
12261,1,0.9999893
12262,1,1.0
12263,2,1.0
12264,6,1.0
12265,1,0.9999995
12266,6,0.9999999
12267,7,0.9999994
12268,2,1.0
12269,0,0.9999981
12270,1,1.0
12271,8,0.9999989
12272,9,0.9999999
12273,1,0.99999976
12274,7,1.0
12275,8,0.999954
12276,7,0.99999726
12277,3,1.0
12278,7,0.9504402
12279,0,0.9999993
12280,0,1.0
12281,1,0.9999999
12282,5,0.9999976
12283,5,0.9999999
12284,8,0.99998295
12285,4,0.99998593
12286,4,0.9990195
12287,4,0.9999324
12288,4,1.0
12289,9,1.0
12290,9,0.99997926
12291,2,0.9999999
12292,0,0.99999714
12293,3,0.9999844
12294,1,1.0
12295,7,1.0
12296,1,0.99974746
12297,5,0.9682358
12298,2,0.7999066
12299,7,0.99999917
12300,2,1.0
12301,4,1.0
12302,3,1.0
12303,3,1.0
12304,5,0.9095459
12305,3,1.0
12306,8,0.9999999
12307,0,0.9999398
12308,8,0.99933225
12309,9,0.99999
12310,7,0.7000083
12311,1,0.9999999
12312,9,0.99999726
12313,0,1.0
12314,8,1.0
12315,6,1.0
12316,6,0.9999994
12317,5,1.0
12318,9,0.9999989
12319,0,1.0
12320,2,0.9995333
12321,1,0.9999925
12322,4,0.9998343
12323,9,0.99998856
12324,8,1.0
12325,5,1.0
12326,7,1.0
12327,1,1.0
12328,8,1.0
12329,5,1.0
12330,1,0.9999999
12331,0,0.9999989
12332,4,1.0
12333,2,0.99999404
12334,4,1.0
12335,7,0.99999845
12336,3,1.0
12337,1,1.0
12338,9,1.0
12339,6,0.99991703
12340,0,0.99999714
12341,9,1.0
12342,9,0.99999607
12343,1,1.0
12344,2,0.9996897
12345,4,0.9876222
12346,1,1.0
12347,6,1.0
12348,9,0.99999976
12349,6,1.0
12350,1,0.99546355
12351,6,0.99999535
12352,4,1.0
12353,3,0.99999976
12354,9,1.0
12355,9,0.99999964
12356,0,0.99937576
12357,2,0.9999958
12358,7,0.99955195
12359,6,1.0
12360,6,1.0
12361,6,0.9999981
12362,0,1.0
12363,7,1.0
12364,4,0.99999976
12365,8,0.9815891
12366,4,0.93491334
12367,3,1.0
12368,4,0.96803254
12369,0,0.9999981
12370,0,0.99981135
12371,4,0.9999999
12372,7,0.99985623
12373,1,1.0
12374,5,0.99999964
12375,3,1.0
12376,0,1.0
12377,1,1.0
12378,6,0.9999999
12379,6,0.9999989
12380,7,1.0
12381,1,1.0
12382,2,0.9999999
12383,0,1.0
12384,9,0.9999982
12385,2,0.99999726
12386,4,0.99999905
12387,1,0.9999994
12388,5,0.99999964
12389,4,0.9988632
12390,7,0.999997
12391,1,1.0
12392,4,0.99987304
12393,1,0.999998
12394,7,1.0
12395,2,0.99999774
12396,1,1.0
12397,5,1.0
12398,2,0.9994584
12399,7,0.9999981
12400,1,1.0
12401,3,1.0
12402,2,1.0
12403,1,1.0
12404,1,1.0
12405,8,1.0
12406,4,0.9996891
12407,9,0.9999976
12408,5,0.9999875
12409,4,1.0
12410,0,0.9999989
12411,4,0.9999081
12412,6,1.0
12413,2,1.0
12414,0,1.0
12415,9,0.9993161
12416,6,1.0
12417,4,0.9984875
12418,4,0.9999999
12419,5,0.9999938
12420,3,0.9999832
12421,2,0.9889319
12422,5,0.99999714
12423,9,0.99999475
12424,1,0.9999392
12425,7,0.99999976
12426,5,1.0
12427,0,1.0
12428,0,1.0
12429,8,0.99999964
12430,3,0.99999917
12431,0,0.9999999
12432,0,1.0
12433,0,0.90827686
12434,3,0.99958235
12435,1,1.0
12436,3,1.0
12437,9,0.9999999
12438,5,1.0
12439,3,0.9998258
12440,3,1.0
12441,7,1.0
12442,2,0.99999774
12443,9,0.99991536
12444,0,0.9983956
12445,8,0.99999547
12446,2,0.9999968
12447,8,0.9973345
12448,0,0.99999976
12449,7,0.9999999
12450,1,1.0
12451,7,0.99999046
12452,6,0.9999999
12453,3,1.0
12454,0,1.0
12455,6,1.0
12456,4,1.0
12457,3,0.999918
12458,7,1.0
12459,6,0.9999981
12460,7,0.9999701
12461,4,0.99999964
12462,2,1.0
12463,0,0.99999213
12464,9,0.9999927
12465,2,1.0
12466,2,0.59747803
12467,6,0.9999999
12468,2,0.7748878
12469,8,0.9997844
12470,6,1.0
12471,4,0.99999964
12472,5,0.99999976
12473,2,0.9999999
12474,3,1.0
12475,6,1.0
12476,9,0.9999999
12477,8,0.9858931
12478,5,1.0
12479,5,0.9999964
12480,2,0.99993813
12481,4,0.9999994
12482,2,1.0
12483,1,1.0
12484,5,0.9758212
12485,3,0.99999976
12486,8,0.9999833
12487,6,1.0
12488,9,1.0
12489,2,0.99999964
12490,6,0.99992347
12491,1,1.0
12492,4,1.0
12493,6,1.0
12494,5,1.0
12495,1,1.0
12496,1,1.0
12497,7,0.9994604
12498,3,1.0
12499,8,0.9999988
12500,3,1.0
12501,8,0.9999999
12502,8,1.0
12503,1,1.0
12504,9,0.99999917
12505,8,1.0
12506,1,1.0
12507,6,0.99999416
12508,8,0.95122004
12509,4,1.0
12510,2,0.99999976
12511,2,1.0
12512,8,1.0
12513,3,0.9999813
12514,3,0.9999999
12515,4,0.9999393
12516,5,0.99940586
12517,2,1.0
12518,7,0.99999976
12519,0,1.0
12520,3,1.0
12521,9,0.9999876
12522,5,0.9999908
12523,4,1.0
12524,7,0.9999994
12525,4,1.0
12526,8,0.99999964
12527,0,1.0
12528,2,0.8956559
12529,9,0.9999993
12530,3,0.9999691
12531,1,1.0
12532,8,0.99994516
12533,4,1.0
12534,8,0.8455333
12535,0,1.0
12536,3,0.6585893
12537,7,0.9999999
12538,0,0.99990773
12539,4,0.947815
12540,5,0.9999999
12541,3,1.0
12542,8,0.99985754
12543,0,0.99999475
12544,5,0.99999964
12545,1,0.9999999
12546,3,0.99998844
12547,6,1.0
12548,9,1.0
12549,6,1.0
12550,5,0.9994204
12551,4,0.9723902
12552,7,0.99187887
12553,1,0.99999905
12554,5,0.9999964
12555,6,1.0
12556,5,0.99993634
12557,2,1.0
12558,1,0.99978524
12559,0,1.0
12560,6,1.0
12561,2,1.0
12562,2,1.0
12563,9,0.99999535
12564,9,0.99999297
12565,1,1.0
12566,6,0.9999944
12567,3,1.0
12568,3,1.0
12569,3,0.9999995
12570,7,1.0
12571,2,1.0
12572,9,0.9999902
12573,8,1.0
12574,5,1.0
12575,0,0.9999999
12576,1,1.0
12577,6,0.9999999
12578,6,0.9999956
12579,0,0.9999833
12580,1,1.0
12581,1,1.0
12582,8,1.0
12583,7,1.0
12584,4,0.94298905
12585,4,0.99999976
12586,9,0.99999905
12587,9,0.9999341
12588,0,0.9999999
12589,8,0.99999857
12590,8,0.9999999
12591,6,1.0
12592,7,0.9999999
12593,1,0.9999925
12594,4,0.9999913
12595,3,0.9999999
12596,6,0.99999857
12597,8,0.9999989
12598,8,0.99999964
12599,1,0.9999987
12600,1,0.999516
12601,6,1.0
12602,9,0.9999864
12603,8,1.0
12604,1,1.0
12605,1,1.0
12606,1,1.0
12607,6,1.0
12608,1,1.0
12609,6,1.0
12610,9,1.0
12611,3,0.99999726
12612,3,0.9998528
12613,0,0.9999949
12614,5,1.0
12615,7,1.0
12616,7,1.0
12617,5,0.99937385
12618,7,0.9999453
12619,5,0.9992993
12620,5,1.0
12621,2,0.6250049
12622,0,0.99999666
12623,0,1.0
12624,1,1.0
12625,3,1.0
12626,4,1.0
12627,8,0.99996996
12628,8,0.9999995
12629,8,1.0
12630,7,1.0
12631,7,0.9999789
12632,2,1.0
12633,8,0.99797374
12634,6,0.99999726
12635,4,1.0
12636,0,0.86031073
12637,4,1.0
12638,8,0.9999994
12639,0,0.9999988
12640,6,0.9999994
12641,6,1.0
12642,9,0.99961793
12643,5,0.99999666
12644,1,1.0
12645,0,1.0
12646,6,1.0
12647,1,0.9999995
12648,6,1.0
12649,7,0.9999989
12650,1,0.99999976
12651,3,1.0
12652,2,0.9886727
12653,4,0.9999994
12654,0,0.9999999
12655,7,0.99999917
12656,9,0.9783692
12657,3,1.0
12658,4,0.9999957
12659,4,0.9999995
12660,3,1.0
12661,2,1.0
12662,5,0.99999964
12663,0,1.0
12664,4,1.0
12665,5,1.0
12666,5,1.0
12667,6,0.99966717
12668,8,0.9998105
12669,5,1.0
12670,6,1.0
12671,4,1.0
12672,4,0.99999344
12673,8,1.0
12674,6,0.9999937
12675,0,0.999481
12676,9,0.99999607
12677,4,0.99999785
12678,1,1.0
12679,7,0.9999999
12680,3,1.0
12681,1,0.9999989
12682,7,1.0
12683,9,0.99943715
12684,9,0.99999964
12685,9,1.0
12686,2,1.0
12687,8,1.0
12688,0,0.9999733
12689,5,0.99999905
12690,1,0.99999523
12691,4,1.0
12692,3,0.99999785
12693,2,1.0
12694,4,1.0
12695,8,0.9999908
12696,1,1.0
12697,5,1.0
12698,8,1.0
12699,1,1.0
12700,4,1.0
12701,4,0.9999994
12702,1,0.9999999
12703,7,0.9999887
12704,7,1.0
12705,5,0.999997
12706,6,0.99950397
12707,3,1.0
12708,2,0.9999527
12709,0,0.99981445
12710,3,1.0
12711,9,1.0
12712,1,0.9999999
12713,9,0.9999975
12714,4,0.9999926
12715,5,1.0
12716,1,0.99999964
12717,3,1.0
12718,9,1.0
12719,9,0.9999999
12720,4,1.0
12721,3,1.0
12722,2,0.9999999
12723,8,0.9999987
12724,1,1.0
12725,8,1.0
12726,1,0.59861827
12727,7,0.9242303
12728,1,1.0
12729,9,0.99603313
12730,0,0.9999987
12731,2,0.98266315
12732,0,1.0
12733,9,0.9999858
12734,0,0.9999889
12735,6,0.9845489
12736,1,0.9999995
12737,5,0.9999987
12738,0,1.0
12739,8,0.9999958
12740,0,1.0
12741,9,1.0
12742,3,0.99999976
12743,8,0.9999974
12744,1,1.0
12745,8,0.9999995
12746,7,0.9999988
12747,1,1.0
12748,8,0.9992866
12749,6,1.0
12750,6,1.0
12751,4,1.0
12752,0,0.99999976
12753,8,0.9920481
12754,6,1.0
12755,3,0.999882
12756,7,0.99851257
12757,9,0.99999976
12758,2,1.0
12759,2,0.9998093
12760,5,1.0
12761,1,1.0
12762,4,0.999985
12763,3,1.0
12764,3,1.0
12765,6,0.9999994
12766,9,1.0
12767,1,1.0
12768,0,0.99999976
12769,7,1.0
12770,2,0.999997
12771,5,0.995513
12772,4,0.688028
12773,7,1.0
12774,5,1.0
12775,1,0.99999857
12776,9,0.99999976
12777,9,1.0
12778,3,0.99999905
12779,4,1.0
12780,3,1.0
12781,3,1.0
12782,8,0.99999964
12783,8,0.99999654
12784,7,1.0
12785,0,1.0
12786,8,1.0
12787,3,1.0
12788,7,0.99999976
12789,2,0.99999905
12790,1,0.9999999
12791,8,1.0
12792,6,1.0
12793,1,0.9647431
12794,2,0.99317074
12795,7,0.99999833
12796,9,0.99996054
12797,1,0.9999951
12798,0,0.99998367
12799,6,0.9999994
12800,5,1.0
12801,0,1.0
12802,2,1.0
12803,3,1.0
12804,9,1.0
12805,1,1.0
12806,7,0.99996793
12807,0,1.0
12808,8,1.0
12809,6,1.0
12810,2,0.8226474
12811,4,0.9999969
12812,9,0.9999975
12813,5,0.99934655
12814,7,1.0
12815,2,0.9999999
12816,9,0.9997565
12817,2,1.0
12818,3,1.0
12819,8,1.0
12820,2,0.99999964
12821,1,1.0
12822,7,0.9994666
12823,5,1.0
12824,1,1.0
12825,4,1.0
12826,5,0.99999726
12827,1,0.99999833
12828,8,0.9991999
12829,1,0.9999969
12830,7,0.9998797
12831,4,1.0
12832,4,1.0
12833,1,0.9999989
12834,3,0.9999999
12835,7,0.9999219
12836,0,0.99999905
12837,5,0.99999976
12838,2,0.99993205
12839,7,0.77084774
12840,2,0.99963367
12841,6,1.0
12842,5,0.9999857
12843,1,1.0
12844,1,0.9999999
12845,5,0.9999982
12846,1,0.99999595
12847,8,1.0
12848,4,1.0
12849,2,0.99996376
12850,5,1.0
12851,5,1.0
12852,8,0.99871194
12853,7,1.0
12854,6,1.0
12855,4,0.8479831
12856,0,1.0
12857,7,0.99998
12858,9,0.999668
12859,8,1.0
12860,6,0.9997837
12861,0,0.99704665
12862,8,0.99999964
12863,2,0.99714535
12864,4,0.9999994
12865,2,0.5601445
12866,2,0.92711437
12867,6,1.0
12868,4,1.0
12869,7,0.51467395
12870,2,1.0
12871,8,1.0
12872,8,0.9999651
12873,3,0.9999993
12874,9,0.7317214
12875,9,0.9999989
12876,1,1.0
12877,4,1.0
12878,0,0.99999905
12879,2,1.0
12880,1,1.0
12881,0,0.9999999
12882,0,1.0
12883,0,1.0
12884,9,0.9999989
12885,2,0.7482446
12886,3,1.0
12887,8,1.0
12888,3,0.9999194
12889,1,1.0
12890,9,0.9859293
12891,3,1.0
12892,0,1.0
12893,2,0.9998784
12894,8,0.9485312
12895,6,1.0
12896,0,1.0
12897,5,0.9958403
12898,7,1.0
12899,4,1.0
12900,5,0.99999833
12901,6,1.0
12902,2,1.0
12903,8,1.0
12904,4,0.99999475
12905,3,1.0
12906,0,1.0
12907,0,0.9999995
12908,0,0.9999999
12909,7,0.99999857
12910,7,1.0
12911,8,0.9990392
12912,4,0.9998135
12913,8,0.9999999
12914,6,0.9999981
12915,4,1.0
12916,2,0.9970174
12917,1,0.99999976
12918,2,1.0
12919,0,1.0
12920,6,0.9999926
12921,7,0.9999949
12922,4,1.0
12923,3,1.0
12924,5,1.0
12925,2,1.0
12926,0,0.9999094
12927,0,0.9999982
12928,4,0.9999994
12929,4,1.0
12930,9,0.99999595
12931,8,1.0
12932,5,0.9999219
12933,1,1.0
12934,4,0.99936146
12935,1,1.0
12936,2,0.9999968
12937,1,0.99999976
12938,5,0.99976975
12939,4,1.0
12940,9,0.9999995
12941,9,0.9999752
12942,5,1.0
12943,1,0.9999999
12944,8,0.9993993
12945,1,0.9999906
12946,5,0.9999994
12947,7,0.9999987
12948,4,0.99999976
12949,5,1.0
12950,6,0.99999976
12951,7,1.0
12952,6,1.0
12953,3,1.0
12954,8,0.99964476
12955,3,1.0
12956,4,1.0
12957,2,0.9999993
12958,3,0.9999987
12959,6,1.0
12960,3,0.9999999
12961,6,1.0
12962,8,0.97292477
12963,3,1.0
12964,4,1.0
12965,2,0.99999833
12966,4,0.99999976
12967,0,0.9999987
12968,1,0.9999995
12969,9,1.0
12970,1,1.0
12971,7,0.99999976
12972,7,0.9986506
12973,2,1.0
12974,7,1.0
12975,2,0.9999908
12976,4,0.9999989
12977,1,0.99999774
12978,0,1.0
12979,4,1.0
12980,6,1.0
12981,2,1.0
12982,5,0.99999976
12983,6,1.0
12984,0,0.9999926
12985,3,1.0
12986,1,0.9999999
12987,4,1.0
12988,1,0.9998616
12989,2,1.0
12990,1,1.0
12991,5,0.9999994
12992,7,0.9867871
12993,7,1.0
12994,4,1.0
12995,3,0.9999999
12996,0,1.0
12997,3,1.0
12998,7,1.0
12999,0,0.99999785
13000,2,0.9999999
13001,8,0.99844116
13002,6,0.99999857
13003,1,1.0
13004,8,0.99999607
13005,4,1.0
13006,0,0.997948
13007,9,0.99996126
13008,0,1.0
13009,4,1.0
13010,1,0.99999595
13011,5,1.0
13012,3,1.0
13013,9,0.99999666
13014,4,1.0
13015,6,1.0
13016,5,1.0
13017,0,1.0
13018,5,0.99999976
13019,0,0.9999995
13020,1,1.0
13021,4,0.99999976
13022,8,1.0
13023,1,1.0
13024,0,0.99999964
13025,5,1.0
13026,8,0.99999464
13027,9,0.999992
13028,6,1.0
13029,5,1.0
13030,4,1.0
13031,5,1.0
13032,5,1.0
13033,8,1.0
13034,3,1.0
13035,1,1.0
13036,9,0.99999976
13037,9,0.9999186
13038,2,1.0
13039,0,1.0
13040,3,1.0
13041,9,0.9999945
13042,3,1.0
13043,4,1.0
13044,3,0.93477625
13045,0,0.9999478
13046,6,0.9999788
13047,6,0.9999989
13048,5,0.99999595
13049,9,0.9999994
13050,3,1.0
13051,9,0.9999999
13052,2,1.0
13053,5,1.0
13054,9,1.0
13055,6,1.0
13056,3,1.0
13057,6,1.0
13058,9,0.99989986
13059,8,1.0
13060,2,1.0
13061,6,1.0
13062,8,0.9999995
13063,4,0.99253744
13064,1,0.9999987
13065,1,0.9999999
13066,3,1.0
13067,5,0.9999018
13068,8,0.9999974
13069,0,0.9999999
13070,4,1.0
13071,5,0.9999999
13072,4,1.0
13073,0,0.99955624
13074,2,0.9999944
13075,0,0.9999584
13076,6,1.0
13077,2,0.999699
13078,1,1.0
13079,2,0.9999974
13080,3,1.0
13081,1,1.0
13082,1,0.99999595
13083,0,0.99990904
13084,5,0.99989235
13085,4,1.0
13086,4,1.0
13087,0,0.99999917
13088,6,1.0
13089,7,0.9999999
13090,1,1.0
13091,7,0.9999155
13092,2,0.99999976
13093,3,0.9994342
13094,6,1.0
13095,4,1.0
13096,8,0.9999219
13097,1,0.9999999
13098,8,1.0
13099,3,1.0
13100,7,1.0
13101,0,0.9999993
13102,2,0.9999999
13103,9,0.9997981
13104,5,0.99998105
13105,1,1.0
13106,3,1.0
13107,8,0.9999999
13108,6,0.99897885
13109,9,0.97651756
13110,7,0.9999993
13111,8,0.99997294
13112,0,0.9999999
13113,2,1.0
13114,9,0.99999905
13115,9,0.99996865
13116,9,0.9989574
13117,1,1.0
13118,0,0.99999905
13119,1,1.0
13120,5,1.0
13121,5,0.99996054
13122,4,1.0
13123,2,1.0
13124,4,0.99999964
13125,5,0.9999969
13126,3,0.9988716
13127,8,0.9999999
13128,6,0.9910595
13129,7,0.99999857
13130,9,0.999148
13131,8,0.992853
13132,2,0.9999659
13133,5,0.99999964
13134,1,1.0
13135,1,1.0
13136,2,0.99986446
13137,5,1.0
13138,0,1.0
13139,6,1.0
13140,9,0.9996352
13141,8,0.9999999
13142,8,0.99999774
13143,7,1.0
13144,1,0.99920505
13145,8,0.99998486
13146,9,0.999997
13147,9,1.0
13148,2,0.9999999
13149,1,1.0
13150,3,1.0
13151,9,0.99997663
13152,2,0.9999958
13153,3,1.0
13154,4,1.0
13155,6,1.0
13156,1,1.0
13157,0,1.0
13158,9,0.87086654
13159,4,0.99999666
13160,1,1.0
13161,2,0.9999832
13162,3,1.0
13163,7,0.99999976
13164,9,0.999741
13165,7,0.9999999
13166,6,1.0
13167,7,0.999997
13168,6,1.0
13169,3,0.9999753
13170,4,0.9999968
13171,9,0.9997416
13172,6,1.0
13173,6,1.0
13174,9,0.9999994
13175,0,1.0
13176,4,0.99999976
13177,7,1.0
13178,7,0.9999956
13179,8,0.99999714
13180,9,0.99957865
13181,3,1.0
13182,0,0.9999995
13183,3,1.0
13184,2,0.9999999
13185,2,0.9999999
13186,4,0.98796195
13187,3,1.0
13188,0,1.0
13189,7,0.99999833
13190,9,1.0
13191,6,0.9998566
13192,1,1.0
13193,0,0.9999995
13194,8,1.0
13195,3,1.0
13196,3,1.0
13197,5,0.99999905
13198,2,1.0
13199,1,1.0
13200,2,0.99999905
13201,2,0.99999464
13202,2,1.0
13203,7,0.99999905
13204,1,0.9999994
13205,8,0.99999917
13206,3,1.0
13207,5,0.99993885
13208,5,0.99999976
13209,7,0.9999325
13210,6,1.0
13211,2,1.0
13212,2,1.0
13213,0,0.9999999
13214,1,1.0
13215,7,1.0
13216,5,0.99997795
13217,3,1.0
13218,7,1.0
13219,0,1.0
13220,1,0.9999999
13221,3,0.9940876
13222,9,0.99999857
13223,4,1.0
13224,8,0.99999523
13225,1,1.0
13226,1,1.0
13227,4,1.0
13228,3,1.0
13229,7,1.0
13230,2,1.0
13231,7,1.0
13232,3,1.0
13233,4,0.9999995
13234,7,0.9999995
13235,1,0.9999999
13236,0,1.0
13237,5,0.99999857
13238,6,1.0
13239,9,0.9999815
13240,7,1.0
13241,9,0.9977221
13242,0,1.0
13243,5,0.9765386
13244,9,1.0
13245,3,0.9999826
13246,4,0.9999182
13247,4,1.0
13248,5,1.0
13249,9,0.99994254
13250,9,0.9999999
13251,9,0.9999987
13252,4,0.9999999
13253,5,0.9999993
13254,2,1.0
13255,7,0.99999917
13256,3,1.0
13257,0,1.0
13258,3,1.0
13259,3,1.0
13260,8,0.99999523
13261,1,1.0
13262,4,0.99996734
13263,8,1.0
13264,1,0.99999964
13265,6,0.96632683
13266,0,0.9999691
13267,1,0.99997616
13268,6,0.99999976
13269,8,0.93552965
13270,0,1.0
13271,7,1.0
13272,7,1.0
13273,3,0.9999939
13274,6,0.99999976
13275,1,1.0
13276,0,0.99999297
13277,6,1.0
13278,3,0.9999939
13279,9,0.9999231
13280,3,1.0
13281,4,1.0
13282,7,1.0
13283,5,0.9964173
13284,6,0.9999889
13285,4,1.0
13286,2,1.0
13287,2,0.9999534
13288,2,0.9631136
13289,5,0.9999502
13290,3,0.9999999
13291,7,0.8936252
13292,8,1.0
13293,0,0.9999994
13294,0,1.0
13295,6,0.99999976
13296,1,0.9999999
13297,6,1.0
13298,4,1.0
13299,4,1.0
13300,0,0.9998229
13301,4,0.9999608
13302,0,0.9999405
13303,5,0.99146616
13304,5,0.9999994
13305,1,1.0
13306,7,0.9999999
13307,1,1.0
13308,4,1.0
13309,1,1.0
13310,8,1.0
13311,4,0.9999943
13312,9,0.9996942
13313,8,1.0
13314,0,1.0
13315,3,1.0
13316,5,0.9999478
13317,7,1.0
13318,4,0.9999459
13319,4,1.0
13320,6,1.0
13321,5,0.602848
13322,8,0.9999999
13323,6,1.0
13324,9,0.9999937
13325,3,1.0
13326,8,0.99999845
13327,5,0.9955772
13328,6,1.0
13329,1,0.9999962
13330,9,1.0
13331,9,0.99999833
13332,2,0.99991035
13333,7,0.9999999
13334,7,0.9999653
13335,2,0.9999943
13336,7,0.999997
13337,2,0.99999917
13338,2,0.999997
13339,0,0.99998295
13340,6,1.0
13341,7,0.9999999
13342,0,0.9999999
13343,1,1.0
13344,5,0.9999995
13345,6,1.0
13346,2,1.0
13347,6,1.0
13348,7,0.99912447
13349,5,0.99995255
13350,5,0.9999956
13351,7,0.99359643
13352,6,0.9999999
13353,9,0.99999976
13354,7,1.0
13355,9,0.99996305
13356,4,1.0
13357,1,0.9999999
13358,3,1.0
13359,2,0.9999999
13360,6,0.9999989
13361,1,1.0
13362,5,0.999974
13363,9,0.99999845
13364,9,0.9999832
13365,7,0.99999917
13366,8,1.0
13367,7,0.9999982
13368,0,1.0
13369,5,0.9999914
13370,4,0.99999976
13371,5,0.9999999
13372,7,1.0
13373,6,1.0
13374,5,0.9999877
13375,6,1.0
13376,0,0.9999995
13377,4,1.0
13378,7,1.0
13379,5,0.999683
13380,1,0.99999964
13381,0,0.99474984
13382,1,1.0
13383,1,0.9999958
13384,9,0.99999976
13385,4,1.0
13386,8,0.9999988
13387,3,1.0
13388,5,0.9999229
13389,1,1.0
13390,7,1.0
13391,4,1.0
13392,4,0.99992096
13393,2,1.0
13394,9,0.99988914
13395,9,1.0
13396,5,0.998061
13397,1,1.0
13398,7,0.99993956
13399,5,0.99999595
13400,9,0.99972385
13401,6,0.99999905
13402,2,1.0
13403,1,1.0
13404,4,1.0
13405,1,0.9999994
13406,5,1.0
13407,3,0.99999976
13408,9,1.0
13409,7,1.0
13410,7,1.0
13411,4,1.0
13412,3,1.0
13413,2,0.9999999
13414,6,1.0
13415,9,0.9999727
13416,1,1.0
13417,3,1.0
13418,5,0.9999901
13419,7,1.0
13420,0,0.9999987
13421,3,1.0
13422,4,0.8998785
13423,3,1.0
13424,5,0.99998605
13425,9,0.99999964
13426,1,1.0
13427,6,0.9999999
13428,5,0.999982
13429,7,1.0
13430,2,1.0
13431,0,0.9996996
13432,0,0.9999994
13433,5,1.0
13434,2,1.0
13435,2,0.858875
13436,8,0.99999416
13437,4,1.0
13438,4,1.0
13439,4,1.0
13440,4,1.0
13441,2,0.9999999
13442,4,0.9999286
13443,5,0.9999995
13444,9,1.0
13445,3,1.0
13446,9,1.0
13447,6,0.99918205
13448,7,0.9999105
13449,4,0.9984718
13450,0,1.0
13451,3,0.9999995
13452,4,0.99996924
13453,8,1.0
13454,7,1.0
13455,6,0.9978219
13456,1,1.0
13457,8,0.9993268
13458,7,0.97371465
13459,6,0.9995932
13460,0,1.0
13461,3,1.0
13462,0,1.0
13463,3,1.0
13464,5,1.0
13465,3,0.999997
13466,4,0.9999999
13467,2,1.0
13468,8,1.0
13469,8,0.9999765
13470,0,1.0
13471,2,1.0
13472,8,0.99998856
13473,3,1.0
13474,9,0.9960413
13475,2,0.99999344
13476,9,0.9999999
13477,7,1.0
13478,8,0.9999999
13479,2,0.99865746
13480,6,0.99999976
13481,1,1.0
13482,2,0.9999957
13483,4,0.9999999
13484,1,1.0
13485,3,1.0
13486,4,1.0
13487,3,1.0
13488,2,0.99999976
13489,0,0.9999809
13490,8,0.9994766
13491,8,0.9999988
13492,4,0.999998
13493,6,1.0
13494,8,1.0
13495,0,0.9981369
13496,7,0.99999833
13497,0,0.9998153
13498,5,1.0
13499,1,0.99999845
13500,2,0.9999999
13501,2,1.0
13502,0,1.0
13503,7,1.0
13504,6,1.0
13505,4,1.0
13506,1,1.0
13507,8,0.99999857
13508,7,0.9999999
13509,8,0.9999999
13510,2,1.0
13511,4,0.9999994
13512,2,0.9936847
13513,0,0.99999964
13514,2,0.9999999
13515,3,0.9999995
13516,5,0.99999964
13517,0,1.0
13518,5,0.99914324
13519,7,0.99999917
13520,4,1.0
13521,1,1.0
13522,7,0.9999999
13523,3,0.84824216
13524,9,0.99999726
13525,9,0.99990034
13526,1,0.9999974
13527,5,0.99999845
13528,0,0.999943
13529,2,0.99744934
13530,0,0.9999994
13531,3,1.0
13532,3,1.0
13533,6,1.0
13534,4,0.7242442
13535,9,1.0
13536,4,1.0
13537,8,1.0
13538,6,1.0
13539,5,0.8539148
13540,2,0.99999964
13541,9,0.9999999
13542,0,1.0
13543,8,0.9982015
13544,1,1.0
13545,9,0.99999523
13546,8,1.0
13547,2,1.0
13548,5,1.0
13549,6,0.97902966
13550,7,0.99999964
13551,4,1.0
13552,8,1.0
13553,3,1.0
13554,4,0.99999917
13555,5,0.994733
13556,2,1.0
13557,6,0.99679023
13558,4,0.9999747
13559,1,0.9999999
13560,3,0.7051371
13561,0,1.0
13562,2,1.0
13563,3,0.5899553
13564,2,1.0
13565,7,0.99037653
13566,2,1.0
13567,2,1.0
13568,6,1.0
13569,6,1.0
13570,0,0.99995923
13571,1,0.9999994
13572,4,1.0
13573,6,1.0
13574,1,0.9999995
13575,0,0.999987
13576,2,0.9999994
13577,7,0.6720527
13578,0,0.9999211
13579,6,1.0
13580,1,1.0
13581,1,0.9999999
13582,9,1.0
13583,5,0.99999344
13584,6,1.0
13585,7,1.0
13586,6,1.0
13587,2,0.975387
13588,5,1.0
13589,0,0.9999945
13590,3,1.0
13591,9,0.69671524
13592,9,0.9999999
13593,2,1.0
13594,6,0.99991405
13595,2,0.9907216
13596,9,0.9999896
13597,9,0.5204797
13598,9,0.99999905
13599,3,1.0
13600,2,0.99936014
13601,7,0.99999845
13602,4,1.0
13603,1,0.9999999
13604,4,1.0
13605,8,1.0
13606,7,0.9999999
13607,8,1.0
13608,4,1.0
13609,5,0.9999951
13610,8,0.9999999
13611,5,1.0
13612,6,1.0
13613,0,0.9999863
13614,8,1.0
13615,9,0.9999976
13616,3,1.0
13617,1,0.9866953
13618,5,0.99971825
13619,4,1.0
13620,6,1.0
13621,6,1.0
13622,5,0.99999905
13623,1,1.0
13624,8,1.0
13625,6,0.9999995
13626,8,0.99998236
13627,3,0.99999225
13628,7,1.0
13629,1,1.0
13630,1,0.99999845
13631,3,1.0
13632,6,0.9999993
13633,0,0.99997556
13634,4,1.0
13635,5,0.9999994
13636,0,0.9998977
13637,3,1.0
13638,9,1.0
13639,9,0.9999957
13640,6,0.9999999
13641,3,1.0
13642,7,1.0
13643,4,0.9999999
13644,3,1.0
13645,4,0.99999976
13646,1,0.9999999
13647,7,1.0
13648,2,1.0
13649,5,0.9999981
13650,6,1.0
13651,4,0.9992243
13652,6,1.0
13653,6,1.0
13654,5,0.99996305
13655,9,0.99340916
13656,4,1.0
13657,1,1.0
13658,8,0.9999999
13659,2,1.0
13660,3,0.9999933
13661,6,1.0
13662,0,0.99997234
13663,7,1.0
13664,7,1.0
13665,7,1.0
13666,3,1.0
13667,5,0.9992471
13668,0,0.9999932
13669,1,0.9999995
13670,4,0.9992052
13671,6,0.9999999
13672,0,1.0
13673,6,1.0
13674,8,1.0
13675,5,0.9999819
13676,5,0.99999976
13677,1,0.99999964
13678,9,0.9999919
13679,2,1.0
13680,5,0.99999917
13681,3,1.0
13682,3,0.99998784
13683,3,1.0
13684,7,1.0
13685,1,1.0
13686,0,0.9999999
13687,2,0.99999976
13688,2,1.0
13689,3,1.0
13690,2,1.0
13691,9,0.99999905
13692,3,1.0
13693,1,1.0
13694,8,0.9999969
13695,0,1.0
13696,5,0.9999981
13697,3,1.0
13698,8,0.99998534
13699,5,0.99999356
13700,0,0.99999416
13701,1,0.99999976
13702,7,0.99999976
13703,8,1.0
13704,1,1.0
13705,0,1.0
13706,1,0.99999964
13707,2,1.0
13708,6,1.0
13709,8,0.9999994
13710,2,0.99995255
13711,7,0.99990475
13712,4,0.9999999
13713,7,0.9999999
13714,7,0.5651954
13715,0,1.0
13716,5,0.9999244
13717,9,0.997529
13718,9,1.0
13719,6,1.0
13720,1,0.99999976
13721,6,1.0
13722,7,1.0
13723,7,0.9999989
13724,3,1.0
13725,5,0.99999607
13726,3,1.0
13727,9,0.9999654
13728,0,1.0
13729,8,0.9997533
13730,2,0.999998
13731,5,0.4158839
13732,4,1.0
13733,9,0.99999976
13734,2,1.0
13735,6,0.99999964
13736,1,1.0
13737,7,0.99998796
13738,4,1.0
13739,9,0.9999862
13740,0,1.0
13741,9,1.0
13742,7,1.0
13743,1,0.99999857
13744,9,0.9999999
13745,2,1.0
13746,7,0.99999976
13747,4,1.0
13748,6,1.0
13749,3,1.0
13750,3,1.0
13751,9,0.99999475
13752,7,1.0
13753,8,0.9999536
13754,1,0.99999845
13755,1,1.0
13756,0,1.0
13757,2,0.999671
13758,9,0.9999963
13759,2,1.0
13760,5,0.999808
13761,5,0.9999683
13762,5,0.99999976
13763,6,0.9999999
13764,5,1.0
13765,0,0.9999999
13766,9,1.0
13767,5,1.0
13768,5,0.99999976
13769,0,0.9999949
13770,0,1.0
13771,1,1.0
13772,7,1.0
13773,0,1.0
13774,1,1.0
13775,6,0.99999046
13776,7,0.9999999
13777,6,1.0
13778,2,0.99999905
13779,2,0.9999906
13780,9,0.99999607
13781,0,0.99999726
13782,0,0.9999988
13783,5,0.9999993
13784,3,0.9999999
13785,4,0.9999988
13786,6,1.0
13787,4,1.0
13788,2,1.0
13789,0,1.0
13790,7,0.99999344
13791,1,1.0
13792,2,0.98254204
13793,6,1.0
13794,2,1.0
13795,2,0.9999999
13796,6,0.9999957
13797,7,0.9999988
13798,5,0.9999801
13799,0,0.9999726
13800,2,1.0
13801,8,0.9998683
13802,4,1.0
13803,0,1.0
13804,8,0.9999999
13805,2,1.0
13806,6,1.0
13807,5,1.0
13808,9,0.9999999
13809,7,1.0
13810,8,1.0
13811,9,0.999977
13812,5,1.0
13813,3,1.0
13814,9,0.9999994
13815,1,0.9999907
13816,1,1.0
13817,3,0.99527174
13818,5,1.0
13819,9,0.99999785
13820,4,1.0
13821,2,0.9999995
13822,5,1.0
13823,0,1.0
13824,1,1.0
13825,4,1.0
13826,0,1.0
13827,3,1.0
13828,6,1.0
13829,6,1.0
13830,0,1.0
13831,7,1.0
13832,8,1.0
13833,9,0.9999882
13834,7,1.0
13835,5,1.0
13836,3,1.0
13837,8,1.0
13838,9,0.6018977
13839,9,1.0
13840,1,1.0
13841,1,1.0
13842,6,0.99999666
13843,3,1.0
13844,3,1.0
13845,4,0.9857889
13846,0,0.9999988
13847,1,1.0
13848,1,0.9999865
13849,7,1.0
13850,8,1.0
13851,5,0.9999747
13852,7,1.0
13853,6,1.0
13854,5,0.9999999
13855,5,1.0
13856,9,0.99999976
13857,8,0.99737835
13858,0,0.9999999
13859,5,0.9999981
13860,1,0.99994326
13861,5,0.99999154
13862,6,1.0
13863,0,0.99999213
13864,4,0.9999999
13865,8,0.9915446
13866,2,0.99999964
13867,6,0.9999362
13868,7,0.9999999
13869,9,0.99911386
13870,5,1.0
13871,9,0.999801
13872,6,0.9992392
13873,9,0.99999976
13874,7,1.0
13875,1,0.99999785
13876,8,1.0
13877,8,1.0
13878,4,0.83995473
13879,7,0.99685365
13880,2,1.0
13881,3,1.0
13882,7,1.0
13883,9,0.9999993
13884,0,0.999998
13885,0,0.9999888
13886,1,1.0
13887,9,0.99969673
13888,5,0.9999999
13889,3,0.99514693
13890,8,1.0
13891,9,0.9995345
13892,6,0.9949143
13893,4,1.0
13894,5,1.0
13895,7,1.0
13896,8,1.0
13897,5,1.0
13898,5,0.9999975
13899,6,0.9999995
13900,0,1.0
13901,6,0.999987
13902,8,1.0
13903,4,1.0
13904,2,1.0
13905,2,1.0
13906,9,0.8180123
13907,8,1.0
13908,8,1.0
13909,7,0.99988115
13910,7,1.0
13911,3,0.9999976
13912,7,0.9999857
13913,2,0.9999982
13914,7,0.99999666
13915,1,1.0
13916,4,0.9999796
13917,6,0.99998164
13918,8,0.99999976
13919,4,1.0
13920,9,0.9997733
13921,5,1.0
13922,3,0.99999654
13923,1,1.0
13924,8,0.9998822
13925,6,1.0
13926,4,0.99999976
13927,5,0.99999905
13928,1,1.0
13929,6,0.9999999
13930,6,1.0
13931,4,0.99999976
13932,3,1.0
13933,3,1.0
13934,0,0.99999404
13935,8,0.9970029
13936,0,1.0
13937,3,1.0
13938,1,0.99999714
13939,6,1.0
13940,2,0.99999976
13941,6,0.9999999
13942,1,1.0
13943,6,1.0
13944,7,0.99998903
13945,6,0.99998176
13946,0,1.0
13947,6,0.9999933
13948,4,0.9999999
13949,8,0.99563247
13950,4,0.9999995
13951,6,1.0
13952,7,0.99999976
13953,4,0.9999999
13954,8,1.0
13955,8,1.0
13956,7,1.0
13957,4,1.0
13958,3,1.0
13959,1,0.99999976
13960,0,1.0
13961,8,0.99317557
13962,4,1.0
13963,0,0.99999356
13964,1,1.0
13965,8,0.9999658
13966,9,0.99999857
13967,6,1.0
13968,0,0.9999994
13969,6,1.0
13970,9,0.9999995
13971,9,0.99986386
13972,1,0.9999994
13973,9,1.0
13974,4,1.0
13975,2,0.9999466
13976,0,1.0
13977,9,0.9999999
13978,9,0.9999989
13979,1,1.0
13980,2,0.99998856
13981,4,0.99828535
13982,6,1.0
13983,3,1.0
13984,8,0.9999887
13985,1,1.0
13986,7,0.9999999
13987,5,0.99996316
13988,7,1.0
13989,2,1.0
13990,5,1.0
13991,8,0.9999988
13992,0,1.0
13993,0,0.99999416
13994,6,0.9999813
13995,3,0.9999906
13996,9,0.99999833
13997,3,0.9999945
13998,5,0.99385506
13999,4,0.9999969
14000,0,1.0
14001,3,0.9999999
14002,4,0.99999905
14003,3,1.0
14004,6,0.9999999
14005,7,0.9999995
14006,0,0.99999464
14007,0,0.99999666
14008,5,0.99998796
14009,8,1.0
14010,4,0.9999875
14011,6,1.0
14012,2,0.97692764
14013,2,1.0
14014,2,0.99999964
14015,1,0.7311592
14016,9,0.7549029
14017,6,1.0
14018,1,1.0
14019,6,1.0
14020,4,1.0
14021,4,1.0
14022,6,1.0
14023,6,1.0
14024,4,1.0
14025,0,0.9999995
14026,0,1.0
14027,4,0.9999869
14028,6,1.0
14029,4,1.0
14030,9,0.99999976
14031,9,0.99999845
14032,3,1.0
14033,5,0.9999919
14034,3,1.0
14035,1,1.0
14036,2,1.0
14037,1,1.0
14038,5,1.0
14039,1,0.999998
14040,8,0.9962696
14041,4,1.0
14042,5,1.0
14043,3,1.0
14044,1,1.0
14045,9,0.9999981
14046,8,1.0
14047,2,1.0
14048,0,0.9999999
14049,2,0.99743086
14050,9,0.9996051
14051,2,0.999995
14052,8,1.0
14053,3,0.99999785
14054,7,1.0
14055,6,1.0
14056,9,0.99999034
14057,6,0.99994385
14058,1,1.0
14059,3,1.0
14060,0,0.99999976
14061,1,1.0
14062,3,0.9999999
14063,7,1.0
14064,7,0.99612516
14065,9,0.99999917
14066,6,1.0
14067,0,0.99668616
14068,4,1.0
14069,5,0.9999745
14070,5,0.9999999
14071,6,0.99999964
14072,8,0.9999999
14073,3,1.0
14074,8,1.0
14075,3,1.0
14076,5,0.9997646
14077,7,1.0
14078,6,0.9999999
14079,3,0.9999846
14080,7,0.9999995
14081,7,1.0
14082,3,0.9999999
14083,4,1.0
14084,8,0.9999908
14085,1,0.9999999
14086,2,0.9999999
14087,8,0.99999785
14088,8,0.9999993
14089,8,0.999995
14090,1,1.0
14091,5,0.9999994
14092,6,1.0
14093,5,1.0
14094,2,0.9999987
14095,5,0.9999999
14096,5,0.9990889
14097,1,0.9999392
14098,6,0.9999777
14099,6,0.99996877
14100,1,1.0
14101,4,0.9999677
14102,3,1.0
14103,0,0.9999962
14104,0,1.0
14105,3,1.0
14106,7,0.97026485
14107,2,0.9999906
14108,9,0.99995804
14109,0,0.9999976
14110,3,1.0
14111,2,1.0
14112,9,0.9812422
14113,3,1.0
14114,0,1.0
14115,6,0.9999999
14116,3,0.9995634
14117,2,1.0
14118,9,0.9999989
14119,6,1.0
14120,1,1.0
14121,8,0.99999976
14122,5,0.99999154
14123,7,1.0
14124,0,0.99999976
14125,1,0.9994116
14126,4,1.0
14127,1,1.0
14128,0,0.99691147
14129,8,1.0
14130,2,1.0
14131,9,0.99999833
14132,8,0.99999285
14133,0,0.99992216
14134,1,1.0
14135,4,1.0
14136,8,0.99997616
14137,7,0.9999999
14138,6,0.9999933
14139,3,0.99999976
14140,8,1.0
14141,4,0.999998
14142,5,0.9999958
14143,0,0.99998534
14144,6,1.0
14145,6,0.9989968
14146,0,0.9999999
14147,5,1.0
14148,9,0.9985171
14149,0,0.9999999
14150,7,1.0
14151,4,1.0
14152,8,1.0
14153,8,0.9974533
14154,5,0.99996054
14155,9,1.0
14156,7,0.82625026
14157,9,0.9999199
14158,9,0.99354666
14159,1,0.99999905
14160,1,0.9999882
14161,1,1.0
14162,2,1.0
14163,0,0.9984876
14164,7,1.0
14165,5,0.99999666
14166,0,1.0
14167,2,0.9997564
14168,0,1.0
14169,8,1.0
14170,7,0.99999785
14171,1,1.0
14172,9,0.9821904
14173,8,0.9999962
14174,5,0.99999785
14175,2,0.99926895
14176,6,1.0
14177,1,1.0
14178,6,1.0
14179,9,0.92973816
14180,2,0.9999999
14181,3,1.0
14182,9,0.9999938
14183,8,1.0
14184,8,0.9774845
14185,9,0.9999989
14186,0,0.9999933
14187,2,1.0
14188,9,0.9995586
14189,4,1.0
14190,8,1.0
14191,5,0.9999976
14192,1,1.0
14193,0,1.0
14194,9,0.9999999
14195,0,0.9999995
14196,1,0.9999963
14197,7,0.99931467
14198,9,0.99998
14199,4,1.0
14200,0,0.99991214
14201,1,1.0
14202,3,1.0
14203,9,0.99999034
14204,8,0.9999999
14205,7,0.9999993
14206,4,0.9999999
14207,5,0.9906313
14208,0,0.9999999
14209,1,1.0
14210,5,0.9999999
14211,8,1.0
14212,8,0.99981505
14213,1,0.9999995
14214,6,1.0
14215,9,1.0
14216,7,1.0
14217,0,1.0
14218,1,1.0
14219,7,1.0
14220,5,0.99999774
14221,5,0.99972826
14222,4,1.0
14223,6,1.0
14224,1,1.0
14225,8,0.9999951
14226,4,0.99999917
14227,9,0.99998343
14228,3,0.9999993
14229,9,0.99999917
14230,6,0.99999857
14231,9,1.0
14232,0,1.0
14233,0,0.9999999
14234,1,0.99999166
14235,9,0.9803852
14236,9,0.99999964
14237,3,0.9988176
14238,3,1.0
14239,2,0.99939704
14240,1,0.9999999
14241,1,1.0
14242,2,1.0
14243,9,0.99953353
14244,3,1.0
14245,1,0.999998
14246,8,0.6415925
14247,5,0.9999677
14248,2,0.9999994
14249,3,0.9997329
14250,2,0.99597627
14251,5,1.0
14252,4,0.9999807
14253,8,0.9999988
14254,0,1.0
14255,5,0.9999974
14256,3,1.0
14257,6,0.99810034
14258,9,1.0
14259,3,0.99931574
14260,5,0.9999918
14261,8,1.0
14262,5,0.9999999
14263,6,0.9994854
14264,6,1.0
14265,0,1.0
14266,8,0.99999976
14267,9,1.0
14268,8,0.9999999
14269,0,1.0
14270,4,1.0
14271,1,1.0
14272,0,0.9998673
14273,1,1.0
14274,3,1.0
14275,1,1.0
14276,8,1.0
14277,6,0.9999995
14278,3,1.0
14279,1,0.9987962
14280,8,0.93769354
14281,0,1.0
14282,3,0.9999999
14283,8,0.99963677
14284,6,0.9999995
14285,9,0.9999999
14286,3,1.0
14287,1,1.0
14288,6,1.0
14289,1,0.9999975
14290,1,1.0
14291,6,1.0
14292,4,1.0
14293,3,0.9997793
14294,8,0.99988985
14295,6,0.99999857
14296,9,0.99978703
14297,4,1.0
14298,2,0.9976503
14299,8,0.99989927
14300,6,1.0
14301,7,1.0
14302,2,1.0
14303,7,1.0
14304,7,1.0
14305,6,1.0
14306,8,0.9999981
14307,3,0.99873203
14308,2,1.0
14309,0,0.99999976
14310,2,0.9994783
14311,0,0.9999999
14312,7,1.0
14313,5,0.99999976
14314,0,0.9999976
14315,9,0.99999416
14316,9,0.9999999
14317,6,0.9999994
14318,4,0.9999826
14319,5,0.9998826
14320,6,1.0
14321,1,1.0
14322,2,1.0
14323,0,1.0
14324,3,0.99999976
14325,9,0.9999994
14326,7,1.0
14327,6,1.0
14328,0,0.9997247
14329,3,1.0
14330,4,1.0
14331,1,0.9999999
14332,7,0.99999964
14333,7,0.9999999
14334,7,1.0
14335,1,0.9999871
14336,0,0.99972874
14337,0,0.9999994
14338,6,1.0
14339,0,1.0
14340,6,0.54377645
14341,5,0.99999917
14342,9,0.9999999
14343,7,0.9999918
14344,8,0.99999964
14345,2,1.0
14346,5,0.9999999
14347,1,1.0
14348,8,0.9999788
14349,8,0.9479588
14350,3,1.0
14351,8,0.9999999
14352,8,0.9999999
14353,9,0.99999726
14354,1,1.0
14355,2,1.0
14356,6,0.99999917
14357,6,1.0
14358,6,1.0
14359,9,0.9999906
14360,5,0.997698
14361,3,0.99989414
14362,8,0.99997413
14363,6,0.9997874
14364,1,0.9999993
14365,3,1.0
14366,8,0.99962723
14367,6,1.0
14368,4,1.0
14369,3,1.0
14370,4,0.9999995
14371,9,0.9851068
14372,6,0.92927665
14373,0,0.9999999
14374,1,1.0
14375,0,1.0
14376,9,1.0
14377,2,0.883756
14378,2,1.0
14379,1,0.9999956
14380,7,0.99999833
14381,5,1.0
14382,4,0.9999999
14383,1,1.0
14384,6,0.99999213
14385,0,0.99993753
14386,3,0.9996922
14387,8,1.0
14388,9,0.9999989
14389,9,0.99999535
14390,7,1.0
14391,8,0.9989207
14392,2,0.99999535
14393,5,0.9997904
14394,8,0.99999523
14395,5,0.9999988
14396,5,0.99996865
14397,2,0.9998405
14398,1,1.0
14399,8,1.0
14400,4,0.94899434
14401,1,0.99999976
14402,6,0.99953544
14403,9,0.99999785
14404,3,1.0
14405,9,0.99999964
14406,9,0.9999994
14407,1,0.9999999
14408,8,1.0
14409,7,1.0
14410,4,0.98739445
14411,1,1.0
14412,2,0.9999999
14413,2,1.0
14414,5,1.0
14415,6,1.0
14416,5,1.0
14417,8,1.0
14418,7,0.9999999
14419,3,1.0
14420,6,1.0
14421,1,1.0
14422,2,0.999985
14423,6,1.0
14424,8,0.999969
14425,1,1.0
14426,8,0.99999523
14427,6,1.0
14428,7,0.9999975
14429,4,1.0
14430,1,0.9999995
14431,9,0.99714166
14432,3,0.9999975
14433,4,1.0
14434,0,0.9999721
14435,9,1.0
14436,1,1.0
14437,1,1.0
14438,0,1.0
14439,1,1.0
14440,8,0.9999949
14441,1,1.0
14442,3,1.0
14443,9,0.9999809
14444,0,1.0
14445,2,0.9998141
14446,8,1.0
14447,5,1.0
14448,5,0.99307853
14449,0,0.9999999
14450,8,0.9754327
14451,8,1.0
14452,7,0.99999964
14453,7,0.99998343
14454,1,0.99999845
14455,9,0.9999498
14456,9,0.994578
14457,0,1.0
14458,3,1.0
14459,4,1.0
14460,9,0.5031677
14461,6,0.99999964
14462,3,1.0
14463,0,0.99999785
14464,2,0.99999535
14465,4,0.99999547
14466,4,0.9653895
14467,7,0.99999917
14468,1,0.99999964
14469,4,0.9994337
14470,1,0.99999666
14471,9,0.9999989
14472,3,1.0
14473,8,0.997703
14474,2,1.0
14475,0,0.9999944
14476,4,1.0
14477,7,0.75266564
14478,3,0.99963367
14479,2,0.99999976
14480,6,1.0
14481,7,1.0
14482,1,1.0
14483,5,1.0
14484,1,1.0
14485,1,1.0
14486,2,0.9999989
14487,4,0.99999774
14488,0,0.99999976
14489,0,0.9999988
14490,4,0.9999981
14491,8,0.9975745
14492,8,0.9999988
14493,5,0.99999976
14494,2,1.0
14495,5,0.9999999
14496,8,1.0
14497,5,1.0
14498,9,0.99857426
14499,0,1.0
14500,3,0.9999999
14501,2,1.0
14502,4,0.99999976
14503,8,0.99999833
14504,2,1.0
14505,0,0.99999964
14506,2,0.9999999
14507,4,0.99991214
14508,5,0.9999999
14509,1,1.0
14510,6,0.9999995
14511,8,0.9999291
14512,9,1.0
14513,1,0.95929104
14514,0,1.0
14515,3,0.99664813
14516,2,1.0
14517,6,0.9999999
14518,1,1.0
14519,1,0.99999976
14520,6,1.0
14521,4,0.4323108
14522,2,0.99991786
14523,9,1.0
14524,0,0.9999924
14525,0,0.99999917
14526,0,1.0
14527,8,1.0
14528,2,0.99071574
14529,4,0.999998
14530,3,1.0
14531,2,0.9999212
14532,8,1.0
14533,2,0.9978434
14534,6,1.0
14535,7,1.0
14536,4,0.99986374
14537,6,1.0
14538,4,1.0
14539,3,0.99999964
14540,2,0.9999994
14541,0,1.0
14542,9,0.9999968
14543,8,1.0
14544,6,0.9999999
14545,4,0.99999046
14546,3,1.0
14547,0,0.99999976
14548,3,0.86460936
14549,0,1.0
14550,3,1.0
14551,0,1.0
14552,2,0.9245676
14553,9,0.9996107
14554,2,1.0
14555,1,1.0
14556,8,1.0
14557,4,1.0
14558,7,1.0
14559,7,0.99955004
14560,2,0.9999993
14561,7,0.9999912
14562,3,1.0
14563,1,0.9999969
14564,3,0.9999974
14565,7,1.0
14566,0,0.99479866
14567,3,0.9999999
14568,7,1.0
14569,2,0.99923515
14570,0,0.9999999
14571,2,1.0
14572,0,1.0
14573,7,1.0
14574,9,0.9999994
14575,1,1.0
14576,2,1.0
14577,0,1.0
14578,5,0.9999814
14579,6,0.99978656
14580,2,0.99999213
14581,3,1.0
14582,6,0.9999999
14583,2,0.9978144
14584,4,1.0
14585,9,0.9999938
14586,4,1.0
14587,5,0.9999982
14588,8,1.0
14589,9,1.0
14590,3,1.0
14591,7,0.9999999
14592,4,1.0
14593,2,0.6864
14594,9,1.0
14595,4,1.0
14596,8,1.0
14597,6,1.0
14598,7,0.9999982
14599,0,1.0
14600,3,1.0
14601,8,0.9999974
14602,7,0.9996686
14603,1,0.99999976
14604,3,1.0
14605,1,0.9999875
14606,6,0.9999999
14607,5,1.0
14608,0,0.99998546
14609,6,1.0
14610,0,0.99999297
14611,1,1.0
14612,9,1.0
14613,6,1.0
14614,4,0.99969673
14615,0,1.0
14616,8,1.0
14617,8,0.9999994
14618,7,0.9996176
14619,4,0.99999976
14620,0,1.0
14621,9,0.99999964
14622,9,0.9999999
14623,6,0.9999987
14624,8,0.9999995
14625,0,1.0
14626,2,1.0
14627,4,1.0
14628,8,1.0
14629,4,1.0
14630,4,0.99999976
14631,1,0.99999917
14632,7,1.0
14633,1,1.0
14634,1,1.0
14635,9,0.9999863
14636,2,0.77457947
14637,2,0.9999814
14638,7,1.0
14639,6,0.9999926
14640,8,1.0
14641,0,0.99999964
14642,2,0.99999917
14643,0,0.9996075
14644,6,1.0
14645,0,0.99993885
14646,6,0.9999844
14647,9,1.0
14648,0,0.9999999
14649,3,1.0
14650,7,0.9979533
14651,7,0.99999976
14652,7,1.0
14653,9,0.99999833
14654,5,1.0
14655,0,1.0
14656,3,1.0
14657,8,1.0
14658,9,1.0
14659,8,0.9999871
14660,0,1.0
14661,1,1.0
14662,4,0.9999703
14663,6,0.9999999
14664,7,0.99999416
14665,9,0.999895
14666,7,0.99999917
14667,7,0.99977595
14668,9,0.999995
14669,7,0.99999034
14670,6,1.0
14671,2,0.99997246
14672,8,1.0
14673,2,1.0
14674,1,0.9999999
14675,4,0.99999976
14676,9,0.9999926
14677,7,0.99999976
14678,5,1.0
14679,8,1.0
14680,1,0.999998
14681,2,0.9998299
14682,1,1.0
14683,1,0.99999964
14684,7,0.9999999
14685,1,1.0
14686,9,0.9998467
14687,3,0.99999976
14688,0,1.0
14689,1,1.0
14690,9,0.9950204
14691,9,0.99999976
14692,6,0.9999995
14693,0,0.99999976
14694,1,0.99999905
14695,8,0.9999975
14696,5,0.9999865
14697,0,1.0
14698,7,1.0
14699,4,1.0
14700,6,1.0
14701,6,1.0
14702,2,1.0
14703,9,0.99826294
14704,2,1.0
14705,1,1.0
14706,3,1.0
14707,5,0.9994454
14708,1,0.9999902
14709,9,0.999998
14710,3,1.0
14711,8,0.9999993
14712,9,0.9999987
14713,3,0.9999951
14714,4,1.0
14715,1,0.9999995
14716,1,1.0
14717,8,0.9997527
14718,9,0.9999989
14719,9,1.0
14720,7,0.99869424
14721,5,1.0
14722,4,0.99999547
14723,1,1.0
14724,6,0.9999999
14725,0,1.0
14726,8,0.99989796
14727,2,0.99999857
14728,6,1.0
14729,0,1.0
14730,9,0.96867096
14731,0,0.9988869
14732,6,0.99999774
14733,8,0.9999981
14734,7,1.0
14735,2,1.0
14736,0,0.9999999
14737,3,1.0
14738,4,0.99912935
14739,7,1.0
14740,8,0.9999999
14741,4,0.9999989
14742,6,0.9999999
14743,2,0.40751645
14744,0,0.9999995
14745,5,1.0
14746,8,0.9999635
14747,2,0.99908566
14748,3,1.0
14749,3,0.9999981
14750,5,0.9999633
14751,1,1.0
14752,2,0.9999999
14753,1,1.0
14754,3,1.0
14755,8,0.9999999
14756,7,0.9999993
14757,2,1.0
14758,8,1.0
14759,2,0.9999995
14760,1,0.99971
14761,0,0.9999995
14762,4,1.0
14763,4,0.99999046
14764,4,1.0
14765,2,0.9993544
14766,3,0.9992975
14767,6,1.0
14768,1,0.9999988
14769,4,1.0
14770,4,1.0
14771,1,0.9999919
14772,1,1.0
14773,6,0.9994904
14774,5,1.0
14775,7,0.9999999
14776,1,0.99999666
14777,5,0.999995
14778,4,0.9999976
14779,1,1.0
14780,5,1.0
14781,9,0.999788
14782,4,1.0
14783,3,1.0
14784,3,1.0
14785,3,1.0
14786,4,0.9999989
14787,0,0.9999852
14788,7,1.0
14789,4,0.9999999
14790,1,0.99999964
14791,3,1.0
14792,8,0.9999994
14793,1,0.99999964
14794,1,0.9999999
14795,6,1.0
14796,5,0.9999995
14797,7,0.999987
14798,3,1.0
14799,9,0.5444298
14800,5,0.9999982
14801,4,1.0
14802,5,1.0
14803,6,1.0
14804,4,0.9999734
14805,3,0.99968123
14806,5,1.0
14807,7,0.99999833
14808,5,0.98128283
14809,9,0.99921024
14810,3,0.99999976
14811,8,1.0
14812,0,0.99958223
14813,8,0.9999987
14814,9,0.9999993
14815,6,0.99993825
14816,8,1.0
14817,5,0.9999987
14818,7,0.99999964
14819,9,0.9999821
14820,0,1.0
14821,9,0.9999999
14822,7,1.0
14823,2,1.0
14824,9,1.0
14825,1,0.9999999
14826,3,1.0
14827,8,0.99951327
14828,1,0.99999976
14829,4,0.99999976
14830,7,1.0
14831,3,1.0
14832,8,0.99972814
14833,1,0.9999999
14834,5,0.9999963
14835,7,1.0
14836,5,0.9999348
14837,0,1.0
14838,2,1.0
14839,7,0.9999995
14840,3,1.0
14841,1,0.921983
14842,0,1.0
14843,1,1.0
14844,3,0.9999999
14845,2,1.0
14846,2,0.99999976
14847,2,0.9348603
14848,4,1.0
14849,0,1.0
14850,0,0.9999999
14851,4,0.99935097
14852,9,1.0
14853,5,1.0
14854,9,1.0
14855,1,1.0
14856,7,0.9999994
14857,0,0.99999964
14858,1,0.9999999
14859,4,1.0
14860,5,0.99995625
14861,8,1.0
14862,3,1.0
14863,0,0.9999999
14864,4,0.9999995
14865,0,0.999998
14866,9,0.99998915
14867,6,1.0
14868,9,0.996869
14869,0,1.0
14870,2,0.99999976
14871,0,1.0
14872,7,0.99999833
14873,3,0.9999999
14874,5,1.0
14875,6,1.0
14876,8,0.99999356
14877,2,0.999853
14878,9,1.0
14879,1,0.9999713
14880,6,1.0
14881,1,1.0
14882,5,1.0
14883,1,1.0
14884,9,0.99927026
14885,1,1.0
14886,9,0.9999858
14887,5,0.9999999
14888,8,0.99999857
14889,9,0.9765919
14890,9,1.0
14891,6,1.0
14892,3,1.0
14893,8,1.0
14894,7,0.9999994
14895,9,0.9999373
14896,5,0.98026705
14897,3,1.0
14898,9,0.9999999
14899,3,1.0
14900,7,1.0
14901,1,1.0
14902,8,1.0
14903,7,0.99974066
14904,9,1.0
14905,3,0.99999917
14906,3,0.9999999
14907,9,0.9999807
14908,9,0.99999297
14909,0,1.0
14910,2,0.99917394
14911,3,1.0
14912,9,0.99999225
14913,4,0.99997294
14914,7,0.99999976
14915,6,1.0
14916,4,0.9999989
14917,3,1.0
14918,5,1.0
14919,1,0.99995553
14920,9,0.99999607
14921,7,1.0
14922,4,0.9999995
14923,4,1.0
14924,1,1.0
14925,5,0.99999964
14926,1,1.0
14927,0,0.9999893
14928,5,0.96021587
14929,9,0.9999987
14930,9,0.9999999
14931,1,0.99999976
14932,6,0.9999846
14933,5,1.0
14934,6,1.0
14935,4,1.0
14936,8,0.99999964
14937,3,0.99998
14938,3,1.0
14939,3,0.9999938
14940,7,1.0
14941,9,0.9999981
14942,7,0.99999976
14943,5,1.0
14944,1,0.9999999
14945,2,1.0
14946,2,0.99999857
14947,0,1.0
14948,9,0.9999969
14949,9,0.99999917
14950,1,1.0
14951,5,0.97605044
14952,5,1.0
14953,7,0.9999931
14954,9,0.9999982
14955,4,1.0
14956,2,1.0
14957,1,1.0
14958,2,1.0
14959,8,0.9999981
14960,4,0.9999528
14961,0,0.9999858
14962,2,1.0
14963,8,0.99999976
14964,3,0.9999999
14965,2,0.9999925
14966,8,1.0
14967,8,1.0
14968,3,0.9999981
14969,4,1.0
14970,4,1.0
14971,1,1.0
14972,8,1.0
14973,1,0.99999976
14974,2,1.0
14975,0,1.0
14976,4,0.9835459
14977,4,1.0
14978,6,0.9999999
14979,9,0.99999976
14980,6,0.9996474
14981,1,0.9999976
14982,9,0.99999833
14983,0,1.0
14984,3,1.0
14985,5,1.0
14986,5,0.9999882
14987,5,0.9999995
14988,2,1.0
14989,8,1.0
14990,5,0.9995474
14991,8,1.0
14992,1,0.9997757
14993,4,0.80170876
14994,8,1.0
14995,9,0.9976277
14996,4,0.9999993
14997,4,1.0
14998,0,0.99998546
14999,8,0.99987817
15000,8,1.0
15001,2,0.9997702
15002,3,1.0
15003,4,0.99999976
15004,2,1.0
15005,7,1.0
15006,2,0.9300682
15007,0,0.9994287
15008,7,0.9999999
15009,6,1.0
15010,8,0.99999344
15011,9,0.99999607
15012,9,0.99995637
15013,0,1.0
15014,5,0.999979
15015,9,1.0
15016,2,0.99999976
15017,3,1.0
15018,1,1.0
15019,9,0.99998534
15020,2,1.0
15021,9,0.999998
15022,2,0.99998593
15023,0,1.0
15024,6,0.9999999
15025,9,1.0
15026,3,0.99794155
15027,7,0.9999999
15028,9,1.0
15029,7,1.0
15030,5,0.9999999
15031,2,0.99999857
15032,5,0.9999925
15033,8,1.0
15034,2,0.99998975
15035,1,0.93115795
15036,1,0.9999901
15037,2,0.99999547
15038,1,1.0
15039,4,1.0
15040,7,1.0
15041,4,1.0
15042,8,1.0
15043,7,0.99999976
15044,4,0.99999964
15045,9,0.99999833
15046,4,0.99999976
15047,0,0.9999974
15048,3,0.9999318
15049,9,0.96514654
15050,0,0.9999976
15051,2,0.9999994
15052,6,1.0
15053,1,0.9999193
15054,0,0.9999988
15055,8,0.99999976
15056,5,0.9999999
15057,5,1.0
15058,2,0.99919075
15059,2,1.0
15060,2,1.0
15061,1,0.9997389
15062,3,1.0
15063,5,0.9817468
15064,9,0.99598724
15065,3,0.9999778
15066,3,1.0
15067,6,1.0
15068,7,0.99999964
15069,3,0.99995077
15070,6,1.0
15071,4,0.99999976
15072,3,0.9999995
15073,8,0.99772614
15074,6,0.9999995
15075,2,1.0
15076,7,0.99999964
15077,9,0.9937826
15078,8,1.0
15079,2,0.9999994
15080,7,0.99997294
15081,3,1.0
15082,9,0.9999982
15083,7,1.0
15084,8,0.9998074
15085,1,1.0
15086,9,1.0
15087,8,1.0
15088,3,1.0
15089,8,0.9999937
15090,4,1.0
15091,2,1.0
15092,2,0.99999917
15093,6,1.0
15094,2,0.9999993
15095,8,0.9999969
15096,4,0.93818253
15097,2,0.8805111
15098,7,1.0
15099,8,0.99999225
15100,4,0.9999999
15101,6,1.0
15102,6,1.0
15103,9,0.9999943
15104,3,0.99993384
15105,4,0.9637965
15106,1,0.9978982
15107,0,0.99999666
15108,4,1.0
15109,3,1.0
15110,8,0.9999999
15111,2,1.0
15112,5,1.0
15113,0,0.99999285
15114,6,0.999998
15115,1,1.0
15116,1,1.0
15117,9,1.0
15118,2,0.99999785
15119,7,0.9999999
15120,1,0.9999995
15121,5,0.9999616
15122,7,1.0
15123,3,0.9999999
15124,9,0.9998074
15125,9,0.6579049
15126,1,1.0
15127,3,0.99999607
15128,9,0.98133826
15129,7,0.9999912
15130,7,0.99999917
15131,2,1.0
15132,1,1.0
15133,8,0.9998363
15134,3,1.0
15135,8,0.8838364
15136,3,1.0
15137,9,0.9999993
15138,4,0.9999999
15139,2,0.9999968
15140,1,1.0
15141,4,1.0
15142,6,0.9999994
15143,7,1.0
15144,4,0.9985397
15145,6,1.0
15146,2,1.0
15147,6,1.0
15148,4,0.9999863
15149,1,1.0
15150,9,0.99999654
15151,7,1.0
15152,1,1.0
15153,6,1.0
15154,6,1.0
15155,3,0.9999989
15156,8,0.9999597
15157,4,0.99999166
15158,5,0.9986004
15159,0,0.5579296
15160,7,0.9999933
15161,3,1.0
15162,9,0.9999783
15163,8,1.0
15164,4,0.99999976
15165,6,1.0
15166,9,0.99995494
15167,0,1.0
15168,2,1.0
15169,9,0.9999882
15170,8,1.0
15171,1,0.9999995
15172,7,1.0
15173,2,1.0
15174,5,0.9999994
15175,3,0.9999728
15176,3,1.0
15177,7,1.0
15178,9,0.9999999
15179,3,0.99999976
15180,4,0.97588444
15181,5,0.9994773
15182,9,0.99999964
15183,9,0.9999633
15184,2,1.0
15185,8,0.9999993
15186,8,0.99999833
15187,6,1.0
15188,1,1.0
15189,1,0.9999974
15190,8,0.9999999
15191,2,0.829712
15192,2,1.0
15193,9,1.0
15194,6,1.0
15195,8,0.99338526
15196,8,1.0
15197,5,0.9903409
15198,1,1.0
15199,8,0.99998474
15200,1,1.0
15201,8,1.0
15202,0,1.0
15203,6,1.0
15204,0,0.99999976
15205,3,0.9999999
15206,4,0.9994248
15207,3,1.0
15208,3,1.0
15209,6,1.0
15210,9,0.99999845
15211,3,0.99999964
15212,2,1.0
15213,0,0.9999999
15214,8,1.0
15215,3,1.0
15216,0,0.9999199
15217,1,0.99999964
15218,9,1.0
15219,6,1.0
15220,0,1.0
15221,8,1.0
15222,5,0.99973863
15223,1,0.99999976
15224,5,0.9999989
15225,7,1.0
15226,1,1.0
15227,3,1.0
15228,5,0.9373272
15229,5,0.9844317
15230,8,0.9999987
15231,0,0.99999857
15232,6,0.99999547
15233,2,0.99187815
15234,9,0.99999213
15235,6,1.0
15236,8,0.99999535
15237,2,1.0
15238,0,1.0
15239,7,1.0
15240,1,1.0
15241,2,0.9999839
15242,3,1.0
15243,1,1.0
15244,2,1.0
15245,4,0.99999964
15246,3,1.0
15247,8,1.0
15248,7,1.0
15249,3,0.9995115
15250,5,1.0
15251,0,0.9999969
15252,9,0.9999981
15253,4,1.0
15254,7,0.99998856
15255,2,1.0
15256,2,1.0
15257,9,0.99999976
15258,5,0.9999999
15259,9,1.0
15260,6,0.9999999
15261,8,0.99999905
15262,2,0.9999999
15263,2,1.0
15264,2,1.0
15265,1,0.9999993
15266,1,1.0
15267,2,1.0
15268,2,1.0
15269,8,0.9999993
15270,8,0.9999993
15271,5,0.999998
15272,3,1.0
15273,9,0.999368
15274,9,1.0
15275,0,0.99999535
15276,3,1.0
15277,1,1.0
15278,5,1.0
15279,3,1.0
15280,3,1.0
15281,0,0.9999757
15282,3,0.99999976
15283,8,0.99999917
15284,4,0.85754734
15285,5,0.9999993
15286,6,1.0
15287,0,1.0
15288,7,0.9999502
15289,7,0.9999453
15290,7,1.0
15291,6,0.99535453
15292,1,1.0
15293,5,0.99999464
15294,1,1.0
15295,2,0.99999917
15296,1,1.0
15297,4,1.0
15298,0,1.0
15299,4,0.9999994
15300,7,1.0
15301,0,0.9999989
15302,3,0.99980885
15303,7,0.9999989
15304,9,0.99998546
15305,8,1.0
15306,9,0.9999995
15307,6,0.9991842
15308,3,1.0
15309,1,0.99999964
15310,8,1.0
15311,8,1.0
15312,1,1.0
15313,5,0.9999939
15314,1,1.0
15315,0,0.9999995
15316,6,1.0
15317,6,1.0
15318,2,0.9999999
15319,5,0.9999993
15320,6,1.0
15321,1,1.0
15322,7,1.0
15323,1,0.9999918
15324,7,0.9999999
15325,0,0.9999999
15326,3,1.0
15327,3,0.9843329
15328,7,1.0
15329,9,1.0
15330,2,0.9803249
15331,0,1.0
15332,5,0.9999999
15333,8,1.0
15334,0,0.9999968
15335,1,0.9999995
15336,1,0.99999976
15337,1,1.0
15338,7,1.0
15339,7,0.999998
15340,3,0.99939525
15341,3,0.99999976
15342,2,0.99732566
15343,4,1.0
15344,6,0.9998667
15345,9,0.9982254
15346,6,1.0
15347,5,0.99666876
15348,5,0.9998287
15349,1,1.0
15350,3,1.0
15351,5,0.99998116
15352,6,1.0
15353,7,1.0
15354,2,0.99982303
15355,1,1.0
15356,7,1.0
15357,5,1.0
15358,7,0.9999982
15359,4,0.99999917
15360,8,0.815001
15361,7,0.9999701
15362,8,1.0
15363,1,1.0
15364,6,1.0
15365,3,0.99999726
15366,1,0.9999999
15367,5,0.99999595
15368,5,1.0
15369,9,1.0
15370,9,0.99999857
15371,9,0.9999988
15372,4,1.0
15373,6,1.0
15374,6,1.0
15375,1,1.0
15376,7,0.99999905
15377,8,1.0
15378,4,1.0
15379,4,1.0
15380,1,1.0
15381,3,1.0
15382,2,1.0
15383,9,1.0
15384,6,0.999998
15385,8,0.9771286
15386,5,0.999788
15387,9,0.9999889
15388,0,0.9999168
15389,2,0.9999993
15390,2,1.0
15391,7,1.0
15392,1,1.0
15393,3,1.0
15394,0,1.0
15395,6,1.0
15396,2,1.0
15397,6,0.9999949
15398,7,1.0
15399,9,0.99999976
15400,9,0.9999988
15401,3,1.0
15402,3,1.0
15403,4,0.99999964
15404,2,0.9999788
15405,1,1.0
15406,6,1.0
15407,5,1.0
15408,4,0.99999964
15409,0,1.0
15410,2,0.9999846
15411,4,0.9999999
15412,6,0.9999925
15413,2,0.9999993
15414,5,0.6145116
15415,6,1.0
15416,7,0.9999982
15417,3,0.99996567
15418,1,1.0
15419,4,0.99998116
15420,9,0.9999999
15421,5,0.9999999
15422,9,0.9989894
15423,4,0.9999627
15424,1,1.0
15425,5,0.99999833
15426,8,0.9999999
15427,1,0.99999976
15428,3,0.9999999
15429,5,0.99992085
15430,2,0.99999833
15431,7,0.9999999
15432,5,0.99999917
15433,2,0.99999964
15434,7,1.0
15435,1,1.0
15436,3,1.0
15437,4,0.999998
15438,6,1.0
15439,9,0.75647444
15440,4,0.9999999
15441,4,0.999995
15442,0,0.99999464
15443,4,1.0
15444,6,0.9999962
15445,4,1.0
15446,0,1.0
15447,8,1.0
15448,5,1.0
15449,9,0.9880006
15450,0,1.0
15451,3,1.0
15452,3,1.0
15453,3,0.9999038
15454,6,0.9999622
15455,8,1.0
15456,9,0.9997881
15457,0,0.99812883
15458,5,0.99999845
15459,9,0.99997294
15460,7,1.0
15461,6,0.9999995
15462,7,0.999997
15463,2,1.0
15464,7,1.0
15465,7,1.0
15466,7,1.0
15467,5,0.99782526
15468,4,0.99999976
15469,5,0.9999932
15470,9,0.99999917
15471,6,1.0
15472,0,1.0
15473,2,1.0
15474,1,0.99999964
15475,5,1.0
15476,7,0.99998164
15477,9,1.0
15478,9,0.9999846
15479,0,0.9999999
15480,2,0.9999864
15481,0,0.99999666
15482,0,0.99999845
15483,4,0.9974331
15484,3,1.0
15485,6,1.0
15486,0,1.0
15487,2,0.9999999
15488,3,1.0
15489,2,0.997523
15490,9,0.9999621
15491,1,0.99999917
15492,9,0.9999999
15493,2,1.0
15494,5,1.0
15495,4,1.0
15496,0,1.0
15497,9,0.9999789
15498,2,1.0
15499,4,0.99998784
15500,3,1.0
15501,1,0.99999464
15502,0,0.9999999
15503,2,0.9999999
15504,7,0.9999989
15505,6,1.0
15506,2,0.99999976
15507,3,0.99999726
15508,3,1.0
15509,7,1.0
15510,5,0.99866474
15511,3,1.0
15512,4,1.0
15513,0,1.0
15514,1,0.83310634
15515,4,0.997844
15516,8,1.0
15517,7,1.0
15518,1,0.81747985
15519,1,0.9999999
15520,3,0.9999993
15521,5,1.0
15522,7,0.9999999
15523,3,0.9999261
15524,3,1.0
15525,3,1.0
15526,5,0.99999905
15527,7,1.0
15528,1,1.0
15529,7,0.99999535
15530,7,0.9999999
15531,5,0.9999994
15532,1,1.0
15533,5,0.9999993
15534,2,0.99999213
15535,5,0.9999994
15536,9,0.9999987
15537,8,1.0
15538,1,1.0
15539,8,0.99987924
15540,6,0.9999989
15541,7,0.9950664
15542,7,0.9999994
15543,2,1.0
15544,8,1.0
15545,3,1.0
15546,1,1.0
15547,7,1.0
15548,5,0.9999994
15549,4,0.99963784
15550,2,0.9999982
15551,6,1.0
15552,7,1.0
15553,3,0.9999956
15554,5,0.9999975
15555,4,0.9999981
15556,0,1.0
15557,7,1.0
15558,2,1.0
15559,4,1.0
15560,8,1.0
15561,2,1.0
15562,5,0.9999962
15563,1,1.0
15564,9,0.99999964
15565,8,1.0
15566,5,1.0
15567,1,0.9999852
15568,6,1.0
15569,3,0.99999976
15570,4,0.9999994
15571,9,0.9999989
15572,2,1.0
15573,6,1.0
15574,8,0.9999999
15575,4,1.0
15576,7,0.99999976
15577,1,0.9999999
15578,4,0.99994326
15579,4,1.0
15580,7,0.9999999
15581,6,1.0
15582,9,0.99998295
15583,4,0.99998593
15584,4,1.0
15585,2,1.0
15586,6,0.9998784
15587,3,0.9999999
15588,2,1.0
15589,7,1.0
15590,7,1.0
15591,2,1.0
15592,7,1.0
15593,1,0.9999995
15594,1,1.0
15595,7,1.0
15596,4,1.0
15597,0,1.0
15598,6,0.99998724
15599,2,1.0
15600,3,1.0
15601,9,0.9998925
15602,9,1.0
15603,9,0.999997
15604,2,0.99558324
15605,7,0.99999976
15606,1,1.0
15607,6,0.9999999
15608,4,1.0
15609,1,1.0
15610,6,0.9999988
15611,7,1.0
15612,4,0.99999976
15613,6,0.9999832
15614,8,1.0
15615,7,1.0
15616,5,1.0
15617,4,1.0
15618,9,0.9999567
15619,2,1.0
15620,1,0.99999845
15621,2,0.9995704
15622,6,1.0
15623,6,1.0
15624,2,0.9999858
15625,3,0.937808
15626,9,0.99999964
15627,3,0.9999975
15628,3,1.0
15629,7,0.99998677
15630,4,1.0
15631,8,1.0
15632,5,0.99955827
15633,7,1.0
15634,4,1.0
15635,5,0.99751484
15636,6,1.0
15637,8,0.9999914
15638,1,1.0
15639,3,0.9999964
15640,5,0.9999962
15641,6,1.0
15642,6,1.0
15643,2,0.99989426
15644,8,0.9999361
15645,2,1.0
15646,6,0.9999918
15647,8,0.99999964
15648,5,0.99999833
15649,3,1.0
15650,0,0.9999763
15651,0,1.0
15652,9,0.9995447
15653,9,0.99946076
15654,0,0.99999964
15655,1,1.0
15656,2,1.0
15657,9,0.8344091
15658,5,1.0
15659,3,1.0
15660,0,0.99999964
15661,9,0.9999163
15662,2,1.0
15663,7,0.9999341
15664,6,1.0
15665,1,0.99999774
15666,9,0.99999964
15667,7,0.9999993
15668,5,0.9999999
15669,8,0.99999964
15670,9,0.48363364
15671,0,0.99972504
15672,6,0.99999917
15673,3,1.0
15674,5,0.99999917
15675,3,0.9989466
15676,7,1.0
15677,0,0.99999547
15678,0,1.0
15679,4,1.0
15680,1,0.9999999
15681,6,1.0
15682,3,0.9999999
15683,1,1.0
15684,1,0.9999875
15685,5,0.9999262
15686,8,0.9999999
15687,4,1.0
15688,0,0.99999976
15689,3,1.0
15690,3,1.0
15691,1,0.99999166
15692,2,0.9999995
15693,8,0.99994993
15694,2,0.9999459
15695,7,0.99999905
15696,8,0.99999976
15697,9,0.99999416
15698,9,0.99999905
15699,7,1.0
15700,9,0.99999857
15701,1,0.9999999
15702,8,1.0
15703,8,0.9999994
15704,4,1.0
15705,4,1.0
15706,8,0.9999925
15707,7,0.9999945
15708,8,0.9999995
15709,5,0.9999919
15710,5,0.99999964
15711,2,0.999992
15712,4,1.0
15713,8,0.74601877
15714,0,1.0
15715,3,1.0
15716,6,0.9999999
15717,8,0.955532
15718,2,0.99994516
15719,4,1.0
15720,6,0.99999905
15721,2,1.0
15722,1,1.0
15723,1,0.99999964
15724,0,0.9999994
15725,7,1.0
15726,1,1.0
15727,5,0.99999666
15728,9,1.0
15729,3,1.0
15730,0,1.0
15731,5,1.0
15732,6,0.99988174
15733,7,1.0
15734,6,1.0
15735,1,1.0
15736,5,0.9999964
15737,2,1.0
15738,1,1.0
15739,3,0.9997906
15740,3,0.999997
15741,7,0.99241567
15742,0,1.0
15743,8,1.0
15744,2,1.0
15745,4,1.0
15746,2,0.9997173
15747,5,1.0
15748,0,0.99999905
15749,8,0.99910384
15750,5,1.0
15751,9,0.99981433
15752,1,0.9999912
15753,3,1.0
15754,9,0.99996674
15755,5,1.0
15756,0,0.9999807
15757,0,0.9999856
15758,3,1.0
15759,6,0.9999976
15760,9,0.9999993
15761,0,0.99955386
15762,4,1.0
15763,9,0.99092484
15764,9,0.51019347
15765,1,0.9999999
15766,6,0.99995553
15767,2,0.99999976
15768,8,1.0
15769,1,0.9999881
15770,1,1.0
15771,4,1.0
15772,3,0.9999999
15773,8,1.0
15774,0,1.0
15775,2,0.99983704
15776,4,0.99999976
15777,6,1.0
15778,8,1.0
15779,5,1.0
15780,8,0.9966181
15781,5,0.99989164
15782,5,0.9999999
15783,6,1.0
15784,8,1.0
15785,4,1.0
15786,1,1.0
15787,2,1.0
15788,0,0.9999999
15789,3,0.99999976
15790,9,0.9999994
15791,6,0.99999964
15792,7,0.9999962
15793,8,0.8007001
15794,8,0.99280703
15795,9,0.9999994
15796,7,0.99999714
15797,8,1.0
15798,9,1.0
15799,6,1.0
15800,1,1.0
15801,3,1.0
15802,3,1.0
15803,4,1.0
15804,8,0.99999964
15805,3,1.0
15806,0,0.9999999
15807,1,0.999329
15808,9,1.0
15809,1,1.0
15810,3,0.9999988
15811,0,1.0
15812,8,0.97820187
15813,6,1.0
15814,5,0.9999994
15815,4,0.99997747
15816,2,0.9999945
15817,7,1.0
15818,8,1.0
15819,3,1.0
15820,1,1.0
15821,9,1.0
15822,7,1.0
15823,8,1.0
15824,2,0.9999999
15825,1,0.9999944
15826,5,0.99978286
15827,0,0.99999976
15828,4,0.9998926
15829,0,0.9999889
15830,3,1.0
15831,5,0.99999166
15832,2,1.0
15833,9,0.9999981
15834,8,0.57401603
15835,1,0.996833
15836,9,0.9999465
15837,2,1.0
15838,5,1.0
15839,2,1.0
15840,0,0.9999993
15841,4,0.9999932
15842,8,1.0
15843,3,0.9998543
15844,9,0.99670863
15845,0,1.0
15846,0,1.0
15847,6,1.0
15848,6,0.9638027
15849,7,1.0
15850,2,1.0
15851,7,0.99999976
15852,3,1.0
15853,3,1.0
15854,7,0.9999994
15855,9,0.9999894
15856,8,1.0
15857,3,1.0
15858,8,1.0
15859,8,0.99999976
15860,4,0.999884
15861,6,1.0
15862,1,1.0
15863,8,0.9999989
15864,7,1.0
15865,2,0.9928866
15866,9,0.9999852
15867,6,1.0
15868,6,1.0
15869,4,1.0
15870,3,0.9999999
15871,8,1.0
15872,1,1.0
15873,4,1.0
15874,2,1.0
15875,4,0.99985623
15876,7,0.9999944
15877,5,1.0
15878,4,1.0
15879,9,1.0
15880,9,1.0
15881,2,1.0
15882,4,0.9999893
15883,5,1.0
15884,9,0.9999999
15885,4,0.9999999
15886,7,1.0
15887,1,0.9999999
15888,6,0.99996233
15889,6,0.99999964
15890,6,0.9999919
15891,2,0.9999995
15892,8,1.0
15893,4,0.99999976
15894,1,1.0
15895,5,0.99969304
15896,3,0.99997795
15897,3,0.9999423
15898,8,0.9999993
15899,3,1.0
15900,1,1.0
15901,2,0.99999976
15902,5,1.0
15903,3,1.0
15904,3,0.93612146
15905,6,1.0
15906,1,0.99998605
15907,7,1.0
15908,9,0.99999976
15909,7,0.9999999
15910,5,0.98085195
15911,0,0.999998
15912,2,1.0
15913,5,1.0
15914,7,0.99999964
15915,8,1.0
15916,4,0.99996126
15917,7,1.0
15918,3,1.0
15919,7,0.99999976
15920,6,1.0
15921,6,1.0
15922,8,1.0
15923,3,1.0
15924,1,0.9999999
15925,4,0.9997502
15926,2,0.99999726
15927,2,0.9999999
15928,4,1.0
15929,9,0.99914014
15930,5,1.0
15931,1,0.99999976
15932,6,0.9999945
15933,6,1.0
15934,6,1.0
15935,7,0.9998871
15936,3,0.99969125
15937,8,0.99998844
15938,9,1.0
15939,0,1.0
15940,3,1.0
15941,4,0.99999976
15942,5,0.99999654
15943,0,0.9999989
15944,1,1.0
15945,6,1.0
15946,2,0.99999976
15947,1,0.9999974
15948,0,1.0
15949,9,0.9999982
15950,3,1.0
15951,8,1.0
15952,5,1.0
15953,5,0.99999595
15954,8,1.0
15955,8,1.0
15956,7,0.99999964
15957,0,1.0
15958,5,0.9999875
15959,7,1.0
15960,9,0.99999523
15961,5,0.99981123
15962,9,0.7759872
15963,6,0.9999186
15964,2,0.999962
15965,2,1.0
15966,5,0.9999995
15967,2,0.99999976
15968,8,1.0
15969,5,0.9999882
15970,2,0.99999356
15971,9,0.99945086
15972,4,1.0
15973,3,0.99999964
15974,3,1.0
15975,8,0.9999999
15976,4,1.0
15977,4,0.9999424
15978,6,1.0
15979,6,1.0
15980,0,0.9999995
15981,4,1.0
15982,1,0.98386556
15983,5,0.99999833
15984,5,0.99986637
15985,1,1.0
15986,3,1.0
15987,9,0.99896634
15988,6,1.0
15989,2,1.0
15990,4,1.0
15991,5,0.9999703
15992,8,0.99998844
15993,1,1.0
15994,2,0.9999846
15995,7,1.0
15996,3,1.0
15997,6,1.0
15998,4,0.9999995
15999,2,1.0
16000,2,1.0
16001,4,1.0
16002,0,0.9999999
16003,1,0.9999962
16004,6,1.0
16005,6,0.99999714
16006,1,1.0
16007,7,0.99998343
16008,7,0.9999999
16009,2,0.9999517
16010,6,1.0
16011,5,1.0
16012,7,1.0
16013,4,1.0
16014,2,0.9999999
16015,8,0.9998927
16016,4,0.99999964
16017,4,0.5355965
16018,9,0.9999894
16019,3,1.0
16020,6,1.0
16021,1,1.0
16022,8,0.9999989
16023,1,1.0
16024,3,0.9720905
16025,9,0.9503254
16026,9,0.9999844
16027,3,1.0
16028,4,0.9999993
16029,2,0.9999989
16030,9,0.9999999
16031,9,0.99999976
16032,8,1.0
16033,3,1.0
16034,3,1.0
16035,4,1.0
16036,6,1.0
16037,9,0.9999988
16038,2,1.0
16039,6,0.9999995
16040,3,1.0
16041,3,1.0
16042,4,0.9999974
16043,4,1.0
16044,1,0.9999788
16045,1,0.9999975
16046,9,1.0
16047,5,0.9999813
16048,5,0.9848608
16049,1,0.99999964
16050,4,0.9999329
16051,1,0.9999994
16052,0,0.99837226
16053,0,0.99999976
16054,2,1.0
16055,7,0.99999905
16056,1,1.0
16057,1,1.0
16058,3,0.99999964
16059,8,0.9981919
16060,5,0.9999943
16061,2,0.9979196
16062,2,1.0
16063,6,1.0
16064,7,0.9999999
16065,8,0.9999907
16066,2,0.992712
16067,9,0.999997
16068,9,0.9969297
16069,6,1.0
16070,8,0.99996746
16071,2,1.0
16072,3,1.0
16073,6,1.0
16074,6,0.9999888
16075,2,1.0
16076,9,0.99999964
16077,0,0.9999852
16078,3,1.0
16079,6,1.0
16080,9,0.9999788
16081,5,1.0
16082,7,0.9999918
16083,1,1.0
16084,3,0.9999999
16085,7,1.0
16086,8,1.0
16087,2,1.0
16088,9,0.99999857
16089,7,0.99999857
16090,7,0.999997
16091,9,1.0
16092,9,0.77921236
16093,5,0.99997807
16094,6,1.0
16095,8,0.9935411
16096,9,1.0
16097,1,0.99997294
16098,5,0.99999404
16099,3,0.9999999
16100,1,0.9999999
16101,8,1.0
16102,0,1.0
16103,7,0.9999999
16104,8,1.0
16105,0,1.0
16106,5,0.99996126
16107,9,1.0
16108,2,0.9950418
16109,8,0.9996655
16110,6,0.99999976
16111,2,1.0
16112,0,0.9996306
16113,6,0.9999676
16114,7,0.99997985
16115,7,0.9999957
16116,0,0.9613937
16117,5,0.9998554
16118,8,0.9978429
16119,1,0.9999999
16120,7,0.9947707
16121,1,0.9999995
16122,1,1.0
16123,3,0.99999535
16124,1,0.9999999
16125,7,0.9999901
16126,5,0.9999999
16127,5,1.0
16128,8,1.0
16129,3,1.0
16130,2,0.9999995
16131,3,0.9999914
16132,2,1.0
16133,9,0.9999856
16134,4,1.0
16135,6,0.9999993
16136,3,1.0
16137,7,0.7257927
16138,1,0.99999964
16139,5,0.9999907
16140,7,1.0
16141,8,1.0
16142,4,1.0
16143,8,0.99997175
16144,3,1.0
16145,0,1.0
16146,3,1.0
16147,4,0.999972
16148,8,0.99993837
16149,0,0.9999144
16150,2,1.0
16151,8,0.99957186
16152,7,0.9999993
16153,4,0.9288598
16154,6,1.0
16155,3,0.9999988
16156,4,1.0
16157,9,0.9999999
16158,8,0.94868463
16159,6,0.99999976
16160,1,0.9988393
16161,7,0.9999999
16162,5,0.99999976
16163,9,0.9999999
16164,4,0.99999523
16165,6,1.0
16166,9,0.99999976
16167,2,0.99999976
16168,1,1.0
16169,7,0.9999987
16170,5,0.99999964
16171,7,1.0
16172,6,0.9999999
16173,4,1.0
16174,8,0.9310759
16175,6,1.0
16176,6,0.99999595
16177,9,0.9227005
16178,6,0.9999981
16179,5,0.9999839
16180,1,1.0
16181,5,0.9999995
16182,2,0.99912745
16183,6,1.0
16184,5,0.9999995
16185,0,0.9999906
16186,4,0.99999964
16187,1,0.999995
16188,4,1.0
16189,2,0.9964116
16190,7,1.0
16191,8,1.0
16192,9,0.9999999
16193,8,1.0
16194,8,1.0
16195,0,0.9999999
16196,5,0.9992816
16197,2,1.0
16198,4,1.0
16199,9,0.99999845
16200,9,0.99988127
16201,9,0.9999988
16202,3,1.0
16203,3,0.9999993
16204,5,0.999998
16205,7,0.37455085
16206,1,1.0
16207,0,1.0
16208,2,1.0
16209,7,1.0
16210,4,1.0
16211,1,1.0
16212,1,1.0
16213,8,0.99997044
16214,2,0.9999641
16215,7,0.99999976
16216,7,0.99999976
16217,2,0.9999975
16218,5,0.99998164
16219,0,0.9999989
16220,6,0.9999963
16221,8,0.99999964
16222,1,1.0
16223,5,1.0
16224,8,0.9999999
16225,4,0.9999999
16226,4,1.0
16227,8,1.0
16228,5,0.9999999
16229,3,0.97673315
16230,2,0.9999999
16231,1,0.99999917
16232,5,0.9997342
16233,7,0.99906296
16234,4,1.0
16235,4,0.9999999
16236,9,0.9999989
16237,2,1.0
16238,5,0.9999999
16239,8,1.0
16240,5,1.0
16241,3,1.0
16242,7,1.0
16243,7,1.0
16244,3,1.0
16245,3,1.0
16246,5,1.0
16247,7,1.0
16248,0,0.9999999
16249,7,1.0
16250,9,0.99998176
16251,4,0.9999745
16252,7,0.9994111
16253,6,0.999912
16254,1,0.99969757
16255,9,0.99999976
16256,1,0.9999994
16257,9,1.0
16258,9,0.99999094
16259,7,0.9999999
16260,2,0.99999833
16261,2,1.0
16262,4,0.9999999
16263,7,0.9999995
16264,8,0.9995895
16265,0,0.9999821
16266,9,0.9999988
16267,4,0.99999774
16268,6,0.9999958
16269,7,0.9999994
16270,3,1.0
16271,5,1.0
16272,7,1.0
16273,7,0.9999999
16274,5,0.999884
16275,9,0.99998534
16276,9,1.0
16277,0,0.9999988
16278,7,0.9999713
16279,8,0.9999975
16280,0,0.9999981
16281,6,1.0
16282,5,0.94864124
16283,5,0.9999808
16284,6,0.9999145
16285,8,0.99999976
16286,5,0.9999968
16287,4,1.0
16288,8,0.9983412
16289,5,0.9981546
16290,2,0.9999995
16291,8,0.9999951
16292,6,1.0
16293,8,0.999992
16294,6,0.99999964
16295,7,0.9999958
16296,7,1.0
16297,9,0.9982369
16298,4,1.0
16299,4,1.0
16300,4,1.0
16301,1,1.0
16302,0,1.0
16303,6,1.0
16304,4,0.9998807
16305,6,0.9999999
16306,9,0.97806853
16307,5,0.99999845
16308,1,1.0
16309,6,0.99979836
16310,1,0.999998
16311,7,1.0
16312,3,1.0
16313,7,1.0
16314,2,1.0
16315,6,1.0
16316,2,0.9999994
16317,4,0.9999963
16318,9,0.9978447
16319,8,0.9997063
16320,3,1.0
16321,3,0.99239254
16322,7,0.9999963
16323,6,1.0
16324,0,0.6065119
16325,9,0.9991811
16326,9,0.9999316
16327,1,0.99999917
16328,9,0.96103495
16329,2,1.0
16330,2,0.9999676
16331,6,1.0
16332,0,1.0
16333,3,1.0
16334,3,1.0
16335,6,0.9999999
16336,6,1.0
16337,1,0.99999166
16338,6,0.9999995
16339,1,1.0
16340,2,0.98477465
16341,8,0.9999999
16342,0,0.999998
16343,0,1.0
16344,4,0.99971837
16345,3,1.0
16346,3,1.0
16347,7,0.9999999
16348,9,0.9999999
16349,3,1.0
16350,3,1.0
16351,5,0.9998318
16352,9,0.9999809
16353,8,0.9998375
16354,1,1.0
16355,8,0.9942637
16356,5,0.99999976
16357,8,0.99999034
16358,6,1.0
16359,2,1.0
16360,0,1.0
16361,6,1.0
16362,8,1.0
16363,0,0.99999726
16364,0,1.0
16365,2,0.999666
16366,8,0.7221487
16367,5,0.99999905
16368,1,0.99999976
16369,1,0.99720484
16370,1,1.0
16371,8,0.9999982
16372,2,0.99999905
16373,4,1.0
16374,2,0.9999999
16375,8,0.99989295
16376,7,1.0
16377,9,0.9999999
16378,2,0.9999999
16379,9,0.9999994
16380,5,0.9999913
16381,2,0.9999999
16382,8,1.0
16383,2,1.0
16384,6,1.0
16385,5,0.9999895
16386,5,0.99998724
16387,8,1.0
16388,5,1.0
16389,8,0.9994791
16390,0,0.99999964
16391,0,0.9999999
16392,3,1.0
16393,2,1.0
16394,7,0.9999424
16395,7,1.0
16396,7,1.0
16397,8,0.9999746
16398,2,0.9999995
16399,1,0.9999956
16400,8,1.0
16401,1,0.9999976
16402,4,1.0
16403,4,1.0
16404,2,1.0
16405,7,1.0
16406,6,1.0
16407,8,0.9999999
16408,4,1.0
16409,7,0.99999976
16410,2,0.9999999
16411,7,1.0
16412,7,1.0
16413,5,0.99961793
16414,5,1.0
16415,8,1.0
16416,5,1.0
16417,5,0.9999325
16418,9,0.99999976
16419,3,0.99999976
16420,9,0.9999765
16421,7,1.0
16422,6,1.0
16423,0,0.9999324
16424,4,0.9999429
16425,5,0.85187393
16426,3,1.0
16427,6,0.99983513
16428,2,1.0
16429,4,0.9999993
16430,8,1.0
16431,3,0.99996746
16432,4,1.0
16433,5,0.9999951
16434,0,0.9999958
16435,9,0.9405801
16436,9,0.99999213
16437,0,1.0
16438,3,1.0
16439,5,0.999992
16440,1,1.0
16441,1,0.99999964
16442,1,1.0
16443,9,0.9999995
16444,4,0.9999981
16445,8,0.9999999
16446,0,0.99822396
16447,8,1.0
16448,9,0.99919146
16449,2,0.99998903
16450,5,0.9999926
16451,2,1.0
16452,5,0.9999994
16453,8,0.637135
16454,7,1.0
16455,0,0.99999976
16456,0,1.0
16457,2,1.0
16458,8,0.9999999
16459,1,1.0
16460,0,0.9900809
16461,4,1.0
16462,3,1.0
16463,4,0.9981279
16464,2,0.9999753
16465,5,0.9999902
16466,0,0.99998057
16467,7,0.99997973
16468,3,1.0
16469,6,1.0
16470,7,0.9999809
16471,7,1.0
16472,5,1.0
16473,3,1.0
16474,3,1.0
16475,2,1.0
16476,1,0.5460509
16477,6,1.0
16478,2,1.0
16479,4,1.0
16480,5,0.9961718
16481,6,1.0
16482,0,1.0
16483,6,1.0
16484,2,1.0
16485,1,0.9999999
16486,4,1.0
16487,7,0.99979585
16488,4,0.99999225
16489,0,0.99997735
16490,3,0.9999999
16491,1,0.97518444
16492,3,0.9999957
16493,5,0.9999999
16494,3,0.9999963
16495,7,0.9999994
16496,4,1.0
16497,0,1.0
16498,2,1.0
16499,4,1.0
16500,0,0.99998593
16501,2,1.0
16502,4,0.9999672
16503,2,0.9999999
16504,4,0.9999963
16505,3,0.9999999
16506,5,0.99762636
16507,3,1.0
16508,7,0.99063444
16509,6,0.99996984
16510,2,1.0
16511,6,1.0
16512,0,0.99945194
16513,1,0.99974316
16514,7,1.0
16515,4,0.66886777
16516,6,0.9999932
16517,4,1.0
16518,3,1.0
16519,2,0.67275226
16520,8,0.9998474
16521,2,0.9999999
16522,7,0.9999989
16523,5,0.9263887
16524,2,1.0
16525,5,0.99972254
16526,6,0.9999981
16527,0,1.0
16528,3,1.0
16529,0,1.0
16530,3,0.9995074
16531,5,0.9999999
16532,1,1.0
16533,5,1.0
16534,2,0.9999995
16535,8,0.96356654
16536,4,1.0
16537,3,0.9999939
16538,8,1.0
16539,8,0.999438
16540,1,1.0
16541,5,0.99852234
16542,9,0.75499314
16543,4,1.0
16544,1,1.0
16545,7,0.9986753
16546,0,1.0
16547,4,1.0
16548,4,0.999997
16549,1,1.0
16550,8,0.9999875
16551,7,1.0
16552,7,1.0
16553,4,1.0
16554,8,0.9450061
16555,3,1.0
16556,6,0.72531796
16557,3,1.0
16558,4,0.999979
16559,2,1.0
16560,2,0.99999976
16561,8,1.0
16562,3,0.9997776
16563,1,1.0
16564,7,0.9999726
16565,3,0.9999999
16566,1,1.0
16567,4,0.9999944
16568,5,0.9999995
16569,4,1.0
16570,0,1.0
16571,8,1.0
16572,2,1.0
16573,8,1.0
16574,8,0.9999926
16575,3,1.0
16576,2,0.99999976
16577,8,1.0
16578,8,0.9170423
16579,9,0.8900497
16580,6,1.0
16581,3,1.0
16582,3,0.9999424
16583,3,0.99999976
16584,7,1.0
16585,1,1.0
16586,9,1.0
16587,6,1.0
16588,6,0.99797064
16589,7,0.9999987
16590,5,0.99999976
16591,9,0.9999999
16592,0,1.0
16593,2,1.0
16594,1,1.0
16595,4,1.0
16596,2,1.0
16597,4,1.0
16598,5,0.9999442
16599,1,1.0
16600,8,0.9998702
16601,6,1.0
16602,8,0.9973502
16603,7,0.9999994
16604,6,1.0
16605,2,0.9999542
16606,6,1.0
16607,9,0.9999999
16608,8,0.9999989
16609,9,0.970518
16610,7,1.0
16611,4,0.98709595
16612,1,1.0
16613,4,1.0
16614,6,1.0
16615,7,0.5952235
16616,4,0.99999905
16617,5,0.9995734
16618,8,1.0
16619,8,0.9745875
16620,9,1.0
16621,7,1.0
16622,6,1.0
16623,3,0.99999976
16624,9,0.99999964
16625,8,0.99292153
16626,6,1.0
16627,3,1.0
16628,0,0.99700963
16629,0,1.0
16630,9,0.99999917
16631,6,0.99999976
16632,4,0.9999907
16633,2,1.0
16634,5,0.9999999
16635,4,1.0
16636,3,1.0
16637,5,1.0
16638,2,0.9999999
16639,0,0.9999863
16640,5,1.0
16641,9,0.950534
16642,3,1.0
16643,9,0.99999976
16644,5,0.9999994
16645,5,0.9998491
16646,0,0.9999995
16647,0,0.9999989
16648,4,0.9999813
16649,5,0.9616789
16650,1,0.9999914
16651,9,0.9999999
16652,1,1.0
16653,1,1.0
16654,1,0.9999999
16655,4,0.9999999
16656,8,1.0
16657,6,0.99999857
16658,4,0.9999969
16659,4,0.99998295
16660,3,1.0
16661,0,0.9999999
16662,8,0.99999857
16663,7,0.733185
16664,1,0.9999894
16665,4,1.0
16666,2,0.99999976
16667,4,0.9999256
16668,0,1.0
16669,1,0.9999995
16670,0,0.9999987
16671,3,1.0
16672,9,0.9999994
16673,0,0.99999416
16674,8,0.9998267
16675,8,0.99999905
16676,7,0.99999607
16677,0,0.9999999
16678,8,1.0
16679,8,1.0
16680,8,1.0
16681,6,1.0
16682,8,0.9996598
16683,5,0.9999999
16684,6,0.9998109
16685,6,0.99998856
16686,5,0.9999999
16687,9,1.0
16688,4,0.9472654
16689,6,0.9999962
16690,4,0.9999994
16691,2,0.99999976
16692,1,1.0
16693,5,0.99978036
16694,5,0.9999999
16695,2,1.0
16696,7,0.9999987
16697,0,0.999997
16698,1,1.0
16699,0,0.9999999
16700,0,0.9999945
16701,9,0.9999999
16702,3,1.0
16703,2,1.0
16704,1,0.9999951
16705,6,0.9999993
16706,5,0.99999166
16707,7,0.999824
16708,7,1.0
16709,5,1.0
16710,5,0.9999999
16711,2,1.0
16712,8,0.99998975
16713,3,1.0
16714,3,1.0
16715,2,0.99999905
16716,5,0.9996383
16717,8,1.0
16718,3,1.0
16719,3,0.99997044
16720,9,1.0
16721,9,0.9999999
16722,6,1.0
16723,4,1.0
16724,6,0.99997866
16725,2,1.0
16726,0,0.9999999
16727,4,1.0
16728,3,1.0
16729,6,0.99999964
16730,7,0.9999931
16731,5,0.9995578
16732,3,1.0
16733,2,1.0
16734,7,1.0
16735,7,0.99954116
16736,5,0.9999739
16737,6,1.0
16738,2,0.9999993
16739,3,1.0
16740,3,1.0
16741,6,0.99999976
16742,4,1.0
16743,6,1.0
16744,1,0.99992955
16745,3,1.0
16746,1,0.9999993
16747,7,0.9999918
16748,8,0.9999738
16749,2,1.0
16750,6,1.0
16751,6,1.0
16752,4,1.0
16753,4,1.0
16754,8,1.0
16755,6,0.99999917
16756,7,0.9997017
16757,5,0.97996473
16758,8,1.0
16759,5,0.99999714
16760,2,0.99999154
16761,8,1.0
16762,9,1.0
16763,8,1.0
16764,0,0.9998485
16765,9,0.99999714
16766,2,0.96606755
16767,9,1.0
16768,3,0.9999999
16769,2,0.9999999
16770,4,0.99999046
16771,0,1.0
16772,6,0.9998616
16773,6,0.9999993
16774,2,0.99999547
16775,4,0.9999939
16776,7,0.9999964
16777,8,1.0
16778,1,1.0
16779,3,0.9999949
16780,8,1.0
16781,1,0.9999999
16782,2,0.9999999
16783,7,1.0
16784,1,1.0
16785,8,1.0
16786,7,1.0
16787,9,0.9999999
16788,9,0.9999937
16789,4,0.9999999
16790,9,0.99891484
16791,4,1.0
16792,3,0.99999607
16793,7,0.9999577
16794,1,1.0
16795,2,1.0
16796,6,1.0
16797,8,1.0
16798,5,0.99933594
16799,1,0.99999964
16800,2,0.99999964
16801,1,0.9999999
16802,1,1.0
16803,0,1.0
16804,1,0.9997956
16805,6,0.9999999
16806,5,1.0
16807,2,1.0
16808,6,1.0
16809,2,0.9999169
16810,2,0.9999994
16811,3,1.0
16812,6,0.99970526
16813,9,0.9999999
16814,7,0.99973875
16815,4,0.9999994
16816,9,0.9998312
16817,0,1.0
16818,1,1.0
16819,1,0.9999945
16820,1,1.0
16821,1,0.9999975
16822,3,0.9999999
16823,5,1.0
16824,1,0.999962
16825,1,0.9999999
16826,2,1.0
16827,3,0.9998982
16828,1,1.0
16829,2,0.9999968
16830,6,1.0
16831,1,1.0
16832,4,0.99999917
16833,0,0.999997
16834,8,0.99997187
16835,0,1.0
16836,2,1.0
16837,1,1.0
16838,4,0.9999982
16839,4,1.0
16840,5,0.99920136
16841,7,0.9999999
16842,0,0.9685732
16843,8,1.0
16844,7,1.0
16845,8,0.9999995
16846,1,1.0
16847,3,1.0
16848,7,0.99999905
16849,2,1.0
16850,2,0.99999046
16851,2,1.0
16852,4,0.9999999
16853,2,0.99999976
16854,9,1.0
16855,2,1.0
16856,9,1.0
16857,1,0.9774451
16858,8,1.0
16859,2,0.9989712
16860,2,1.0
16861,5,1.0
16862,9,0.999992
16863,4,1.0
16864,3,1.0
16865,7,1.0
16866,1,1.0
16867,0,1.0
16868,4,0.99999714
16869,4,0.9993006
16870,2,0.9299903
16871,9,0.99999726
16872,2,0.99998987
16873,0,0.9999733
16874,0,0.99999225
16875,5,1.0
16876,0,0.9999999
16877,1,0.98017716
16878,6,1.0
16879,0,1.0
16880,3,0.77408206
16881,7,1.0
16882,5,0.99999154
16883,0,1.0
16884,7,0.99999976
16885,4,1.0
16886,9,0.99999976
16887,9,0.9999999
16888,3,0.99999785
16889,6,1.0
16890,2,1.0
16891,4,0.99993443
16892,1,1.0
16893,3,1.0
16894,2,0.9997582
16895,3,1.0
16896,0,0.9999919
16897,0,1.0
16898,6,0.9886037
16899,5,0.99999154
16900,8,1.0
16901,7,1.0
16902,0,0.9999995
16903,6,1.0
16904,2,0.9993292
16905,0,0.99999976
16906,9,0.99998593
16907,9,0.9999944
16908,1,0.9999958
16909,5,1.0
16910,3,0.9999324
16911,5,0.9999554
16912,8,0.99997294
16913,9,0.99999654
16914,0,0.7206811
16915,7,0.99999976
16916,1,0.9999522
16917,5,0.9979449
16918,0,0.9999988
16919,1,1.0
16920,0,0.9423369
16921,0,0.9999989
16922,6,1.0
16923,4,1.0
16924,7,0.9999999
16925,7,0.99996924
16926,4,0.99999833
16927,9,0.9999702
16928,3,1.0
16929,8,1.0
16930,8,1.0
16931,9,1.0
16932,6,0.99990034
16933,7,1.0
16934,0,0.99999976
16935,0,0.9412058
16936,5,0.7693043
16937,3,1.0
16938,8,1.0
16939,7,0.99999833
16940,7,1.0
16941,4,0.99999917
16942,2,1.0
16943,1,1.0
16944,5,0.9999999
16945,7,0.9999989
16946,1,0.9999999
16947,7,0.9999988
16948,8,0.99998987
16949,2,1.0
16950,8,1.0
16951,0,0.99999905
16952,8,0.9995851
16953,3,1.0
16954,1,1.0
16955,0,0.9999994
16956,1,0.9999999
16957,5,0.8592913
16958,5,0.9990565
16959,6,1.0
16960,6,1.0
16961,6,1.0
16962,6,1.0
16963,1,1.0
16964,0,0.99999976
16965,8,0.9996878
16966,3,1.0
16967,7,0.99991405
16968,0,0.99999917
16969,5,1.0
16970,9,0.99990475
16971,6,0.9991252
16972,0,0.9999939
16973,2,1.0
16974,2,1.0
16975,5,0.99999774
16976,6,1.0
16977,1,0.9999956
16978,7,0.9999999
16979,5,1.0
16980,1,0.9999995
16981,7,0.9999883
16982,8,1.0
16983,1,1.0
16984,0,1.0
16985,4,1.0
16986,4,0.9992499
16987,3,1.0
16988,0,0.9998938
16989,2,1.0
16990,1,1.0
16991,3,0.9996854
16992,8,0.99998486
16993,3,0.99958974
16994,5,0.9974896
16995,7,1.0
16996,2,1.0
16997,8,0.9999994
16998,2,1.0
16999,9,0.99516773
17000,0,0.99999976
17001,3,0.83567905
17002,4,1.0
17003,5,1.0
17004,6,1.0
17005,7,1.0
17006,3,0.9999362
17007,8,0.9990075
17008,5,1.0
17009,2,0.576152
17010,3,1.0
17011,3,0.9999105
17012,8,1.0
17013,8,0.9999747
17014,4,0.9922544
17015,4,0.9999181
17016,8,1.0
17017,8,0.999995
17018,3,1.0
17019,9,0.9999932
17020,6,1.0
17021,1,1.0
17022,1,1.0
17023,6,1.0
17024,6,1.0
17025,4,1.0
17026,4,0.9999999
17027,5,0.99999917
17028,3,0.9999981
17029,2,0.9927297
17030,4,0.9999927
17031,2,1.0
17032,5,0.99999774
17033,9,0.9999987
17034,6,1.0
17035,8,0.99997544
17036,8,0.9999981
17037,5,0.9999862
17038,9,1.0
17039,5,0.99999976
17040,3,1.0
17041,0,0.99957806
17042,9,0.9999987
17043,2,1.0
17044,6,1.0
17045,3,0.9997002
17046,9,0.9999994
17047,3,0.9999778
17048,9,0.99919206
17049,6,1.0
17050,8,0.9999999
17051,9,0.9999999
17052,8,0.9969483
17053,3,0.9999515
17054,7,1.0
17055,2,1.0
17056,7,0.9999994
17057,7,0.9908064
17058,7,0.99999964
17059,4,0.9997551
17060,6,0.99993956
17061,7,0.9999206
17062,4,0.9995123
17063,6,0.99999964
17064,1,1.0
17065,8,0.99974996
17066,7,1.0
17067,9,0.9997936
17068,5,0.99999917
17069,8,0.8046481
17070,1,1.0
17071,2,0.9999999
17072,9,1.0
17073,3,1.0
17074,1,1.0
17075,8,0.9999893
17076,5,0.9998241
17077,1,1.0
17078,5,0.65855974
17079,1,1.0
17080,1,1.0
17081,8,1.0
17082,5,0.99713933
17083,8,1.0
17084,2,0.99999976
17085,2,0.99999964
17086,9,0.99898404
17087,2,1.0
17088,7,0.9999956
17089,5,1.0
17090,3,1.0
17091,6,1.0
17092,8,0.9999101
17093,8,0.9999999
17094,4,0.87484056
17095,6,0.99999976
17096,6,1.0
17097,1,0.9999994
17098,9,0.9999968
17099,9,0.9999789
17100,0,1.0
17101,0,0.99999964
17102,2,0.9998354
17103,3,0.99999976
17104,4,0.9999933
17105,7,0.99999976
17106,5,0.9999974
17107,5,0.9999882
17108,6,0.99969995
17109,9,0.9998964
17110,9,0.99999976
17111,2,0.9999579
17112,3,1.0
17113,9,0.9999316
17114,7,1.0
17115,3,0.9999999
17116,5,0.9973738
17117,6,0.99999917
17118,0,0.9999845
17119,0,0.99999976
17120,0,0.99999964
17121,7,1.0
17122,8,0.9999999
17123,2,0.9998971
17124,3,1.0
17125,6,1.0
17126,6,1.0
17127,6,1.0
17128,0,0.9999981
17129,7,0.9999994
17130,7,1.0
17131,3,1.0
17132,8,1.0
17133,1,0.9999999
17134,9,0.99999976
17135,6,1.0
17136,7,0.99999905
17137,9,0.99998724
17138,9,0.9954724
17139,7,1.0
17140,0,0.9999999
17141,1,0.9999999
17142,6,0.9999999
17143,4,0.99999356
17144,2,1.0
17145,4,1.0
17146,8,0.9999585
17147,5,0.999974
17148,3,1.0
17149,8,0.9999958
17150,5,1.0
17151,8,1.0
17152,2,0.9999678
17153,8,0.99999976
17154,3,1.0
17155,2,1.0
17156,4,1.0
17157,7,1.0
17158,4,1.0
17159,2,1.0
17160,6,1.0
17161,2,0.9514587
17162,7,0.99998426
17163,5,1.0
17164,2,1.0
17165,0,0.99999774
17166,3,0.9999994
17167,4,0.9999329
17168,5,0.99999964
17169,2,0.9938239
17170,8,1.0
17171,9,0.94117117
17172,1,0.9999999
17173,4,0.9999994
17174,8,0.9999982
17175,8,1.0
17176,8,0.5848549
17177,1,0.99999976
17178,5,0.9999999
17179,2,0.9999858
17180,6,1.0
17181,7,1.0
17182,7,0.9999982
17183,4,0.9999907
17184,6,1.0
17185,5,0.99999964
17186,4,1.0
17187,6,1.0
17188,0,0.9999988
17189,0,1.0
17190,7,0.99998367
17191,9,0.99708766
17192,5,0.99921346
17193,8,1.0
17194,3,0.9999988
17195,6,1.0
17196,3,1.0
17197,8,0.98386925
17198,8,1.0
17199,3,0.9999862
17200,6,0.99999976
17201,1,1.0
17202,7,0.9999982
17203,9,0.9999989
17204,9,1.0
17205,1,0.99999964
17206,8,1.0
17207,8,1.0
17208,1,1.0
17209,4,1.0
17210,1,0.9999999
17211,9,0.9999379
17212,5,1.0
17213,9,0.99887866
17214,1,0.99999964
17215,9,1.0
17216,8,0.9999999
17217,2,0.999998
17218,6,1.0
17219,4,0.9790572
17220,8,1.0
17221,5,0.8646009
17222,1,1.0
17223,7,0.9999999
17224,9,1.0
17225,8,0.9999962
17226,1,0.99997973
17227,6,1.0
17228,8,0.99999523
17229,9,0.9996057
17230,6,1.0
17231,1,1.0
17232,1,1.0
17233,2,0.9999975
17234,1,0.99999976
17235,8,0.98615116
17236,7,0.99999964
17237,0,0.99999046
17238,7,1.0
17239,9,0.9996152
17240,4,0.99996614
17241,4,1.0
17242,2,1.0
17243,6,0.9999951
17244,3,0.9998776
17245,1,0.9999341
17246,9,1.0
17247,3,1.0
17248,6,0.9999999
17249,5,1.0
17250,5,0.99948263
17251,5,1.0
17252,7,0.9977252
17253,6,1.0
17254,5,0.99999654
17255,0,0.9999999
17256,7,0.99875736
17257,8,0.99999964
17258,3,1.0
17259,5,0.99999475
17260,4,1.0
17261,3,0.9999999
17262,4,1.0
17263,3,1.0
17264,7,0.99836665
17265,5,0.99999595
17266,6,0.99997425
17267,2,0.99998116
17268,6,1.0
17269,0,0.9999994
17270,2,0.7344598
17271,4,0.9987178
17272,1,0.999974
17273,1,0.9999987
17274,1,1.0
17275,2,0.9999993
17276,2,0.99997604
17277,3,1.0
17278,9,1.0
17279,8,0.99999917
17280,8,1.0
17281,9,0.9999933
17282,4,0.99852544
17283,9,1.0
17284,5,0.9987238
17285,5,0.9999591
17286,5,0.9999988
17287,2,1.0
17288,0,0.9999794
17289,1,0.9303649
17290,7,1.0
17291,4,1.0
17292,7,0.9999962
17293,5,0.5451765
17294,3,0.99999905
17295,3,0.9999938
17296,3,1.0
17297,5,0.99999285
17298,1,1.0
17299,9,1.0
17300,5,1.0
17301,6,1.0
17302,9,0.9999864
17303,6,1.0
17304,5,0.9415268
17305,1,0.99999976
17306,4,1.0
17307,8,0.9999995
17308,2,1.0
17309,8,1.0
17310,4,0.99929285
17311,6,1.0
17312,6,1.0
17313,8,0.9999875
17314,3,1.0
17315,3,1.0
17316,4,1.0
17317,2,1.0
17318,2,0.9995073
17319,8,1.0
17320,0,0.9999728
17321,1,0.99999785
17322,8,1.0
17323,0,1.0
17324,7,1.0
17325,1,1.0
17326,9,0.9999999
17327,3,1.0
17328,7,1.0
17329,1,1.0
17330,0,0.99999976
17331,4,1.0
17332,3,1.0
17333,6,1.0
17334,7,0.99999785
17335,8,1.0
17336,3,1.0
17337,2,1.0
17338,7,1.0
17339,7,0.99998415
17340,6,0.99999785
17341,5,0.99982893
17342,4,0.9999995
17343,7,1.0
17344,6,1.0
17345,9,0.9997638
17346,1,0.99860966
17347,6,1.0
17348,1,0.9999999
17349,1,0.9999999
17350,2,1.0
17351,4,1.0
17352,6,1.0
17353,1,0.9999999
17354,3,1.0
17355,1,1.0
17356,8,0.99991834
17357,1,1.0
17358,9,0.9966011
17359,4,1.0
17360,3,1.0
17361,4,1.0
17362,3,0.99998486
17363,5,0.99999344
17364,4,0.9999999
17365,3,0.9999999
17366,7,0.9999999
17367,9,0.99999905
17368,9,0.9999616
17369,8,0.9934524
17370,0,0.9999925
17371,8,1.0
17372,2,1.0
17373,5,1.0
17374,8,1.0
17375,9,1.0
17376,0,0.99999964
17377,7,0.9999999
17378,1,1.0
17379,7,0.9954455
17380,4,0.99973625
17381,3,1.0
17382,6,0.9999999
17383,8,0.9999951
17384,5,0.9965491
17385,3,1.0
17386,4,0.9999989
17387,2,0.99999726
17388,7,1.0
17389,4,1.0
17390,0,1.0
17391,8,0.999998
17392,9,0.99999833
17393,3,1.0
17394,7,0.999995
17395,7,0.9999993
17396,5,0.99999654
17397,0,0.9999994
17398,2,1.0
17399,5,1.0
17400,2,0.9999995
17401,2,1.0
17402,8,1.0
17403,2,0.9999999
17404,0,0.9999862
17405,5,0.9991579
17406,4,1.0
17407,9,0.9121255
17408,3,1.0
17409,2,0.993397
17410,4,1.0
17411,3,0.9999999
17412,0,0.9999988
17413,1,1.0
17414,2,0.98379725
17415,1,0.9999999
17416,1,0.9999975
17417,8,0.96891886
17418,1,1.0
17419,2,0.9999969
17420,4,1.0
17421,7,0.9997098
17422,3,1.0
17423,6,0.999905
17424,2,1.0
17425,4,0.99990416
17426,9,1.0
17427,3,0.9999831
17428,7,1.0
17429,3,1.0
17430,6,1.0
17431,1,0.9999995
17432,5,1.0
17433,2,1.0
17434,5,1.0
17435,1,0.7632203
17436,5,0.999469
17437,6,0.9999999
17438,8,1.0
17439,2,0.9999844
17440,2,1.0
17441,2,1.0
17442,1,1.0
17443,5,0.9999769
17444,6,1.0
17445,3,1.0
17446,9,0.9999908
17447,1,0.9999895
17448,7,0.99999976
17449,8,1.0
17450,0,1.0
17451,6,1.0
17452,7,1.0
17453,4,0.9999999
17454,6,0.99784684
17455,0,1.0
17456,3,0.99999917
17457,8,0.9999999
17458,6,1.0
17459,1,1.0
17460,6,1.0
17461,4,0.9999994
17462,7,1.0
17463,6,1.0
17464,7,0.99999905
17465,3,0.9999999
17466,4,1.0
17467,3,0.9992505
17468,7,1.0
17469,4,0.9909972
17470,4,0.99999905
17471,6,1.0
17472,6,1.0
17473,9,0.99999845
17474,3,0.99999905
17475,7,0.99998605
17476,9,0.9999198
17477,9,0.9748047
17478,8,0.9998876
17479,3,0.99970895
17480,5,1.0
17481,4,1.0
17482,5,1.0
17483,4,0.99999964
17484,0,1.0
17485,0,0.99987924
17486,9,0.999912
17487,7,1.0
17488,7,1.0
17489,5,0.99999976
17490,7,0.9999968
17491,4,1.0
17492,5,0.9999578
17493,4,0.9999964
17494,7,0.9999982
17495,9,0.9999869
17496,7,0.9998945
17497,1,0.99999297
17498,8,0.99999857
17499,9,0.9999969
17500,9,0.99992955
17501,5,1.0
17502,7,1.0
17503,1,1.0
17504,2,1.0
17505,0,1.0
17506,6,0.9999263
17507,9,1.0
17508,6,1.0
17509,5,1.0
17510,9,0.99999547
17511,0,0.9999993
17512,4,0.9999995
17513,8,0.99999905
17514,0,0.9999993
17515,5,0.9999993
17516,9,0.9999999
17517,3,1.0
17518,3,1.0
17519,8,0.9999999
17520,7,0.9999995
17521,0,0.9999999
17522,7,0.99999857
17523,2,0.97539234
17524,5,0.9999974
17525,4,0.9999912
17526,3,0.9999912
17527,5,1.0
17528,7,1.0
17529,0,0.9999994
17530,3,1.0
17531,4,0.9999976
17532,8,0.99999857
17533,1,1.0
17534,0,0.9999964
17535,0,1.0
17536,9,0.9999982
17537,9,0.9999825
17538,6,1.0
17539,4,1.0
17540,4,1.0
17541,5,1.0
17542,1,0.9999914
17543,0,0.99999833
17544,0,0.99999166
17545,9,0.99999976
17546,9,0.9999989
17547,7,1.0
17548,4,1.0
17549,7,1.0
17550,2,0.9998375
17551,1,1.0
17552,8,0.963616
17553,4,0.9998307
17554,4,0.9904213
17555,4,0.99985754
17556,5,0.9994893
17557,6,0.9999999
17558,6,1.0
17559,2,1.0
17560,1,1.0
17561,1,1.0
17562,4,0.99999845
17563,2,1.0
17564,1,0.99999976
17565,8,0.9999999
17566,7,1.0
17567,1,1.0
17568,7,0.9967359
17569,8,1.0
17570,3,0.99999666
17571,3,0.9999976
17572,3,1.0
17573,0,0.99999213
17574,0,0.99999714
17575,5,1.0
17576,1,1.0
17577,2,1.0
17578,9,0.99999905
17579,4,1.0
17580,0,1.0
17581,0,0.99999905
17582,8,0.99998844
17583,7,0.9999999
17584,6,0.57682806
17585,6,1.0
17586,1,0.9999974
17587,9,0.99989295
17588,7,0.99999344
17589,2,1.0
17590,8,0.9969308
17591,7,1.0
17592,8,1.0
17593,2,0.99999976
17594,4,0.99117786
17595,1,0.99999976
17596,5,1.0
17597,2,1.0
17598,8,0.99999976
17599,8,1.0
17600,9,0.9999989
17601,8,0.98988754
17602,3,1.0
17603,8,1.0
17604,8,0.90176487
17605,3,0.99999833
17606,3,1.0
17607,6,0.94198316
17608,8,1.0
17609,3,0.99999905
17610,2,0.99999976
17611,5,0.9996679
17612,1,1.0
17613,4,0.9999999
17614,9,0.99999857
17615,6,0.9999999
17616,7,0.9998698
17617,8,0.99999976
17618,4,0.9999999
17619,3,1.0
17620,1,1.0
17621,8,1.0
17622,9,0.6056259
17623,3,1.0
17624,4,1.0
17625,5,0.99999964
17626,6,1.0
17627,3,0.99999785
17628,1,1.0
17629,9,0.9999598
17630,2,0.99998057
17631,6,1.0
17632,5,1.0
17633,1,1.0
17634,4,1.0
17635,7,0.9999963
17636,5,0.9961559
17637,0,1.0
17638,0,0.9999999
17639,6,0.9995209
17640,1,0.9999999
17641,0,1.0
17642,7,0.99999976
17643,7,0.99999964
17644,3,0.9999827
17645,8,1.0
17646,7,1.0
17647,4,1.0
17648,7,0.9999999
17649,7,0.9999999
17650,0,0.9999994
17651,0,0.9983084
17652,8,0.99946684
17653,1,1.0
17654,3,1.0
17655,7,0.9999999
17656,2,0.9999907
17657,1,1.0
17658,4,0.9999703
17659,7,1.0
17660,7,1.0
17661,1,1.0
17662,6,0.9999553
17663,8,0.9999999
17664,2,0.9999987
17665,9,0.9998661
17666,0,0.99999785
17667,0,1.0
17668,3,1.0
17669,1,1.0
17670,7,1.0
17671,6,1.0
17672,6,1.0
17673,3,1.0
17674,6,1.0
17675,1,1.0
17676,4,1.0
17677,8,1.0
17678,9,0.9999999
17679,7,0.99994254
17680,9,1.0
17681,3,1.0
17682,6,1.0
17683,2,0.9998031
17684,8,0.89180315
17685,8,0.99999344
17686,8,1.0
17687,2,0.9999995
17688,8,1.0
17689,9,0.9999988
17690,3,0.9999999
17691,8,0.99999547
17692,3,0.9994326
17693,7,0.99999154
17694,0,0.9999999
17695,0,0.9999958
17696,4,1.0
17697,0,0.9997311
17698,7,0.99997425
17699,7,1.0
17700,4,1.0
17701,8,1.0
17702,8,0.5468037
17703,2,0.9999982
17704,8,0.99999917
17705,3,0.9999999
17706,3,1.0
17707,1,0.99999976
17708,8,0.9999924
17709,5,0.9997751
17710,8,0.9416189
17711,1,1.0
17712,5,1.0
17713,1,0.99999917
17714,9,0.99991524
17715,3,0.999997
17716,3,1.0
17717,1,0.9999428
17718,4,1.0
17719,7,0.9999999
17720,1,1.0
17721,4,1.0
17722,7,1.0
17723,3,1.0
17724,5,1.0
17725,1,1.0
17726,6,1.0
17727,4,0.99999976
17728,5,0.99999976
17729,3,0.98119605
17730,8,1.0
17731,2,0.9999999
17732,8,1.0
17733,8,1.0
17734,0,0.99999976
17735,5,0.97644275
17736,6,1.0
17737,0,1.0
17738,6,0.9999957
17739,0,1.0
17740,0,1.0
17741,3,1.0
17742,6,1.0
17743,2,1.0
17744,2,1.0
17745,6,1.0
17746,8,0.99999917
17747,1,0.99969137
17748,7,0.9999987
17749,1,0.5213991
17750,5,1.0
17751,3,1.0
17752,4,0.999998
17753,6,1.0
17754,2,1.0
17755,7,0.9999999
17756,6,1.0
17757,8,0.9999348
17758,1,1.0
17759,2,1.0
17760,4,0.9999993
17761,2,1.0
17762,2,0.9998927
17763,3,1.0
17764,5,1.0
17765,6,1.0
17766,7,0.9999994
17767,5,0.9995808
17768,9,0.99999964
17769,4,1.0
17770,4,1.0
17771,6,0.9999964
17772,2,1.0
17773,7,0.9999999
17774,8,1.0
17775,5,0.9999999
17776,1,1.0
17777,7,0.9999932
17778,1,1.0
17779,6,1.0
17780,2,0.99999297
17781,1,0.9999993
17782,1,1.0
17783,2,0.9999863
17784,2,1.0
17785,8,1.0
17786,4,0.9999999
17787,0,1.0
17788,7,0.99999833
17789,9,0.9999994
17790,3,0.874706
17791,7,1.0
17792,6,0.99999976
17793,7,0.99980706
17794,5,0.9999782
17795,2,1.0
17796,2,0.9987419
17797,3,1.0
17798,5,1.0
17799,2,1.0
17800,4,1.0
17801,6,0.99999213
17802,9,0.9999994
17803,4,1.0
17804,9,0.9999838
17805,8,0.9993617
17806,0,0.99999964
17807,9,0.9969267
17808,3,0.9999999
17809,4,0.99910295
17810,3,0.9999999
17811,4,1.0
17812,1,0.9999999
17813,4,1.0
17814,7,0.99999857
17815,5,0.9999999
17816,9,0.9998305
17817,6,1.0
17818,9,0.9999999
17819,9,0.99997187
17820,9,1.0
17821,9,0.99999416
17822,4,1.0
17823,1,0.99999905
17824,4,1.0
17825,8,1.0
17826,8,0.99996495
17827,5,0.99999964
17828,2,0.9997358
17829,6,1.0
17830,0,0.9999994
17831,2,1.0
17832,9,0.99999976
17833,2,1.0
17834,0,0.99999905
17835,8,0.9998869
17836,9,0.99998856
17837,8,0.9005155
17838,9,0.99999785
17839,9,0.9999999
17840,6,0.999998
17841,3,0.9999982
17842,8,0.999833
17843,2,1.0
17844,1,0.9999974
17845,9,0.99991345
17846,6,0.9999999
17847,0,0.9987923
17848,0,1.0
17849,2,0.99999905
17850,8,1.0
17851,4,0.9999988
17852,4,0.9999783
17853,6,1.0
17854,7,0.9998136
17855,5,1.0
17856,2,1.0
17857,4,0.8622109
17858,8,0.9601591
17859,0,0.9999753
17860,5,0.99995625
17861,1,1.0
17862,8,0.9999294
17863,9,0.99998784
17864,9,0.9913408
17865,3,1.0
17866,0,1.0
17867,6,1.0
17868,8,1.0
17869,3,1.0
17870,4,1.0
17871,5,1.0
17872,3,0.9707658
17873,2,0.99998033
17874,4,1.0
17875,6,1.0
17876,7,0.9255698
17877,4,1.0
17878,2,0.9999924
17879,2,1.0
17880,8,1.0
17881,9,0.9999999
17882,4,0.9992489
17883,0,1.0
17884,6,0.9999938
17885,0,0.9999993
17886,2,1.0
17887,1,1.0
17888,8,0.9999994
17889,4,0.99999905
17890,1,0.9991007
17891,7,1.0
17892,2,0.99963796
17893,3,1.0
17894,2,1.0
17895,1,1.0
17896,9,1.0
17897,6,1.0
17898,0,0.99999976
17899,2,0.68765473
17900,8,0.9999999
17901,3,1.0
17902,3,1.0
17903,9,0.9999999
17904,2,1.0
17905,0,1.0
17906,7,1.0
17907,7,0.999764
17908,2,1.0
17909,0,1.0
17910,8,1.0
17911,6,0.9999969
17912,1,0.99999857
17913,1,1.0
17914,1,0.9999968
17915,6,1.0
17916,1,1.0
17917,2,1.0
17918,4,1.0
17919,8,0.99999976
17920,2,0.9999995
17921,0,1.0
17922,1,0.9989743
17923,8,0.9999999
17924,3,1.0
17925,5,0.99978596
17926,0,0.9999994
17927,2,0.99999785
17928,1,1.0
17929,8,1.0
17930,8,1.0
17931,1,1.0
17932,3,0.95475626
17933,7,0.99999976
17934,8,0.9999169
17935,9,0.9877665
17936,7,1.0
17937,9,0.99999964
17938,9,0.99999976
17939,4,0.9719428
17940,3,1.0
17941,5,0.99937266
17942,5,0.6574758
17943,7,0.9999995
17944,0,0.9999981
17945,0,0.9998864
17946,7,0.99998784
17947,9,0.7038179
17948,7,0.99999976
17949,0,1.0
17950,4,0.9999999
17951,0,0.9999999
17952,5,0.9536145
17953,0,0.9999076
17954,0,0.991117
17955,5,0.99999774
17956,7,0.9999987
17957,6,1.0
17958,3,0.9999907
17959,2,1.0
17960,4,0.999985
17961,8,1.0
17962,2,0.99999905
17963,3,1.0
17964,7,1.0
17965,2,1.0
17966,8,1.0
17967,1,0.9999994
17968,4,0.99999213
17969,1,0.9999999
17970,4,1.0
17971,9,0.99999547
17972,0,0.99999046
17973,7,0.99501604
17974,6,0.99648005
17975,8,1.0
17976,2,1.0
17977,1,1.0
17978,9,0.99999714
17979,1,0.9999993
17980,7,0.9999658
17981,0,0.99999845
17982,5,0.9105809
17983,5,0.9999987
17984,3,0.999998
17985,6,0.9999994
17986,2,0.9999994
17987,6,1.0
17988,5,0.99999034
17989,0,1.0
17990,6,1.0
17991,4,1.0
17992,0,1.0
17993,1,1.0
17994,6,1.0
17995,1,1.0
17996,2,0.9999641
17997,6,1.0
17998,4,1.0
17999,6,1.0
18000,4,1.0
18001,9,1.0
18002,2,0.99999774
18003,9,0.9999969
18004,5,0.9999994
18005,9,0.9999994
18006,8,0.9999999
18007,5,0.99999976
18008,6,0.9999993
18009,0,0.9999994
18010,0,0.99998486
18011,1,1.0
18012,4,1.0
18013,9,0.9999999
18014,1,1.0
18015,3,1.0
18016,2,0.83149683
18017,2,0.91816914
18018,6,1.0
18019,4,1.0
18020,5,0.9995369
18021,1,0.9999975
18022,9,1.0
18023,8,0.99995244
18024,9,0.99981314
18025,6,1.0
18026,4,1.0
18027,1,1.0
18028,8,0.9999995
18029,2,1.0
18030,3,1.0
18031,7,1.0
18032,2,0.9999993
18033,3,0.985691
18034,3,1.0
18035,9,0.97495675
18036,1,0.99999976
18037,6,1.0
18038,3,1.0
18039,1,0.99999976
18040,4,0.99502724
18041,2,0.99994636
18042,2,0.68673927
18043,1,1.0
18044,6,1.0
18045,7,0.99915195
18046,9,0.9999943
18047,2,1.0
18048,0,0.9999999
18049,0,0.99998593
18050,7,0.5018279
18051,4,0.99992096
18052,5,1.0
18053,4,1.0
18054,4,1.0
18055,5,0.99999976
18056,8,0.99409455
18057,6,1.0
18058,1,0.9999995
18059,8,0.9966439
18060,1,0.9999881
18061,8,1.0
18062,4,0.99999964
18063,6,1.0
18064,4,1.0
18065,1,1.0
18066,2,1.0
18067,9,0.999938
18068,9,0.99998224
18069,6,1.0
18070,6,1.0
18071,9,0.9991466
18072,7,0.99997723
18073,6,1.0
18074,4,1.0
18075,6,0.9998487
18076,3,1.0
18077,9,0.9999939
18078,5,0.99992335
18079,0,0.9999999
18080,0,0.9997271
18081,6,1.0
18082,2,0.9990114
18083,1,0.9999844
18084,7,1.0
18085,6,1.0
18086,4,0.9999988
18087,8,1.0
18088,3,1.0
18089,4,0.9992157
18090,1,1.0
18091,4,1.0
18092,6,1.0
18093,1,0.9999999
18094,9,0.99999034
18095,1,1.0
18096,8,0.99996173
18097,0,0.9999999
18098,6,1.0
18099,3,1.0
18100,1,0.9999999
18101,2,0.99999857
18102,0,1.0
18103,2,0.99966645
18104,8,0.9856456
18105,6,1.0
18106,2,1.0
18107,4,1.0
18108,4,0.97520065
18109,7,0.9999995
18110,7,1.0
18111,8,0.99998665
18112,8,1.0
18113,3,1.0
18114,7,1.0
18115,6,0.9999987
18116,3,0.9999995
18117,5,0.99970263
18118,8,0.9462011
18119,5,1.0
18120,2,1.0
18121,7,0.9999981
18122,4,0.9999999
18123,6,0.99999976
18124,7,0.99333704
18125,3,0.87488043
18126,3,0.9999745
18127,0,0.9982736
18128,1,0.99999905
18129,3,1.0
18130,8,1.0
18131,0,0.8521901
18132,8,0.9998493
18133,0,1.0
18134,0,0.99999976
18135,6,1.0
18136,8,0.99984384
18137,3,1.0
18138,8,1.0
18139,9,0.99995613
18140,2,1.0
18141,1,1.0
18142,6,1.0
18143,3,0.9999993
18144,6,0.99967074
18145,9,1.0
18146,3,1.0
18147,1,0.99999964
18148,9,1.0
18149,7,0.99999774
18150,4,1.0
18151,8,0.9999999
18152,7,1.0
18153,9,0.9932533
18154,4,1.0
18155,8,1.0
18156,0,0.999754
18157,3,0.9999989
18158,8,1.0
18159,7,1.0
18160,1,1.0
18161,3,1.0
18162,0,1.0
18163,8,0.99986935
18164,4,0.9999999
18165,4,0.9999995
18166,2,1.0
18167,4,0.7598354
18168,9,1.0
18169,5,0.99998915
18170,4,1.0
18171,9,0.8851711
18172,9,0.999711
18173,3,1.0
18174,9,0.9999993
18175,7,1.0
18176,6,1.0
18177,6,1.0
18178,7,0.99885285
18179,5,1.0
18180,2,1.0
18181,8,0.62742054
18182,7,0.9999865
18183,7,0.7760612
18184,4,1.0
18185,4,0.9998659
18186,5,0.99998605
18187,7,0.99916756
18188,8,1.0
18189,5,0.999997
18190,7,0.9999999
18191,6,0.99998546
18192,7,1.0
18193,4,1.0
18194,3,1.0
18195,0,0.99995387
18196,4,0.99999976
18197,7,1.0
18198,5,0.9999995
18199,8,0.99937373
18200,5,0.9997193
18201,1,0.99999976
18202,0,0.9999995
18203,0,1.0
18204,4,1.0
18205,7,0.9999995
18206,7,0.99999845
18207,0,0.9999999
18208,7,0.9999999
18209,2,0.9999994
18210,8,1.0
18211,8,0.9999989
18212,0,0.9983631
18213,1,1.0
18214,9,0.9999945
18215,5,0.9999995
18216,9,0.99903405
18217,8,0.9999914
18218,5,1.0
18219,4,1.0
18220,7,0.99999726
18221,4,1.0
18222,9,0.999892
18223,8,0.9999999
18224,7,0.9671581
18225,1,0.9999925
18226,3,0.99998987
18227,6,0.99968004
18228,4,0.99887544
18229,0,1.0
18230,3,1.0
18231,7,1.0
18232,7,0.99994993
18233,2,0.99999917
18234,0,0.99902153
18235,2,0.99999976
18236,4,1.0
18237,7,1.0
18238,2,1.0
18239,2,1.0
18240,1,1.0
18241,4,1.0
18242,4,1.0
18243,6,1.0
18244,8,1.0
18245,6,1.0
18246,3,0.9999938
18247,0,0.99999833
18248,3,1.0
18249,8,0.9999993
18250,4,1.0
18251,6,1.0
18252,7,0.9999999
18253,6,1.0
18254,2,1.0
18255,1,1.0
18256,8,1.0
18257,4,0.9999918
18258,5,0.99999976
18259,2,1.0
18260,1,1.0
18261,2,0.9989071
18262,5,0.9998498
18263,7,0.99999976
18264,4,1.0
18265,0,0.999998
18266,9,0.99999964
18267,9,0.99998415
18268,1,0.99999976
18269,7,1.0
18270,2,1.0
18271,1,1.0
18272,5,0.9999995
18273,5,1.0
18274,1,1.0
18275,8,0.9999995
18276,9,0.5528466
18277,5,1.0
18278,5,0.99999976
18279,3,0.9999999
18280,6,0.9999831
18281,8,1.0
18282,9,1.0
18283,5,0.99998295
18284,6,1.0
18285,6,0.9999912
18286,1,1.0
18287,7,1.0
18288,5,0.99982256
18289,4,1.0
18290,3,0.99942446
18291,8,1.0
18292,6,1.0
18293,9,0.9999999
18294,2,0.99999976
18295,1,0.99999976
18296,1,1.0
18297,4,1.0
18298,9,1.0
18299,5,0.99999976
18300,8,0.9999999
18301,5,0.9999188
18302,0,0.9937143
18303,6,0.9992142
18304,0,1.0
18305,0,0.999992
18306,4,1.0
18307,2,0.9993175
18308,3,1.0
18309,6,1.0
18310,7,0.99999666
18311,4,0.99998593
18312,1,0.9999993
18313,1,0.9881323
18314,4,1.0
18315,1,1.0
18316,6,0.9919922
18317,0,1.0
18318,8,1.0
18319,6,1.0
18320,1,0.9999987
18321,5,1.0
18322,2,1.0
18323,2,0.99998355
18324,5,0.99999046
18325,7,0.999995
18326,4,0.9999999
18327,6,1.0
18328,9,0.99999964
18329,6,0.9741632
18330,1,1.0
18331,9,0.9999999
18332,0,0.9993333
18333,8,0.9999981
18334,9,0.9999279
18335,4,1.0
18336,4,1.0
18337,8,0.61266744
18338,1,1.0
18339,3,1.0
18340,3,0.9998035
18341,4,1.0
18342,8,0.99999964
18343,9,0.9999999
18344,5,0.9929854
18345,4,0.9999993
18346,5,0.999997
18347,6,1.0
18348,4,0.99999964
18349,9,0.99999785
18350,4,1.0
18351,7,0.99999964
18352,0,1.0
18353,1,1.0
18354,2,0.9999982
18355,0,0.9999999
18356,1,0.99999917
18357,8,0.99999976
18358,0,1.0
18359,6,1.0
18360,6,1.0
18361,1,1.0
18362,7,1.0
18363,3,0.99999917
18364,7,0.9062648
18365,9,0.9999999
18366,0,1.0
18367,9,1.0
18368,6,1.0
18369,9,0.9999989
18370,7,0.9999988
18371,3,1.0
18372,0,0.99999535
18373,2,0.9999999
18374,1,0.99999917
18375,7,1.0
18376,7,0.99999976
18377,0,0.99999416
18378,2,0.9984737
18379,1,1.0
18380,1,0.99999976
18381,6,1.0
18382,6,0.9999912
18383,7,0.99999964
18384,0,0.99999905
18385,2,1.0
18386,1,1.0
18387,8,1.0
18388,5,0.99999917
18389,5,0.9999994
18390,4,1.0
18391,8,0.9985837
18392,6,1.0
18393,1,1.0
18394,4,1.0
18395,0,0.99999976
18396,2,1.0
18397,4,1.0
18398,0,1.0
18399,1,1.0
18400,8,0.9998648
18401,4,1.0
18402,1,1.0
18403,0,0.99998045
18404,8,0.9999999
18405,2,1.0
18406,7,1.0
18407,4,1.0
18408,3,0.9999796
18409,3,1.0
18410,3,1.0
18411,1,0.9999987
18412,4,0.99856144
18413,3,0.9118747
18414,0,1.0
18415,6,1.0
18416,0,0.9966498
18417,4,0.9998895
18418,7,1.0
18419,9,0.98337156
18420,3,1.0
18421,7,1.0
18422,9,0.9999825
18423,9,0.9996717
18424,5,0.999998
18425,7,1.0
18426,1,0.9999764
18427,3,1.0
18428,2,0.88614196
18429,3,0.99981683
18430,1,0.9999981
18431,5,0.7190439
18432,2,0.9999976
18433,7,1.0
18434,3,1.0
18435,9,0.9998945
18436,3,1.0
18437,7,1.0
18438,1,1.0
18439,4,1.0
18440,9,0.99999857
18441,3,1.0
18442,1,1.0
18443,5,0.9999995
18444,3,1.0
18445,8,0.99999917
18446,4,0.99999917
18447,1,1.0
18448,0,1.0
18449,9,1.0
18450,7,1.0
18451,3,0.99999976
18452,2,0.9999938
18453,3,1.0
18454,7,0.99999905
18455,7,0.97260714
18456,1,0.9999995
18457,7,1.0
18458,9,0.9999987
18459,5,0.9927549
18460,4,1.0
18461,7,1.0
18462,2,1.0
18463,4,0.8467638
18464,5,1.0
18465,6,1.0
18466,4,1.0
18467,0,1.0
18468,4,0.99999905
18469,8,1.0
18470,1,1.0
18471,5,0.9999703
18472,9,0.9707489
18473,9,0.99999774
18474,0,1.0
18475,1,1.0
18476,2,0.9978861
18477,2,1.0
18478,5,0.99995065
18479,8,1.0
18480,3,0.99999475
18481,4,1.0
18482,0,0.9996362
18483,2,0.6029026
18484,4,1.0
18485,2,1.0
18486,3,1.0
18487,1,1.0
18488,0,0.9999645
18489,8,1.0
18490,4,0.99999976
18491,9,0.99999917
18492,4,0.9999887
18493,0,1.0
18494,9,0.99999964
18495,2,0.99990046
18496,8,0.99999964
18497,5,0.9999976
18498,0,0.9999999
18499,4,1.0
18500,9,0.9999999
18501,1,0.99999964
18502,0,1.0
18503,2,1.0
18504,1,1.0
18505,7,1.0
18506,3,1.0
18507,1,1.0
18508,6,0.9688959
18509,4,0.9999926
18510,7,1.0
18511,8,1.0
18512,7,0.99999976
18513,8,1.0
18514,5,1.0
18515,2,1.0
18516,4,0.8539581
18517,7,1.0
18518,7,0.99987566
18519,2,0.9999999
18520,2,1.0
18521,8,1.0
18522,4,0.9997892
18523,1,1.0
18524,7,1.0
18525,5,1.0
18526,3,0.99999976
18527,8,0.9995598
18528,1,1.0
18529,6,1.0
18530,5,0.99987125
18531,1,1.0
18532,4,0.99999917
18533,8,0.99930525
18534,1,0.99996805
18535,2,1.0
18536,6,1.0
18537,1,1.0
18538,8,1.0
18539,2,1.0
18540,5,0.99998343
18541,9,0.9999839
18542,2,1.0
18543,2,0.9999988
18544,4,0.99999964
18545,0,1.0
18546,2,0.99999964
18547,0,1.0
18548,2,0.9999995
18549,9,0.99999964
18550,4,0.9980598
18551,4,1.0
18552,4,0.99999857
18553,7,0.9999988
18554,7,0.99999785
18555,5,0.999974
18556,8,0.9999521
18557,9,0.99999976
18558,1,0.9999999
18559,5,1.0
18560,0,0.9999956
18561,6,0.9999999
18562,5,0.7595142
18563,1,1.0
18564,0,1.0
18565,0,0.9999738
18566,4,0.9999802
18567,4,1.0
18568,9,0.99988806
18569,2,0.9996495
18570,5,0.9999995
18571,6,1.0
18572,2,1.0
18573,9,1.0
18574,1,0.99999964
18575,9,0.99999523
18576,1,1.0
18577,8,1.0
18578,3,1.0
18579,0,1.0
18580,6,1.0
18581,4,0.9999969
18582,9,1.0
18583,3,0.9996866
18584,1,0.9999869
18585,4,1.0
18586,5,1.0
18587,1,1.0
18588,2,0.99999917
18589,2,0.99999976
18590,1,1.0
18591,2,0.9999987
18592,0,1.0
18593,5,0.91110474
18594,0,1.0
18595,7,0.999995
18596,8,0.9999957
18597,8,0.9976804
18598,8,0.9999999
18599,3,0.9885337
18600,2,0.9999999
18601,2,1.0
18602,6,0.9997763
18603,6,0.9999865
18604,8,0.9999901
18605,7,0.999003
18606,0,0.9999708
18607,0,0.9999198
18608,4,1.0
18609,9,0.99999976
18610,5,0.99966955
18611,1,0.9999999
18612,5,0.99999356
18613,3,1.0
18614,2,1.0
18615,4,0.99999964
18616,2,1.0
18617,2,1.0
18618,9,0.99999976
18619,5,0.9999943
18620,8,1.0
18621,2,0.99999857
18622,0,0.9999964
18623,0,0.99999666
18624,7,0.99960643
18625,5,0.99988306
18626,3,1.0
18627,1,0.90999806
18628,5,1.0
18629,0,0.9999999
18630,8,1.0
18631,3,1.0
18632,2,1.0
18633,2,0.99999774
18634,7,0.76935494
18635,4,1.0
18636,6,1.0
18637,3,1.0
18638,2,1.0
18639,6,1.0
18640,5,0.9989317
18641,0,1.0
18642,7,0.99999607
18643,5,1.0
18644,2,0.9999999
18645,0,0.9999614
18646,2,0.99991953
18647,9,1.0
18648,4,0.98818344
18649,5,1.0
18650,0,0.9934064
18651,0,1.0
18652,9,0.99992085
18653,4,1.0
18654,9,1.0
18655,4,1.0
18656,7,1.0
18657,9,1.0
18658,5,0.99999976
18659,9,0.9999194
18660,2,0.9999999
18661,1,0.9999999
18662,6,1.0
18663,1,1.0
18664,5,0.9999999
18665,7,0.99999595
18666,4,1.0
18667,1,0.99813735
18668,1,1.0
18669,5,0.99999976
18670,9,0.87440413
18671,3,1.0
18672,4,0.99999917
18673,4,0.95811266
18674,0,0.99999666
18675,9,0.9999999
18676,0,0.99999833
18677,4,1.0
18678,9,1.0
18679,3,0.9999536
18680,2,1.0
18681,3,0.9895383
18682,0,0.99999976
18683,4,0.99999785
18684,7,1.0
18685,5,0.9999999
18686,1,0.99999964
18687,5,0.9999993
18688,6,0.999995
18689,1,1.0
18690,7,1.0
18691,0,0.9999329
18692,3,1.0
18693,6,0.9999999
18694,1,0.99999976
18695,4,1.0
18696,0,0.9981598
18697,3,1.0
18698,5,1.0
18699,3,1.0
18700,1,1.0
18701,2,1.0
18702,9,0.9999614
18703,5,0.9999993
18704,8,0.9569409
18705,1,0.9999999
18706,9,0.99999714
18707,7,1.0
18708,0,0.99999726
18709,6,0.9999937
18710,3,0.99696463
18711,1,1.0
18712,8,1.0
18713,8,1.0
18714,7,0.99999964
18715,2,0.99996626
18716,1,0.9999994
18717,5,0.9897175
18718,5,0.99997795
18719,0,0.9999958
18720,2,0.56063825
18721,6,0.9996481
18722,0,1.0
18723,1,1.0
18724,3,1.0
18725,4,0.99999964
18726,4,0.99997604
18727,9,0.99999917
18728,7,0.9999999
18729,0,1.0
18730,4,1.0
18731,4,1.0
18732,1,1.0
18733,2,0.97986
18734,0,0.9999968
18735,3,0.9999999
18736,1,0.9994747
18737,6,1.0
18738,8,0.9999958
18739,1,1.0
18740,4,0.99998724
18741,0,0.99999917
18742,7,0.9999999
18743,2,1.0
18744,8,0.9999995
18745,8,1.0
18746,8,0.9999975
18747,8,0.9996456
18748,1,1.0
18749,9,0.9999989
18750,4,0.9999993
18751,0,0.99999976
18752,6,0.9999794
18753,0,0.99995446
18754,5,0.88764197
18755,5,0.9973327
18756,7,0.99984396
18757,3,1.0
18758,8,0.9999702
18759,3,1.0
18760,7,1.0
18761,1,0.9999999
18762,6,1.0
18763,8,0.99989545
18764,9,0.99997926
18765,5,0.99776554
18766,5,1.0
18767,0,0.9999993
18768,4,1.0
18769,7,0.9999707
18770,7,1.0
18771,8,0.9999248
18772,4,0.9570257
18773,0,0.9999782
18774,6,0.99261206
18775,3,0.99999964
18776,5,1.0
18777,2,0.99999976
18778,6,1.0
18779,0,0.99975055
18780,0,1.0
18781,9,0.9999976
18782,7,0.9999989
18783,9,0.9990976
18784,2,1.0
18785,4,0.9999988
18786,5,0.9999999
18787,0,1.0
18788,6,0.99999905
18789,4,1.0
18790,1,1.0
18791,2,0.99999976
18792,9,0.99999535
18793,8,0.999597
18794,9,0.99998796
18795,7,0.99999976
18796,8,1.0
18797,8,0.9999999
18798,9,0.99967694
18799,1,1.0
18800,7,0.9999999
18801,7,1.0
18802,6,1.0
18803,7,1.0
18804,3,0.9999999
18805,3,1.0
18806,7,0.9706834
18807,0,0.98187387
18808,3,0.9999999
18809,8,0.99888605
18810,8,0.9999999
18811,6,0.9999995
18812,2,0.9999944
18813,5,0.9999933
18814,7,1.0
18815,4,1.0
18816,7,1.0
18817,3,1.0
18818,4,0.9999999
18819,1,1.0
18820,2,1.0
18821,8,0.9937909
18822,1,1.0
18823,4,0.9999994
18824,8,0.99992037
18825,2,1.0
18826,2,0.944942
18827,5,0.9999424
18828,7,0.9999999
18829,8,0.9986237
18830,2,0.99996173
18831,6,1.0
18832,7,0.9999999
18833,4,0.99999213
18834,0,1.0
18835,3,1.0
18836,2,1.0
18837,1,1.0
18838,4,0.9843887
18839,3,1.0
18840,5,0.9999919
18841,4,0.94454926
18842,0,0.999992
18843,7,0.9999989
18844,1,0.9997701
18845,1,1.0
18846,3,1.0
18847,9,1.0
18848,8,1.0
18849,9,0.99999964
18850,1,1.0
18851,7,0.9999994
18852,9,1.0
18853,9,0.9555851
18854,3,1.0
18855,0,0.99999905
18856,6,0.9999993
18857,6,1.0
18858,6,1.0
18859,2,1.0
18860,2,1.0
18861,9,0.99999976
18862,5,1.0
18863,2,0.99999964
18864,4,1.0
18865,6,1.0
18866,5,0.9999927
18867,3,1.0
18868,9,0.9999113
18869,8,0.99999976
18870,5,0.9999684
18871,1,1.0
18872,7,0.9999933
18873,5,0.9998179
18874,6,0.99997807
18875,8,1.0
18876,5,1.0
18877,9,0.99999344
18878,6,1.0
18879,8,0.9998597
18880,3,0.99999535
18881,0,0.99999976
18882,5,0.99999964
18883,8,0.99981076
18884,2,1.0
18885,8,1.0
18886,9,0.9999999
18887,2,0.9999968
18888,9,0.99998903
18889,6,0.99999976
18890,0,0.9999999
18891,5,1.0
18892,3,1.0
18893,6,1.0
18894,3,0.9999988
18895,8,0.99999976
18896,2,1.0
18897,0,0.99996173
18898,9,0.99998355
18899,9,0.99724716
18900,0,1.0
18901,3,1.0
18902,2,0.99838877
18903,4,1.0
18904,7,1.0
18905,8,0.9999999
18906,2,0.99943346
18907,3,0.99987316
18908,5,0.9999989
18909,5,0.99643767
18910,2,0.9999999
18911,6,0.9999999
18912,0,1.0
18913,9,0.99995244
18914,7,1.0
18915,6,0.999041
18916,2,0.99999845
18917,1,1.0
18918,8,0.99999726
18919,4,0.99999714
18920,4,0.9999944
18921,7,1.0
18922,7,0.9999956
18923,8,0.9998641
18924,9,0.99990296
18925,6,0.9999951
18926,5,1.0
18927,8,1.0
18928,9,0.99997306
18929,7,0.9997968
18930,9,1.0
18931,4,1.0
18932,0,0.99999714
18933,3,1.0
18934,2,1.0
18935,6,1.0
18936,3,0.9999999
18937,7,0.99887854
18938,4,1.0
18939,9,0.99999917
18940,5,0.9999981
18941,4,1.0
18942,4,1.0
18943,1,1.0
18944,9,0.9793243
18945,2,0.99967
18946,0,0.99844366
18947,6,0.99999976
18948,8,0.99999845
18949,3,0.99989927
18950,9,0.99999976
18951,7,0.99999905
18952,4,1.0
18953,7,1.0
18954,9,0.9999993
18955,5,0.99999654
18956,3,1.0
18957,8,0.99997413
18958,0,0.99990904
18959,2,0.9982419
18960,3,1.0
18961,4,0.9999709
18962,4,1.0
18963,2,1.0
18964,4,0.9994149
18965,8,1.0
18966,0,1.0
18967,5,0.999998
18968,8,0.9999634
18969,1,0.99999976
18970,2,0.9452134
18971,5,0.9999993
18972,3,0.98680043
18973,1,1.0
18974,6,1.0
18975,1,1.0
18976,6,1.0
18977,1,1.0
18978,6,0.9999999
18979,4,1.0
18980,3,1.0
18981,9,0.9999994
18982,4,1.0
18983,6,1.0
18984,3,1.0
18985,1,0.99999726
18986,1,1.0
18987,6,1.0
18988,9,0.99994564
18989,3,0.99999976
18990,7,0.99999964
18991,2,1.0
18992,3,1.0
18993,5,0.9996207
18994,3,0.9999975
18995,5,1.0
18996,6,1.0
18997,0,1.0
18998,6,1.0
18999,1,0.9999987
19000,7,0.9999994
19001,2,0.9991228
19002,8,1.0
19003,0,0.99999833
19004,8,0.9999989
19005,3,1.0
19006,1,0.9995709
19007,3,1.0
19008,9,0.9999999
19009,2,0.9999883
19010,7,1.0
19011,0,1.0
19012,8,1.0
19013,0,1.0
19014,0,0.9954312
19015,3,1.0
19016,0,0.9999902
19017,6,1.0
19018,5,0.99999857
19019,1,0.9999999
19020,3,0.9431114
19021,6,1.0
19022,2,1.0
19023,9,1.0
19024,7,1.0
19025,5,0.9995548
19026,6,1.0
19027,4,1.0
19028,3,1.0
19029,6,1.0
19030,2,1.0
19031,1,1.0
19032,7,0.9999958
19033,3,1.0
19034,5,1.0
19035,9,0.9999962
19036,4,1.0
19037,3,0.99500763
19038,6,1.0
19039,8,1.0
19040,1,0.9999995
19041,1,0.9999993
19042,3,0.99997807
19043,8,1.0
19044,3,1.0
19045,4,0.9999981
19046,2,1.0
19047,2,1.0
19048,1,0.9999999
19049,1,1.0
19050,4,0.99889165
19051,2,0.9999974
19052,8,0.9999994
19053,1,1.0
19054,8,0.9999995
19055,4,0.97569126
19056,0,1.0
19057,8,0.99999964
19058,1,1.0
19059,8,1.0
19060,1,0.9999931
19061,9,0.9999999
19062,9,0.9999938
19063,0,1.0
19064,0,0.9999982
19065,4,0.9999832
19066,7,0.9999999
19067,1,1.0
19068,0,0.9999614
19069,8,1.0
19070,1,0.99999774
19071,3,1.0
19072,9,0.99999976
19073,9,0.9999999
19074,7,1.0
19075,1,0.9999994
19076,2,0.9999387
19077,4,0.64751476
19078,3,0.9979011
19079,6,0.99999976
19080,1,0.9989503
19081,8,0.9999999
19082,8,0.9999958
19083,6,1.0
19084,1,0.9980348
19085,9,0.9999906
19086,3,0.99821055
19087,8,1.0
19088,2,0.9999999
19089,5,1.0
19090,3,0.9999852
19091,1,1.0
19092,9,0.79838026
19093,0,1.0
19094,0,1.0
19095,7,0.99999666
19096,3,0.99999654
19097,5,1.0
19098,8,0.7421625
19099,5,1.0
19100,6,0.9998307
19101,3,1.0
19102,2,0.99999845
19103,2,0.9999999
19104,4,1.0
19105,4,1.0
19106,9,1.0
19107,5,1.0
19108,8,1.0
19109,8,0.9999924
19110,5,0.99958867
19111,1,0.99999964
19112,9,0.99989927
19113,6,1.0
19114,7,0.9999949
19115,0,0.99999845
19116,4,1.0
19117,4,1.0
19118,5,0.99989605
19119,2,0.99999964
19120,9,0.9999969
19121,2,1.0
19122,1,0.99999976
19123,0,0.99999726
19124,9,1.0
19125,7,1.0
19126,7,0.99999774
19127,7,0.9999999
19128,6,1.0
19129,0,0.9999938
19130,1,0.99999964
19131,9,0.99983644
19132,4,0.99998367
19133,0,0.99980825
19134,8,0.83678615
19135,4,1.0
19136,1,1.0
19137,3,0.9999999
19138,9,0.9999999
19139,3,1.0
19140,1,1.0
19141,0,1.0
19142,3,0.99909055
19143,6,1.0
19144,5,0.9941917
19145,7,1.0
19146,6,0.9999999
19147,6,1.0
19148,8,1.0
19149,1,1.0
19150,8,1.0
19151,1,1.0
19152,7,1.0
19153,3,1.0
19154,3,1.0
19155,6,0.99996257
19156,1,0.99992406
19157,2,0.9998123
19158,5,0.9989182
19159,0,0.9999987
19160,1,0.9999814
19161,2,0.9999981
19162,9,1.0
19163,1,1.0
19164,4,1.0
19165,1,1.0
19166,9,1.0
19167,2,0.99998724
19168,1,0.999997
19169,7,1.0
19170,5,0.9999999
19171,7,1.0
19172,6,0.99999774
19173,3,1.0
19174,4,0.7536903
19175,4,1.0
19176,8,1.0
19177,7,0.99999595
19178,8,1.0
19179,0,1.0
19180,2,1.0
19181,1,1.0
19182,6,1.0
19183,5,0.9999981
19184,4,0.9999994
19185,0,0.99967146
19186,0,1.0
19187,9,0.87251776
19188,1,0.99999
19189,7,0.99068135
19190,1,1.0
19191,1,1.0
19192,4,1.0
19193,8,0.99999964
19194,7,0.99999976
19195,9,0.99988294
19196,2,0.99999964
19197,9,1.0
19198,1,0.9999994
19199,6,1.0
19200,4,1.0
19201,1,0.9999999
19202,2,0.9999882
19203,2,1.0
19204,1,1.0
19205,1,1.0
19206,7,1.0
19207,3,1.0
19208,9,0.9703488
19209,4,0.99998415
19210,7,1.0
19211,9,0.9994924
19212,9,0.9999702
19213,0,0.99999833
19214,0,0.9999982
19215,4,0.99999845
19216,1,1.0
19217,1,0.9999999
19218,3,1.0
19219,8,0.99999106
19220,5,0.99999917
19221,0,0.9999989
19222,1,0.99999785
19223,4,0.99962115
19224,6,0.9999999
19225,6,1.0
19226,7,1.0
19227,8,0.9999777
19228,9,1.0
19229,7,1.0
19230,5,0.9999999
19231,2,0.99999976
19232,6,1.0
19233,1,0.9999999
19234,1,1.0
19235,3,1.0
19236,6,0.9999995
19237,8,0.9999999
19238,0,0.99999905
19239,2,1.0
19240,5,1.0
19241,7,0.9999999
19242,8,0.9999993
19243,5,0.9999995
19244,0,0.9999999
19245,4,0.9988549
19246,4,0.9982653
19247,4,1.0
19248,3,1.0
19249,1,0.9999999
19250,2,1.0
19251,9,0.999998
19252,1,1.0
19253,3,1.0
19254,7,0.9999949
19255,6,1.0
19256,9,1.0
19257,1,0.9999989
19258,9,0.999879
19259,3,1.0
19260,7,1.0
19261,1,0.9999428
19262,7,0.9999994
19263,1,1.0
19264,8,0.9369923
19265,3,0.9999999
19266,6,0.999998
19267,0,1.0
19268,1,1.0
19269,5,0.9999999
19270,6,0.99999976
19271,6,1.0
19272,2,1.0
19273,3,1.0
19274,9,0.9996773
19275,7,1.0
19276,6,1.0
19277,6,1.0
19278,9,0.9999989
19279,7,0.99999666
19280,6,1.0
19281,6,0.99988544
19282,2,1.0
19283,4,0.99998355
19284,5,0.99996984
19285,8,1.0
19286,1,0.9999993
19287,2,1.0
19288,3,1.0
19289,7,0.9999969
19290,9,0.99999464
19291,5,0.99999976
19292,9,1.0
19293,4,0.9999864
19294,1,0.9999963
19295,0,0.9999995
19296,3,0.9999956
19297,1,1.0
19298,2,0.9998952
19299,7,1.0
19300,9,0.9997205
19301,0,1.0
19302,2,1.0
19303,4,1.0
19304,1,1.0
19305,8,0.9999995
19306,5,0.9999999
19307,4,1.0
19308,2,0.9719387
19309,0,0.9999993
19310,0,0.9999162
19311,2,0.99997437
19312,7,1.0
19313,0,0.99999356
19314,8,1.0
19315,0,0.9988237
19316,4,0.9999981
19317,6,1.0
19318,3,0.99999976
19319,4,0.9999988
19320,0,1.0
19321,6,1.0
19322,7,0.9999999
19323,1,0.99999595
19324,7,0.9999988
19325,3,0.9297751
19326,3,0.9999974
19327,1,0.9999877
19328,6,0.9999993
19329,3,1.0
19330,5,0.999998
19331,9,1.0
19332,9,1.0
19333,1,0.9999999
19334,6,0.99999905
19335,1,0.99952865
19336,1,0.9999999
19337,4,0.9999962
19338,0,1.0
19339,9,0.99999976
19340,2,0.99999976
19341,7,0.9999628
19342,7,1.0
19343,3,0.8499726
19344,2,0.99999833
19345,8,1.0
19346,3,0.99967825
19347,0,0.94455576
19348,6,0.99972945
19349,6,1.0
19350,1,0.9999995
19351,6,1.0
19352,4,0.8660201
19353,9,1.0
19354,8,0.99975806
19355,7,1.0
19356,5,0.99909544
19357,5,1.0
19358,7,1.0
19359,5,0.99999833
19360,0,0.99970657
19361,9,0.9998845
19362,4,0.9999999
19363,1,1.0
19364,8,1.0
19365,8,0.99999976
19366,1,1.0
19367,1,1.0
19368,4,0.9999999
19369,7,1.0
19370,8,1.0
19371,6,1.0
19372,8,0.999998
19373,2,0.9999988
19374,9,0.99999833
19375,8,1.0
19376,1,1.0
19377,5,1.0
19378,3,0.99922466
19379,2,0.9999987
19380,7,0.9999999
19381,5,0.9999999
19382,1,0.9999715
19383,0,0.9999999
19384,1,1.0
19385,0,1.0
19386,3,1.0
19387,3,1.0
19388,1,1.0
19389,5,1.0
19390,8,1.0
19391,8,1.0
19392,9,0.999954
19393,3,1.0
19394,1,0.99999976
19395,3,1.0
19396,8,0.9999988
19397,6,1.0
19398,5,0.99999845
19399,1,0.99999976
19400,6,0.9999697
19401,9,0.9999833
19402,3,0.99999046
19403,8,0.88352156
19404,7,0.99999976
19405,9,0.99999964
19406,0,1.0
19407,8,0.9999962
19408,8,0.9998752
19409,4,1.0
19410,9,0.9999989
19411,5,0.9999999
19412,1,0.89708245
19413,8,1.0
19414,9,0.9999999
19415,8,1.0
19416,4,0.99999976
19417,4,1.0
19418,9,0.99999976
19419,1,0.9999982
19420,0,1.0
19421,9,1.0
19422,6,1.0
19423,7,0.9999988
19424,0,0.99997425
19425,6,1.0
19426,1,1.0
19427,3,1.0
19428,0,0.99999976
19429,6,1.0
19430,8,0.9996669
19431,2,1.0
19432,0,0.9999999
19433,1,1.0
19434,5,0.99999964
19435,6,0.99999905
19436,4,0.999977
19437,8,1.0
19438,2,1.0
19439,5,1.0
19440,3,0.99999034
19441,3,0.9764023
19442,8,0.99999905
19443,1,0.99999964
19444,3,0.9999993
19445,3,1.0
19446,2,0.9999999
19447,0,0.9999962
19448,5,0.9999999
19449,2,1.0
19450,5,1.0
19451,1,1.0
19452,1,1.0
19453,8,0.99991834
19454,3,1.0
19455,9,0.99992394
19456,3,0.99999666
19457,4,0.9999838
19458,7,0.99999785
19459,3,1.0
19460,4,0.9999994
19461,7,0.99997926
19462,6,1.0
19463,7,0.999803
19464,9,0.9867622
19465,7,0.9999999
19466,7,0.9999994
19467,1,0.9999975
19468,5,0.9989575
19469,9,1.0
19470,2,1.0
19471,8,0.6202741
19472,6,0.9999999
19473,7,1.0
19474,7,0.99966717
19475,1,0.9999999
19476,5,1.0
19477,4,1.0
19478,4,0.99999297
19479,0,0.99999976
19480,9,0.99999976
19481,7,0.99999475
19482,1,1.0
19483,6,1.0
19484,3,0.9843179
19485,0,0.9999083
19486,2,0.9999951
19487,7,1.0
19488,2,1.0
19489,7,0.99999905
19490,1,1.0
19491,3,1.0
19492,9,0.9952727
19493,4,0.99999917
19494,2,1.0
19495,8,0.9992161
19496,6,1.0
19497,8,1.0
19498,5,0.99994767
19499,6,0.49822232
19500,0,1.0
19501,5,1.0
19502,1,0.67503583
19503,1,0.99999964
19504,7,1.0
19505,3,1.0
19506,9,0.9999956
19507,8,1.0
19508,0,0.99995244
19509,9,0.999972
19510,2,1.0
19511,9,0.9999999
19512,9,0.9999993
19513,6,1.0
19514,6,1.0
19515,3,1.0
19516,2,1.0
19517,6,1.0
19518,9,1.0
19519,5,0.9999999
19520,5,1.0
19521,4,1.0
19522,1,0.99999774
19523,1,1.0
19524,4,0.9999987
19525,6,0.9999999
19526,0,1.0
19527,7,0.9990798
19528,5,0.9999999
19529,8,0.9999988
19530,0,0.9999993
19531,0,1.0
19532,3,1.0
19533,9,0.9999896
19534,8,0.99999833
19535,1,1.0
19536,0,0.9999999
19537,9,0.99999964
19538,2,1.0
19539,6,0.97116053
19540,2,1.0
19541,0,1.0
19542,2,0.9999975
19543,8,0.9484396
19544,7,0.74033475
19545,0,0.99991894
19546,7,1.0
19547,9,0.9987532
19548,7,1.0
19549,5,1.0
19550,1,0.9997826
19551,1,1.0
19552,5,0.9999993
19553,7,0.9999988
19554,7,0.99999976
19555,7,1.0
19556,3,0.9999999
19557,4,0.9999999
19558,1,0.99999964
19559,0,0.99999964
19560,6,0.9999987
19561,9,0.999995
19562,9,1.0
19563,6,0.9999988
19564,9,0.9999994
19565,1,0.9999999
19566,5,0.99997103
19567,4,1.0
19568,5,1.0
19569,8,1.0
19570,9,1.0
19571,9,1.0
19572,1,0.9999999
19573,1,0.99999976
19574,7,0.9999993
19575,9,0.9999933
19576,1,1.0
19577,7,1.0
19578,7,0.91627824
19579,6,0.99999917
19580,5,1.0
19581,8,0.99999964
19582,2,1.0
19583,7,0.99933857
19584,1,1.0
19585,3,0.9999995
19586,0,0.89476645
19587,8,1.0
19588,5,0.99999976
19589,2,0.9999969
19590,7,0.9998223
19591,1,1.0
19592,4,1.0
19593,0,0.99985266
19594,8,1.0
19595,5,0.9582214
19596,8,0.99999833
19597,5,0.99987435
19598,1,0.9999814
19599,3,0.99998176
19600,4,1.0
19601,5,1.0
19602,5,0.99988806
19603,2,0.99999964
19604,1,1.0
19605,3,1.0
19606,5,0.99994147
19607,2,1.0
19608,2,0.9999999
19609,9,0.9999906
19610,4,0.9999994
19611,4,0.9999981
19612,9,0.9999958
19613,5,0.9999999
19614,9,0.9999845
19615,1,1.0
19616,3,1.0
19617,2,1.0
19618,9,0.99998534
19619,6,0.9999906
19620,2,0.99948835
19621,2,1.0
19622,0,0.9999857
19623,7,0.9998398
19624,5,0.94274765
19625,7,0.9999263
19626,3,0.99999976
19627,2,0.99825865
19628,9,0.9999994
19629,4,0.99999833
19630,6,0.9581709
19631,2,0.99922335
19632,9,1.0
19633,2,1.0
19634,2,0.9999982
19635,8,1.0
19636,1,0.99999905
19637,0,1.0
19638,0,0.99995744
19639,9,0.99972254
19640,0,1.0
19641,6,0.9999999
19642,2,1.0
19643,4,1.0
19644,1,0.9952223
19645,0,0.9999993
19646,4,1.0
19647,3,0.9999968
19648,1,1.0
19649,1,0.99999964
19650,4,0.9970853
19651,9,0.9999999
19652,0,0.9999536
19653,8,0.9991001
19654,2,1.0
19655,9,0.9999665
19656,5,0.9999949
19657,0,0.9999987
19658,2,0.99999666
19659,3,0.99995804
19660,0,0.9999999
19661,7,0.99999917
19662,2,1.0
19663,2,0.99404067
19664,2,0.9954158
19665,0,0.9999397
19666,1,1.0
19667,1,0.9999423
19668,1,1.0
19669,7,1.0
19670,6,1.0
19671,1,1.0
19672,7,0.99998844
19673,7,0.99999845
19674,8,0.9999504
19675,0,0.99481356
19676,5,0.99999964
19677,0,0.9999187
19678,9,0.99866295
19679,1,0.9999999
19680,0,0.99731916
19681,2,0.99998546
19682,3,1.0
19683,4,1.0
19684,9,0.99999905
19685,9,0.9994516
19686,2,0.99999964
19687,6,1.0
19688,5,1.0
19689,0,0.9999969
19690,5,0.9987167
19691,3,0.9999999
19692,7,1.0
19693,3,1.0
19694,3,1.0
19695,4,0.9999949
19696,4,0.9999993
19697,7,0.9999937
19698,8,0.9999988
19699,1,0.9999993
19700,9,1.0
19701,3,1.0
19702,4,0.9999882
19703,5,1.0
19704,2,1.0
19705,7,1.0
19706,4,1.0
19707,3,1.0
19708,5,0.99999344
19709,7,1.0
19710,4,1.0
19711,1,0.9999993
19712,8,0.9999995
19713,4,1.0
19714,3,1.0
19715,7,0.9999994
19716,6,0.9981658
19717,2,0.9999951
19718,3,1.0
19719,0,0.99937844
19720,7,0.99999976
19721,1,1.0
19722,4,0.99999976
19723,3,0.9986891
19724,9,0.9999974
19725,9,1.0
19726,1,1.0
19727,7,0.99999964
19728,5,0.9999999
19729,6,1.0
19730,8,0.9999722
19731,4,1.0
19732,1,0.99998915
19733,1,0.99999094
19734,5,1.0
19735,2,0.99999976
19736,2,1.0
19737,2,1.0
19738,8,1.0
19739,4,0.9999933
19740,0,0.9999995
19741,7,1.0
19742,6,1.0
19743,4,0.99999976
19744,3,1.0
19745,2,1.0
19746,3,0.93432987
19747,1,1.0
19748,7,0.9999987
19749,6,1.0
19750,7,0.9999988
19751,6,1.0
19752,8,0.9999999
19753,9,1.0
19754,0,1.0
19755,7,0.9680447
19756,3,1.0
19757,6,1.0
19758,9,0.99998426
19759,6,0.9999199
19760,9,0.9999999
19761,4,0.99763155
19762,6,0.99924076
19763,9,1.0
19764,5,0.9997663
19765,9,0.9999999
19766,7,0.99999833
19767,1,0.9999912
19768,5,0.9997799
19769,9,0.99994385
19770,3,0.9996164
19771,2,1.0
19772,7,1.0
19773,6,0.9398124
19774,7,0.9999995
19775,8,1.0
19776,1,1.0
19777,6,1.0
19778,1,0.99999964
19779,8,0.99494654
19780,9,0.99999774
19781,7,1.0
19782,7,0.9990722
19783,1,1.0
19784,6,0.9942551
19785,0,0.99999976
19786,5,0.99998724
19787,8,0.9995546
19788,5,0.99999857
19789,7,0.9997209
19790,1,1.0
19791,4,0.99999547
19792,7,0.92958546
19793,2,0.9999943
19794,1,0.99999976
19795,7,0.9999752
19796,6,1.0
19797,6,0.9999976
19798,2,1.0
19799,4,1.0
19800,2,0.9988456
19801,3,1.0
19802,5,0.99999034
19803,5,1.0
19804,2,1.0
19805,9,0.999718
19806,0,0.99999976
19807,2,1.0
19808,8,0.99975604
19809,3,1.0
19810,7,0.9999999
19811,8,0.9999976
19812,2,0.9999999
19813,0,0.99999976
19814,7,1.0
19815,2,1.0
19816,7,0.9999999
19817,2,1.0
19818,9,0.99997556
19819,1,0.9999989
19820,2,1.0
19821,0,0.999992
19822,2,1.0
19823,9,0.99985397
19824,3,0.9999943
19825,0,1.0
19826,6,1.0
19827,2,0.99999464
19828,8,1.0
19829,0,1.0
19830,3,1.0
19831,7,0.9999999
19832,4,1.0
19833,1,1.0
19834,4,0.88695943
19835,0,1.0
19836,3,1.0
19837,1,1.0
19838,4,0.99999964
19839,5,1.0
19840,7,1.0
19841,9,0.99999547
19842,3,0.9999993
19843,1,0.99994564
19844,9,0.99999845
19845,5,0.99999976
19846,0,1.0
19847,4,1.0
19848,7,1.0
19849,2,1.0
19850,2,1.0
19851,1,0.9999999
19852,9,0.9999707
19853,5,0.9999989
19854,7,0.9999994
19855,2,0.9998541
19856,6,0.9999999
19857,2,0.99995327
19858,6,1.0
19859,7,0.9999994
19860,7,1.0
19861,8,1.0
19862,0,0.9999999
19863,5,0.99999976
19864,2,1.0
19865,7,1.0
19866,0,1.0
19867,2,1.0
19868,0,1.0
19869,2,1.0
19870,0,1.0
19871,2,1.0
19872,4,1.0
19873,2,0.99995923
19874,5,0.9999993
19875,9,0.9997869
19876,2,0.9997937
19877,3,0.9943474
19878,2,0.99991226
19879,7,1.0
19880,5,0.99760604
19881,1,1.0
19882,4,1.0
19883,2,1.0
19884,5,0.99997914
19885,6,0.9999993
19886,1,0.9999808
19887,9,1.0
19888,8,1.0
19889,8,0.9999987
19890,9,0.99999976
19891,4,0.9999988
19892,5,0.99992263
19893,5,0.98628867
19894,8,0.9735754
19895,8,0.99896073
19896,6,0.9999956
19897,0,0.7899647
19898,6,1.0
19899,5,0.9999999
19900,0,0.9999943
19901,0,1.0
19902,6,1.0
19903,9,1.0
19904,5,0.9999974
19905,4,0.99994636
19906,4,0.9999416
19907,1,0.97600865
19908,2,0.9999759
19909,2,1.0
19910,2,1.0
19911,1,1.0
19912,7,1.0
19913,7,0.9999993
19914,8,0.8797253
19915,0,0.99999976
19916,0,0.99999917
19917,1,0.9999999
19918,6,0.9999999
19919,5,0.99997616
19920,4,1.0
19921,2,0.99999774
19922,0,1.0
19923,2,0.9999999
19924,5,1.0
19925,7,1.0
19926,8,0.9999962
19927,5,0.99973196
19928,2,0.99995565
19929,4,0.9999987
19930,4,0.99945027
19931,9,0.9999974
19932,4,1.0
19933,4,0.9999379
19934,6,1.0
19935,6,0.9999993
19936,4,1.0
19937,0,1.0
19938,3,0.9999968
19939,9,1.0
19940,1,1.0
19941,3,1.0
19942,2,1.0
19943,4,1.0
19944,0,1.0
19945,0,0.99999833
19946,1,0.9999821
19947,1,1.0
19948,7,1.0
19949,6,1.0
19950,2,1.0
19951,5,1.0
19952,1,0.9999976
19953,2,1.0
19954,7,1.0
19955,5,0.9999999
19956,1,1.0
19957,8,0.99999964
19958,0,1.0
19959,1,1.0
19960,5,0.9999591
19961,7,0.9999759
19962,8,0.9999968
19963,5,1.0
19964,9,0.9999926
19965,1,0.99999976
19966,2,1.0
19967,7,1.0
19968,7,0.99997365
19969,0,0.99999964
19970,0,0.99952996
19971,1,1.0
19972,7,1.0
19973,3,0.99999976
19974,0,1.0
19975,3,1.0
19976,1,1.0
19977,4,1.0
19978,1,0.9995758
19979,3,1.0
19980,8,1.0
19981,3,1.0
19982,7,0.99999976
19983,3,1.0
19984,9,0.9999995
19985,1,1.0
19986,7,1.0
19987,7,1.0
19988,1,1.0
19989,2,0.9999999
19990,6,0.9999902
19991,5,1.0
19992,8,1.0
19993,0,0.99998355
19994,3,1.0
19995,2,0.99999964
19996,0,0.9991208
19997,6,1.0
19998,5,1.0
19999,4,0.999469
20000,6,0.9999999
20001,7,0.9999999
20002,0,1.0
20003,3,1.0
20004,4,0.9996836
20005,6,1.0
20006,3,1.0
20007,5,0.9999994
20008,2,1.0
20009,7,1.0
20010,7,1.0
20011,5,0.9998288
20012,5,0.9999999
20013,4,0.9999924
20014,9,0.99999535
20015,0,0.9999994
20016,3,1.0
20017,1,1.0
20018,5,0.99823403
20019,3,1.0
20020,1,0.9999999
20021,2,1.0
20022,0,0.999143
20023,2,1.0
20024,4,0.99852896
20025,8,0.99999964
20026,9,0.99999857
20027,4,0.9999958
20028,2,1.0
20029,9,1.0
20030,2,0.96109176
20031,5,0.56837875
20032,9,0.9992741
20033,5,0.9998692
20034,3,1.0
20035,4,1.0
20036,2,0.9984969
20037,6,1.0
20038,6,1.0
20039,5,0.9999976
20040,2,0.908365
20041,9,0.9996859
20042,9,0.99999785
20043,7,0.9999989
20044,7,0.9654525
20045,7,0.99997675
20046,7,0.9999999
20047,4,1.0
20048,4,1.0
20049,8,0.9655024
20050,8,1.0
20051,7,1.0
20052,6,0.9997038
20053,1,0.9864689
20054,4,0.9998704
20055,4,0.99995255
20056,9,0.9999993
20057,0,1.0
20058,9,0.9999801
20059,6,1.0
20060,7,1.0
20061,2,0.95534235
20062,9,0.9999902
20063,4,0.9998822
20064,1,0.99999976
20065,9,0.99999774
20066,6,1.0
20067,7,1.0
20068,5,0.54043
20069,7,0.9999399
20070,6,0.9999999
20071,0,0.9987147
20072,6,0.9851924
20073,9,0.9999943
20074,9,0.9999993
20075,9,0.9965228
20076,4,0.9999995
20077,2,0.9999995
20078,5,0.9999746
20079,5,1.0
20080,3,0.95135987
20081,0,0.9998363
20082,3,1.0
20083,6,0.99999964
20084,1,1.0
20085,8,1.0
20086,4,1.0
20087,6,1.0
20088,2,1.0
20089,7,0.99999774
20090,2,1.0
20091,7,1.0
20092,9,0.9929389
20093,9,0.9999684
20094,3,0.9999993
20095,4,1.0
20096,7,0.9995504
20097,1,0.99999976
20098,7,1.0
20099,6,1.0
20100,6,1.0
20101,1,1.0
20102,9,0.79559165
20103,0,1.0
20104,1,1.0
20105,3,0.9999831
20106,0,0.99978894
20107,1,1.0
20108,3,1.0
20109,2,0.9999987
20110,6,1.0
20111,5,0.9999988
20112,3,1.0
20113,4,0.56478566
20114,3,1.0
20115,9,0.9999926
20116,9,1.0
20117,3,0.99999976
20118,3,1.0
20119,0,1.0
20120,7,0.99999976
20121,5,0.9996449
20122,9,0.9999993
20123,6,1.0
20124,6,0.99999833
20125,4,1.0
20126,6,0.99998605
20127,9,0.9990947
20128,7,1.0
20129,3,1.0
20130,6,0.9999989
20131,1,0.99999976
20132,6,0.87935907
20133,8,1.0
20134,6,0.9999975
20135,7,1.0
20136,7,0.9997733
20137,1,0.9999999
20138,6,1.0
20139,0,0.9999999
20140,4,0.9939507
20141,2,0.99999976
20142,2,0.9999534
20143,5,0.99999607
20144,8,1.0
20145,9,0.9999112
20146,1,1.0
20147,9,0.99999964
20148,2,1.0
20149,3,0.99997795
20150,3,0.9992429
20151,7,0.9999347
20152,9,0.9995389
20153,1,0.99988616
20154,5,0.9460774
20155,7,0.99980646
20156,1,0.9999999
20157,8,1.0
20158,8,0.99999905
20159,5,0.99998534
20160,6,1.0
20161,7,0.99999976
20162,6,1.0
20163,0,0.9999999
20164,7,1.0
20165,6,0.99997807
20166,3,1.0
20167,1,1.0
20168,0,0.9999925
20169,7,0.9998785
20170,9,1.0
20171,5,0.99895644
20172,7,0.9999999
20173,8,1.0
20174,1,1.0
20175,0,0.9999995
20176,9,0.9999777
20177,9,1.0
20178,4,0.99940777
20179,0,1.0
20180,0,0.9845005
20181,7,1.0
20182,7,0.9999989
20183,4,0.99999976
20184,4,1.0
20185,7,1.0
20186,1,1.0
20187,5,0.999808
20188,7,1.0
20189,1,1.0
20190,3,1.0
20191,3,1.0
20192,0,1.0
20193,0,0.99996984
20194,9,0.9999999
20195,1,0.9999995
20196,7,0.9999999
20197,0,1.0
20198,2,0.9999995
20199,0,1.0
20200,1,0.99888164
20201,5,0.99999917
20202,0,1.0
20203,3,0.9999999
20204,7,0.9999896
20205,9,1.0
20206,2,1.0
20207,4,0.99999976
20208,4,0.9999485
20209,9,1.0
20210,8,1.0
20211,2,0.9999118
20212,0,0.9999999
20213,4,1.0
20214,3,1.0
20215,6,1.0
20216,1,1.0
20217,9,0.9986706
20218,4,1.0
20219,8,1.0
20220,9,0.99999976
20221,6,1.0
20222,8,0.9999989
20223,9,0.99999976
20224,4,0.9997634
20225,9,0.99982077
20226,8,0.99990964
20227,5,0.8392615
20228,9,1.0
20229,2,1.0
20230,3,1.0
20231,8,0.9999832
20232,6,1.0
20233,5,0.99999595
20234,4,1.0
20235,5,0.99981576
20236,0,0.9999975
20237,1,0.9999975
20238,9,0.99999857
20239,0,1.0
20240,5,0.99999833
20241,8,1.0
20242,1,0.7307858
20243,1,0.99999917
20244,5,0.99999833
20245,4,0.9999995
20246,8,1.0
20247,2,0.9999651
20248,5,0.9999999
20249,9,0.9995943
20250,5,1.0
20251,1,1.0
20252,1,1.0
20253,8,1.0
20254,8,1.0
20255,0,0.99999917
20256,8,0.9999956
20257,4,0.9999999
20258,1,0.9998323
20259,9,1.0
20260,3,1.0
20261,2,1.0
20262,0,0.99999976
20263,2,0.99981266
20264,4,0.999897
20265,4,0.997743
20266,0,1.0
20267,6,1.0
20268,0,0.99939656
20269,1,0.9999999
20270,9,0.9997565
20271,9,0.999995
20272,9,1.0
20273,4,0.9999857
20274,1,1.0
20275,4,0.9999995
20276,9,1.0
20277,1,1.0
20278,6,1.0
20279,5,0.99990475
20280,1,0.99999654
20281,1,0.9999634
20282,3,1.0
20283,1,1.0
20284,7,0.99999857
20285,4,0.9999999
20286,6,1.0
20287,3,1.0
20288,9,0.9999989
20289,5,1.0
20290,7,0.99998665
20291,7,1.0
20292,5,1.0
20293,4,1.0
20294,8,1.0
20295,5,0.99997056
20296,5,1.0
20297,2,0.99999857
20298,4,1.0
20299,8,1.0
20300,8,0.9932811
20301,3,1.0
20302,1,0.9999969
20303,1,1.0
20304,3,1.0
20305,2,0.99999833
20306,9,0.99999714
20307,0,0.99999976
20308,4,1.0
20309,9,0.9999994
20310,7,0.5344447
20311,9,0.9999628
20312,0,1.0
20313,5,0.9849482
20314,3,1.0
20315,1,1.0
20316,4,1.0
20317,2,1.0
20318,0,0.99994314
20319,4,0.999961
20320,1,1.0
20321,0,1.0
20322,7,1.0
20323,1,1.0
20324,9,0.9999846
20325,4,1.0
20326,8,0.9999956
20327,1,1.0
20328,4,0.9999999
20329,7,1.0
20330,8,1.0
20331,8,1.0
20332,1,0.9999993
20333,5,0.9999999
20334,4,1.0
20335,3,0.9999988
20336,0,0.9999901
20337,5,0.9999269
20338,9,0.9999349
20339,5,0.9999999
20340,9,1.0
20341,5,0.99999905
20342,0,0.99999917
20343,9,1.0
20344,5,1.0
20345,1,0.9999995
20346,7,0.99999976
20347,8,1.0
20348,8,0.9999993
20349,7,0.9999871
20350,2,1.0
20351,1,0.99999964
20352,9,0.9998721
20353,9,0.9999993
20354,6,1.0
20355,3,1.0
20356,8,1.0
20357,8,0.9999995
20358,7,0.9999994
20359,9,0.9999949
20360,7,0.99999917
20361,6,1.0
20362,3,0.9999999
20363,3,1.0
20364,5,0.99999046
20365,3,1.0
20366,2,0.9999999
20367,0,1.0
20368,1,0.9621345
20369,8,0.99999213
20370,1,1.0
20371,1,0.99999976
20372,9,0.9999999
20373,1,1.0
20374,3,1.0
20375,0,1.0
20376,6,0.99997914
20377,2,0.9993767
20378,0,1.0
20379,0,1.0
20380,6,1.0
20381,9,0.9999989
20382,0,0.9999995
20383,1,1.0
20384,7,1.0
20385,3,1.0
20386,2,0.999997
20387,6,1.0
20388,7,0.9998982
20389,7,0.99995637
20390,7,1.0
20391,7,0.9999956
20392,2,0.9989562
20393,2,0.9999498
20394,8,1.0
20395,1,1.0
20396,0,1.0
20397,9,0.9999906
20398,0,0.9999993
20399,2,1.0
20400,0,1.0
20401,7,1.0
20402,3,0.9999987
20403,7,1.0
20404,4,0.99908996
20405,5,0.99999857
20406,7,0.99999285
20407,5,0.99994075
20408,1,0.9999999
20409,1,1.0
20410,6,0.99999917
20411,7,0.9999639
20412,4,0.6552493
20413,7,0.9999999
20414,2,1.0
20415,6,0.99999976
20416,1,0.9999999
20417,0,0.9999478
20418,8,1.0
20419,2,0.9999994
20420,9,0.9998759
20421,8,1.0
20422,4,1.0
20423,5,0.99999976
20424,2,0.9999938
20425,6,1.0
20426,2,1.0
20427,1,0.9999757
20428,9,0.4889573
20429,3,1.0
20430,1,0.9999995
20431,1,0.9999782
20432,6,1.0
20433,3,0.9999999
20434,8,0.9999993
20435,3,0.9999988
20436,6,1.0
20437,7,1.0
20438,6,0.9999993
20439,0,0.99999976
20440,9,0.9998578
20441,6,0.99747664
20442,2,1.0
20443,9,1.0
20444,6,0.9997967
20445,0,1.0
20446,5,1.0
20447,8,0.9999995
20448,0,0.99999666
20449,1,1.0
20450,0,0.99999905
20451,8,1.0
20452,7,0.9999945
20453,2,1.0
20454,9,1.0
20455,6,1.0
20456,9,0.69207627
20457,0,1.0
20458,2,1.0
20459,4,1.0
20460,1,0.99999964
20461,2,1.0
20462,0,1.0
20463,1,1.0
20464,4,1.0
20465,7,0.9999999
20466,6,0.99999833
20467,6,0.99999905
20468,9,1.0
20469,1,1.0
20470,7,0.99999964
20471,0,0.9914656
20472,7,0.99999964
20473,1,0.9990964
20474,1,1.0
20475,8,0.9999999
20476,8,1.0
20477,5,1.0
20478,2,0.9999397
20479,9,1.0
20480,1,1.0
20481,2,0.8723479
20482,0,0.99999964
20483,0,0.99999976
20484,7,0.9999888
20485,5,0.99999976
20486,9,0.9999994
20487,0,1.0
20488,3,0.99996567
20489,2,1.0
20490,6,1.0
20491,7,1.0
20492,5,0.99990356
20493,3,1.0
20494,2,0.9999987
20495,1,1.0
20496,9,1.0
20497,4,0.99992
20498,6,0.9999989
20499,5,0.99999976
20500,9,0.99999666
20501,1,1.0
20502,8,1.0
20503,8,0.9998572
20504,8,0.9999975
20505,1,1.0
20506,8,1.0
20507,8,1.0
20508,3,0.9999999
20509,4,0.99999964
20510,1,0.9655874
20511,5,0.999979
20512,6,1.0
20513,2,0.9999988
20514,1,1.0
20515,8,1.0
20516,6,0.9999995
20517,4,0.9999925
20518,6,1.0
20519,3,1.0
20520,6,0.99999976
20521,8,0.99999964
20522,1,0.99999785
20523,5,0.9999989
20524,0,0.99999976
20525,5,0.9998926
20526,0,0.99999976
20527,0,1.0
20528,9,0.99646497
20529,8,1.0
20530,1,1.0
20531,9,0.9997627
20532,0,1.0
20533,8,0.505791
20534,8,1.0
20535,4,0.9999999
20536,2,0.9999999
20537,5,0.9956115
20538,4,0.99931943
20539,3,0.9999968
20540,1,0.99999475
20541,4,0.99997854
20542,2,0.99999976
20543,3,1.0
20544,4,0.9999889
20545,5,1.0
20546,0,0.9999989
20547,0,0.9999999
20548,3,1.0
20549,0,1.0
20550,6,1.0
20551,6,1.0
20552,1,1.0
20553,9,0.99999964
20554,1,1.0
20555,4,1.0
20556,9,1.0
20557,8,0.9992499
20558,2,1.0
20559,0,0.9999995
20560,4,1.0
20561,1,1.0
20562,5,0.9999999
20563,6,0.99999976
20564,4,0.99999475
20565,9,0.9999273
20566,4,0.9999927
20567,1,1.0
20568,0,1.0
20569,4,1.0
20570,1,1.0
20571,7,0.9999993
20572,0,0.9999205
20573,7,1.0
20574,3,1.0
20575,6,0.99999917
20576,7,0.99995506
20577,9,0.99984217
20578,6,1.0
20579,2,0.99997544
20580,6,0.99991727
20581,8,1.0
20582,5,0.9999826
20583,0,0.99999976
20584,8,0.948938
20585,3,1.0
20586,1,0.99999976
20587,0,0.99998105
20588,2,0.9986827
20589,2,1.0
20590,5,0.9999906
20591,5,0.9999999
20592,1,1.0
20593,8,0.99653924
20594,1,0.9999963
20595,9,0.9999989
20596,1,0.99999964
20597,6,1.0
20598,9,1.0
20599,9,0.99426466
20600,9,0.9990727
20601,3,1.0
20602,2,1.0
20603,0,0.9999976
20604,7,0.9999839
20605,3,1.0
20606,1,0.9999999
20607,6,0.9999863
20608,2,1.0
20609,3,1.0
20610,8,0.7817813
20611,5,0.99979
20612,1,0.9999999
20613,6,1.0
20614,7,0.99999976
20615,9,1.0
20616,3,1.0
20617,9,0.9999578
20618,5,1.0
20619,5,0.9999937
20620,5,0.9995159
20621,4,0.9993081
20622,3,0.9999622
20623,9,1.0
20624,4,1.0
20625,0,1.0
20626,3,0.9999982
20627,7,1.0
20628,8,0.9993223
20629,5,1.0
20630,3,0.9999993
20631,1,1.0
20632,5,0.990528
20633,0,1.0
20634,7,0.999998
20635,9,0.9998153
20636,0,1.0
20637,4,1.0
20638,0,1.0
20639,0,0.99999905
20640,4,0.9999999
20641,8,1.0
20642,5,1.0
20643,1,0.99999726
20644,0,0.54474384
20645,9,0.95932025
20646,0,0.9999981
20647,0,0.9999602
20648,7,1.0
20649,4,0.99997294
20650,5,0.9999858
20651,8,1.0
20652,6,0.9999974
20653,9,0.999974
20654,4,0.98668957
20655,7,0.9999999
20656,7,1.0
20657,1,1.0
20658,6,1.0
20659,8,1.0
20660,3,1.0
20661,4,1.0
20662,7,1.0
20663,6,1.0
20664,3,1.0
20665,0,0.99999964
20666,7,0.63048905
20667,9,0.9992136
20668,6,1.0
20669,5,0.99197525
20670,3,1.0
20671,9,0.9999995
20672,2,0.9999819
20673,3,1.0
20674,0,0.9997936
20675,1,1.0
20676,2,0.9999442
20677,8,1.0
20678,9,0.99999833
20679,8,0.99999964
20680,3,0.99999976
20681,9,0.9999522
20682,3,0.99999964
20683,3,1.0
20684,8,1.0
20685,9,0.9991911
20686,2,0.99684674
20687,7,1.0
20688,9,0.99999905
20689,2,0.9999999
20690,9,0.99999785
20691,7,0.99999857
20692,5,1.0
20693,2,0.9999927
20694,4,0.9999999
20695,8,0.99999344
20696,5,0.9999999
20697,7,0.9999795
20698,4,0.9999924
20699,5,0.99995506
20700,9,0.9999999
20701,4,1.0
20702,7,1.0
20703,5,0.9999995
20704,6,0.99999475
20705,0,0.99999666
20706,3,1.0
20707,6,1.0
20708,5,0.9999995
20709,0,0.99999964
20710,4,1.0
20711,8,0.9866116
20712,3,1.0
20713,9,0.99990714
20714,2,1.0
20715,7,0.9999999
20716,0,0.9999999
20717,7,1.0
20718,7,0.99523807
20719,3,0.9890337
20720,9,0.9999987
20721,3,1.0
20722,2,1.0
20723,0,1.0
20724,6,1.0
20725,2,0.9999999
20726,4,1.0
20727,0,0.99999917
20728,1,1.0
20729,4,1.0
20730,0,1.0
20731,6,1.0
20732,7,0.99999976
20733,0,0.9999994
20734,0,1.0
20735,5,0.99999785
20736,5,0.99999726
20737,2,1.0
20738,1,1.0
20739,3,0.99999905
20740,7,1.0
20741,1,1.0
20742,2,0.9999994
20743,6,0.9999622
20744,3,0.9999993
20745,8,0.99859923
20746,7,1.0
20747,0,1.0
20748,2,0.99990094
20749,9,0.9998981
20750,5,1.0
20751,4,0.99843127
20752,2,0.999979
20753,3,0.9848402
20754,2,1.0
20755,8,1.0
20756,0,0.9999999
20757,0,0.9999981
20758,7,0.9999969
20759,7,1.0
20760,3,1.0
20761,3,1.0
20762,5,0.99999976
20763,8,0.9999951
20764,2,1.0
20765,7,0.9999995
20766,8,0.99978393
20767,9,0.99999106
20768,5,0.9999999
20769,1,0.99999964
20770,1,1.0
20771,3,1.0
20772,6,1.0
20773,1,0.9999999
20774,2,0.9999589
20775,7,0.9951015
20776,5,0.9999999
20777,2,0.9991543
20778,2,0.9999995
20779,1,1.0
20780,3,0.99999964
20781,7,0.99999356
20782,3,0.99998426
20783,7,1.0
20784,5,1.0
20785,6,1.0
20786,9,1.0
20787,7,1.0
20788,4,1.0
20789,9,0.9979475
20790,0,1.0
20791,8,0.99999464
20792,8,0.9999982
20793,6,0.9999745
20794,7,1.0
20795,1,1.0
20796,5,1.0
20797,7,1.0
20798,4,0.9999999
20799,9,0.9998311
20800,0,1.0
20801,9,0.99999976
20802,9,0.93408084
20803,6,1.0
20804,1,1.0
20805,7,0.9999994
20806,2,1.0
20807,4,0.99999857
20808,3,1.0
20809,3,0.99999654
20810,9,0.9999902
20811,7,0.99999976
20812,3,1.0
20813,6,1.0
20814,0,0.9999994
20815,0,0.9999925
20816,1,0.9999987
20817,3,0.99993443
20818,0,0.9999218
20819,5,1.0
20820,2,1.0
20821,8,1.0
20822,9,0.9999672
20823,7,1.0
20824,5,0.99999964
20825,2,1.0
20826,5,1.0
20827,8,0.99999976
20828,0,0.99978954
20829,9,0.99998343
20830,7,1.0
20831,6,1.0
20832,7,1.0
20833,6,0.999998
20834,2,1.0
20835,3,1.0
20836,3,1.0
20837,7,0.99999964
20838,7,1.0
20839,3,1.0
20840,2,0.9999999
20841,0,0.99999166
20842,3,1.0
20843,4,1.0
20844,6,1.0
20845,8,0.99999964
20846,2,1.0
20847,3,0.5720911
20848,1,0.9999999
20849,1,1.0
20850,6,0.999998
20851,9,0.99981767
20852,3,0.83513683
20853,1,0.9999993
20854,8,1.0
20855,1,1.0
20856,8,0.99999976
20857,3,1.0
20858,0,0.9999993
20859,6,1.0
20860,3,1.0
20861,2,1.0
20862,4,0.99999917
20863,3,0.9999993
20864,9,0.99996006
20865,2,1.0
20866,0,1.0
20867,9,0.99999654
20868,5,0.99999535
20869,9,0.99999905
20870,5,0.99999845
20871,2,0.99713093
20872,7,0.9999999
20873,5,0.9999062
20874,8,1.0
20875,0,0.99996936
20876,3,1.0
20877,1,1.0
20878,9,0.883648
20879,1,1.0
20880,0,1.0
20881,1,1.0
20882,9,1.0
20883,5,0.9999945
20884,9,0.99999475
20885,2,1.0
20886,2,0.9999263
20887,2,1.0
20888,1,0.9999999
20889,5,0.9999939
20890,9,1.0
20891,2,1.0
20892,2,1.0
20893,6,1.0
20894,8,1.0
20895,3,1.0
20896,9,0.9999995
20897,1,0.9999999
20898,9,0.9999844
20899,1,1.0
20900,0,0.9989704
20901,3,0.9999927
20902,2,1.0
20903,9,0.99999917
20904,7,1.0
20905,4,1.0
20906,4,0.99999464
20907,2,1.0
20908,2,1.0
20909,6,1.0
20910,1,1.0
20911,1,1.0
20912,9,0.99999666
20913,1,1.0
20914,5,0.99999976
20915,2,0.9999975
20916,8,0.9998727
20917,3,1.0
20918,0,0.99997485
20919,5,0.99995315
20920,6,1.0
20921,8,1.0
20922,3,1.0
20923,6,1.0
20924,2,0.9999254
20925,7,1.0
20926,9,1.0
20927,0,1.0
20928,8,1.0
20929,5,0.9937888
20930,7,0.99998736
20931,4,1.0
20932,6,1.0
20933,9,0.9990853
20934,8,1.0
20935,3,1.0
20936,7,1.0
20937,5,0.99999917
20938,2,0.99999964
20939,7,1.0
20940,6,1.0
20941,6,1.0
20942,7,1.0
20943,7,0.9999999
20944,8,0.9961434
20945,6,1.0
20946,2,1.0
20947,3,0.74112403
20948,8,1.0
20949,9,1.0
20950,8,0.9999993
20951,8,0.97007465
20952,7,1.0
20953,3,0.99990034
20954,5,1.0
20955,2,0.99991703
20956,8,1.0
20957,8,1.0
20958,8,0.951785
20959,0,0.99999845
20960,6,0.99999666
20961,6,0.99999964
20962,0,0.9999999
20963,0,0.9999782
20964,0,1.0
20965,1,1.0
20966,0,1.0
20967,6,1.0
20968,3,1.0
20969,4,1.0
20970,2,0.99984455
20971,0,0.9999999
20972,6,1.0
20973,2,0.99998605
20974,0,0.99999964
20975,9,0.99999523
20976,8,1.0
20977,1,0.99999976
20978,6,0.99999857
20979,7,0.9996451
20980,5,0.99999714
20981,1,0.99999964
20982,9,0.99998486
20983,1,0.99965346
20984,8,0.9999236
20985,9,0.99974793
20986,0,0.9999896
20987,8,1.0
20988,1,0.99999964
20989,2,0.9846058
20990,4,0.9999999
20991,8,0.9999999
20992,5,0.99999714
20993,1,1.0
20994,5,0.999998
20995,3,0.99951744
20996,6,1.0
20997,1,1.0
20998,4,0.99982613
20999,2,1.0
21000,6,1.0
21001,7,1.0
21002,5,0.9999975
21003,5,1.0
21004,4,0.9999994
21005,2,0.99999213
21006,7,1.0
21007,5,0.9999988
21008,5,1.0
21009,2,0.99996185
21010,4,0.96454394
21011,3,1.0
21012,1,0.99999905
21013,9,0.99999917
21014,5,0.99987185
21015,6,0.99998856
21016,1,0.9999962
21017,7,0.99998724
21018,1,0.9999995
21019,3,1.0
21020,4,1.0
21021,6,1.0
21022,7,1.0
21023,9,0.9999993
21024,7,0.99999857
21025,1,1.0
21026,3,0.51700693
21027,0,1.0
21028,1,1.0
21029,8,1.0
21030,5,1.0
21031,2,1.0
21032,1,0.9999995
21033,1,0.99999976
21034,9,1.0
21035,4,1.0
21036,9,0.9999894
21037,3,0.99997675
21038,4,0.9999994
21039,1,1.0
21040,5,0.9999536
21041,3,1.0
21042,0,1.0
21043,1,1.0
21044,0,0.9999999
21045,6,0.9997991
21046,7,1.0
21047,3,0.99999416
21048,7,1.0
21049,5,0.9964414
21050,0,0.8215561
21051,7,1.0
21052,7,0.99999905
21053,7,1.0
21054,7,0.9999994
21055,1,0.9999999
21056,4,1.0
21057,4,0.8567607
21058,6,0.9999924
21059,9,1.0
21060,9,1.0
21061,5,1.0
21062,7,1.0
21063,1,0.9999956
21064,8,0.9999391
21065,8,1.0
21066,9,0.99999976
21067,4,0.99999976
21068,1,1.0
21069,6,1.0
21070,7,1.0
21071,3,1.0
21072,4,1.0
21073,4,1.0
21074,8,0.9999424
21075,3,0.9999995
21076,2,0.99938905
21077,7,0.98528546
21078,4,0.9999999
21079,9,0.9832969
21080,1,1.0
21081,9,1.0
21082,0,0.9999999
21083,4,1.0
21084,8,0.9999969
21085,6,0.99999976
21086,3,1.0
21087,5,0.9999634
21088,3,1.0
21089,7,0.9999912
21090,1,0.9999999
21091,5,0.99996364
21092,7,0.99989593
21093,9,1.0
21094,7,0.9999999
21095,0,0.99995303
21096,3,1.0
21097,1,1.0
21098,7,0.9999653
21099,2,1.0
21100,7,0.9999838
21101,0,1.0
21102,1,0.9999764
21103,5,0.9999951
21104,2,0.9999999
21105,6,1.0
21106,7,1.0
21107,5,0.99887985
21108,7,1.0
21109,4,0.9985092
21110,6,1.0
21111,7,1.0
21112,2,1.0
21113,8,0.9999999
21114,2,1.0
21115,9,0.9931826
21116,6,0.99999964
21117,6,1.0
21118,5,0.9974021
21119,9,0.99999785
21120,7,1.0
21121,8,0.9999999
21122,2,0.99999726
21123,4,1.0
21124,9,0.9999989
21125,5,0.99964464
21126,4,1.0
21127,4,0.9999994
21128,9,1.0
21129,6,1.0
21130,7,0.9978796
21131,1,1.0
21132,8,0.9999993
21133,6,1.0
21134,0,0.99999905
21135,3,1.0
21136,2,0.99999976
21137,7,1.0
21138,5,0.9964999
21139,9,0.9998227
21140,5,1.0
21141,2,0.99999464
21142,3,0.9906578
21143,5,1.0
21144,5,0.9999937
21145,7,0.99999726
21146,9,0.99984074
21147,7,1.0
21148,9,1.0
21149,2,0.9999653
21150,2,0.99744534
21151,8,1.0
21152,5,0.99996686
21153,2,0.99999833
21154,7,0.99998224
21155,5,0.9999654
21156,0,1.0
21157,1,0.9999918
21158,1,1.0
21159,8,1.0
21160,0,0.9999907
21161,8,0.9999821
21162,5,0.999998
21163,6,1.0
21164,3,1.0
21165,0,1.0
21166,8,1.0
21167,4,0.99999917
21168,9,1.0
21169,6,0.99999976
21170,4,1.0
21171,1,0.9999999
21172,0,0.9999999
21173,9,0.99999094
21174,3,0.9989208
21175,3,0.99945015
21176,4,0.9998621
21177,2,0.99994063
21178,8,0.9999876
21179,1,0.9999976
21180,1,0.99999976
21181,6,0.9999273
21182,5,0.9999993
21183,1,0.9999995
21184,2,1.0
21185,7,0.9999417
21186,8,1.0
21187,6,1.0
21188,2,1.0
21189,8,0.82045233
21190,7,0.9999933
21191,8,0.9999893
21192,9,0.9999999
21193,7,0.99826115
21194,7,0.9999999
21195,0,1.0
21196,2,0.9999994
21197,3,0.9999771
21198,0,1.0
21199,8,1.0
21200,9,0.9999999
21201,8,1.0
21202,4,1.0
21203,4,0.99999857
21204,3,1.0
21205,9,0.99999785
21206,7,1.0
21207,7,1.0
21208,9,0.99998415
21209,3,0.9978219
21210,3,0.90665466
21211,3,1.0
21212,3,1.0
21213,8,0.9999995
21214,0,0.99999917
21215,6,1.0
21216,2,1.0
21217,7,0.99998915
21218,7,1.0
21219,2,1.0
21220,5,0.9999627
21221,2,0.99999964
21222,7,0.99992895
21223,8,0.99999976
21224,0,0.9999999
21225,5,0.98940945
21226,3,1.0
21227,4,0.9999994
21228,4,1.0
21229,3,0.99999917
21230,2,0.9999999
21231,5,0.9999999
21232,2,0.99999905
21233,0,0.9995578
21234,9,0.99998343
21235,7,1.0
21236,2,0.9999447
21237,6,0.99999976
21238,1,0.99999917
21239,0,1.0
21240,4,1.0
21241,5,0.9999999
21242,3,0.99995434
21243,2,0.9999999
21244,7,1.0
21245,4,1.0
21246,4,0.9490336
21247,4,0.9999838
21248,6,1.0
21249,4,0.99999833
21250,7,1.0
21251,9,1.0
21252,2,0.9999999
21253,1,1.0
21254,8,0.9999994
21255,8,0.99999595
21256,3,1.0
21257,5,1.0
21258,2,1.0
21259,9,1.0
21260,1,1.0
21261,2,1.0
21262,7,1.0
21263,1,1.0
21264,4,1.0
21265,4,1.0
21266,6,1.0
21267,5,1.0
21268,7,1.0
21269,2,0.9999316
21270,6,0.99999976
21271,4,0.99999833
21272,9,0.71009076
21273,1,0.9999999
21274,6,0.9999999
21275,9,1.0
21276,0,0.99999976
21277,9,0.9994789
21278,8,0.9957302
21279,1,0.9999999
21280,1,1.0
21281,0,0.9999714
21282,0,1.0
21283,9,1.0
21284,6,1.0
21285,1,1.0
21286,1,0.99834275
21287,4,1.0
21288,0,1.0
21289,7,1.0
21290,3,0.9997303
21291,2,0.9999801
21292,1,0.99999976
21293,0,0.9999999
21294,3,1.0
21295,2,0.9984654
21296,3,1.0
21297,9,0.99998474
21298,7,1.0
21299,4,0.9937627
21300,0,0.9999999
21301,7,1.0
21302,5,1.0
21303,5,0.99999845
21304,4,0.9999999
21305,1,1.0
21306,4,0.9999999
21307,8,0.99999666
21308,7,0.99994767
21309,0,0.5353
21310,0,0.99999964
21311,3,1.0
21312,1,1.0
21313,0,0.99719536
21314,6,1.0
21315,1,1.0
21316,1,0.9999987
21317,7,1.0
21318,7,0.9999999
21319,6,0.99999785
21320,8,0.99950314
21321,0,1.0
21322,5,0.9999691
21323,5,0.9999975
21324,9,1.0
21325,2,1.0
21326,2,1.0
21327,5,0.9999999
21328,9,1.0
21329,8,1.0
21330,5,0.9999981
21331,2,0.9999827
21332,9,0.99999976
21333,8,0.9999999
21334,6,1.0
21335,7,0.999998
21336,1,1.0
21337,0,0.9999989
21338,7,0.99992204
21339,8,0.99999714
21340,5,0.9999999
21341,1,1.0
21342,9,0.9997907
21343,1,1.0
21344,3,1.0
21345,1,1.0
21346,8,0.5663362
21347,2,0.9999881
21348,5,1.0
21349,3,1.0
21350,4,0.9999999
21351,7,0.9989384
21352,3,1.0
21353,4,1.0
21354,5,0.9999862
21355,7,1.0
21356,0,1.0
21357,5,0.99999416
21358,6,0.999997
21359,8,0.99994373
21360,3,1.0
21361,3,1.0
21362,4,1.0
21363,6,0.9989569
21364,3,1.0
21365,1,1.0
21366,3,1.0
21367,7,1.0
21368,1,1.0
21369,8,0.9997652
21370,1,0.99999964
21371,1,1.0
21372,9,1.0
21373,4,0.99999666
21374,1,1.0
21375,3,1.0
21376,6,1.0
21377,1,0.9975084
21378,2,0.9993513
21379,1,1.0
21380,5,0.9999999
21381,2,0.9213932
21382,7,0.9997203
21383,2,1.0
21384,6,1.0
21385,1,0.9999999
21386,8,0.9999999
21387,9,0.99994755
21388,4,0.99999547
21389,7,0.9426768
21390,1,0.99999964
21391,6,0.99999964
21392,6,0.9999989
21393,7,0.99996436
21394,4,1.0
21395,0,0.99999964
21396,2,1.0
21397,3,1.0
21398,3,0.99999964
21399,1,0.9999995
21400,7,0.9999603
21401,6,1.0
21402,0,1.0
21403,7,1.0
21404,8,0.9999999
21405,7,1.0
21406,8,0.99699473
21407,2,1.0
21408,3,1.0
21409,2,0.9999937
21410,6,1.0
21411,7,1.0
21412,2,0.9999776
21413,9,1.0
21414,8,0.99925834
21415,7,0.9999999
21416,6,1.0
21417,1,0.99999845
21418,6,1.0
21419,0,1.0
21420,3,0.99999356
21421,6,0.99830604
21422,4,0.99988866
21423,4,1.0
21424,9,0.999998
21425,4,0.9999291
21426,7,0.9999913
21427,1,1.0
21428,5,0.99999976
21429,9,0.9939832
21430,9,0.9989141
21431,2,0.9999691
21432,6,1.0
21433,9,1.0
21434,1,1.0
21435,1,1.0
21436,9,0.9999082
21437,9,0.99998224
21438,4,0.99953127
21439,2,0.99907076
21440,7,0.99714917
21441,9,1.0
21442,2,1.0
21443,7,1.0
21444,2,0.9999975
21445,7,0.99999285
21446,8,1.0
21447,8,1.0
21448,6,1.0
21449,3,1.0
21450,6,0.9999999
21451,7,0.99999094
21452,6,1.0
21453,2,0.9997379
21454,1,0.99999833
21455,9,0.9999969
21456,8,0.9999999
21457,1,0.66910756
21458,2,1.0
21459,0,0.99999547
21460,8,0.9575621
21461,5,0.99967015
21462,9,0.99999964
21463,5,0.9932642
21464,9,0.9999994
21465,5,1.0
21466,1,1.0
21467,5,0.9999931
21468,1,1.0
21469,7,1.0
21470,3,1.0
21471,8,1.0
21472,4,1.0
21473,8,0.99996364
21474,5,0.9993375
21475,2,0.99991584
21476,9,0.9999999
21477,7,1.0
21478,7,0.9999883
21479,3,0.9984408
21480,1,0.9999995
21481,1,1.0
21482,8,0.99999976
21483,9,0.99996746
21484,1,1.0
21485,0,0.9905523
21486,3,0.99971825
21487,8,0.9999994
21488,4,0.99999976
21489,0,1.0
21490,0,1.0
21491,7,1.0
21492,4,1.0
21493,5,0.9999478
21494,3,1.0
21495,7,0.9999374
21496,9,0.9998679
21497,2,0.9999999
21498,1,0.99999976
21499,2,1.0
21500,2,0.90731794
21501,3,1.0
21502,4,0.99999976
21503,4,1.0
21504,7,1.0
21505,1,1.0
21506,7,0.9999994
21507,3,1.0
21508,3,1.0
21509,7,1.0
21510,7,0.999982
21511,2,0.9999989
21512,9,0.9999206
21513,2,1.0
21514,4,1.0
21515,2,0.99999964
21516,0,0.9999989
21517,9,0.99956864
21518,6,0.93053174
21519,8,1.0
21520,2,0.9999999
21521,1,1.0
21522,3,1.0
21523,9,0.99999833
21524,5,1.0
21525,2,1.0
21526,0,1.0
21527,2,0.99999976
21528,4,0.9995233
21529,0,0.9999988
21530,9,0.99988747
21531,6,1.0
21532,5,1.0
21533,9,1.0
21534,1,1.0
21535,1,1.0
21536,9,0.91321045
21537,5,1.0
21538,0,1.0
21539,4,0.9999999
21540,5,0.9968714
21541,9,0.9999988
21542,5,0.99986494
21543,2,0.9999999
21544,0,0.9999999
21545,8,0.9828074
21546,6,0.9999608
21547,8,0.993594
21548,9,0.9999999
21549,8,1.0
21550,2,0.99999523
21551,9,0.9999958
21552,5,0.9993703
21553,8,0.99998176
21554,0,1.0
21555,6,1.0
21556,0,0.99999726
21557,9,0.99999976
21558,9,1.0
21559,9,1.0
21560,7,0.9999995
21561,3,1.0
21562,4,1.0
21563,7,0.99999857
21564,8,1.0
21565,1,0.9999918
21566,4,0.99999857
21567,6,0.9056706
21568,7,0.9999517
21569,7,0.98601764
21570,0,1.0
21571,3,0.99996376
21572,1,1.0
21573,8,0.99999976
21574,4,0.99999976
21575,3,1.0
21576,2,0.9939195
21577,9,0.999995
21578,6,0.99999344
21579,6,0.93564075
21580,7,0.9999994
21581,6,0.99470204
21582,4,1.0
21583,9,1.0
21584,4,1.0
21585,9,0.9999993
21586,8,0.9999919
21587,1,0.9999976
21588,3,1.0
21589,7,1.0
21590,7,0.99999833
21591,1,1.0
21592,8,0.99999404
21593,6,1.0
21594,9,1.0
21595,0,0.99999774
21596,7,0.99999964
21597,0,0.9999994
21598,3,1.0
21599,4,0.99999976
21600,0,1.0
21601,2,1.0
21602,0,0.99999714
21603,2,1.0
21604,7,0.99992275
21605,2,0.9999999
21606,8,0.9999993
21607,0,1.0
21608,9,1.0
21609,1,1.0
21610,4,0.99999416
21611,2,1.0
21612,0,0.99999213
21613,5,1.0
21614,1,0.99999976
21615,0,0.9999993
21616,6,1.0
21617,3,0.9999939
21618,5,0.9999753
21619,7,0.9999999
21620,9,0.9921502
21621,6,1.0
21622,6,1.0
21623,5,0.9997069
21624,1,1.0
21625,0,0.99999785
21626,3,1.0
21627,6,0.9999875
21628,4,1.0
21629,4,1.0
21630,4,0.99999976
21631,7,1.0
21632,9,0.99998415
21633,5,1.0
21634,3,1.0
21635,7,1.0
21636,7,0.9991448
21637,8,0.99999964
21638,4,0.9999999
21639,0,0.99999917
21640,4,0.999997
21641,9,0.9999095
21642,6,1.0
21643,3,1.0
21644,9,1.0
21645,6,1.0
21646,6,0.99999917
21647,0,0.99999976
21648,9,1.0
21649,9,0.9999995
21650,4,1.0
21651,1,0.99999595
21652,9,0.9999194
21653,2,1.0
21654,8,0.99994636
21655,4,1.0
21656,5,1.0
21657,1,0.9999968
21658,3,0.9999982
21659,8,0.9016092
21660,1,1.0
21661,5,0.9999548
21662,6,0.99995625
21663,2,0.99852365
21664,2,1.0
21665,3,1.0
21666,6,1.0
21667,9,0.9999802
21668,4,0.9999994
21669,1,0.99999905
21670,2,0.99999917
21671,1,0.9999355
21672,6,0.99999166
21673,6,1.0
21674,5,1.0
21675,3,1.0
21676,0,1.0
21677,1,1.0
21678,7,0.99999976
21679,1,0.9999951
21680,4,0.99999833
21681,1,1.0
21682,9,0.9980963
21683,0,1.0
21684,7,0.9972584
21685,7,0.9771438
21686,8,0.99999833
21687,1,1.0
21688,4,1.0
21689,7,1.0
21690,7,0.999998
21691,7,1.0
21692,3,1.0
21693,2,0.9999995
21694,5,0.99966645
21695,7,0.9999999
21696,6,1.0
21697,0,1.0
21698,3,1.0
21699,4,1.0
21700,7,0.9999821
21701,7,0.99999976
21702,9,0.9999975
21703,4,1.0
21704,2,0.99998415
21705,5,0.9709989
21706,0,0.99450386
21707,6,1.0
21708,7,1.0
21709,6,0.9999999
21710,0,1.0
21711,7,1.0
21712,4,0.9998771
21713,9,1.0
21714,0,0.99999833
21715,2,0.99863786
21716,9,0.9999999
21717,3,1.0
21718,2,0.9999776
21719,4,0.9999999
21720,8,0.9999962
21721,2,0.9997832
21722,1,1.0
21723,0,1.0
21724,7,0.9999988
21725,3,1.0
21726,3,0.9999993
21727,2,0.99946886
21728,1,1.0
21729,4,1.0
21730,0,1.0
21731,2,1.0
21732,7,1.0
21733,8,1.0
21734,6,0.9999999
21735,8,0.99990106
21736,1,0.99999857
21737,3,1.0
21738,1,1.0
21739,9,0.9991105
21740,1,1.0
21741,3,1.0
21742,9,0.9999355
21743,2,1.0
21744,6,0.9999999
21745,1,0.98809695
21746,1,0.9999857
21747,1,1.0
21748,7,0.99997187
21749,9,0.9999987
21750,6,1.0
21751,4,1.0
21752,6,1.0
21753,4,1.0
21754,0,0.99999964
21755,4,1.0
21756,6,0.99999976
21757,0,0.9995459
21758,5,0.9999999
21759,2,0.9992642
21760,7,0.9999957
21761,1,1.0
21762,3,1.0
21763,3,0.9784574
21764,3,1.0
21765,2,1.0
21766,4,0.99999523
21767,2,1.0
21768,6,1.0
21769,8,0.9999349
21770,8,1.0
21771,3,0.9999999
21772,4,0.9999988
21773,5,0.99999774
21774,3,1.0
21775,1,0.99999964
21776,6,1.0
21777,4,1.0
21778,5,0.9999994
21779,0,0.9999939
21780,6,1.0
21781,5,1.0
21782,1,0.9999988
21783,7,1.0
21784,3,0.9577433
21785,5,0.9942298
21786,1,0.9999989
21787,1,0.99999976
21788,8,0.9999919
21789,4,0.9910479
21790,8,1.0
21791,1,1.0
21792,9,1.0
21793,6,1.0
21794,9,0.990289
21795,1,1.0
21796,5,0.9972766
21797,2,1.0
21798,4,1.0
21799,3,1.0
21800,8,0.99450386
21801,0,1.0
21802,8,0.99625754
21803,1,1.0
21804,9,0.9999999
21805,6,0.99999285
21806,9,1.0
21807,7,1.0
21808,4,0.9959086
21809,8,0.999767
21810,2,0.9997317
21811,3,1.0
21812,2,0.99997973
21813,5,1.0
21814,5,1.0
21815,9,0.9999989
21816,1,1.0
21817,4,0.9999939
21818,8,1.0
21819,9,0.9999707
21820,4,1.0
21821,7,1.0
21822,9,0.9999995
21823,6,1.0
21824,3,1.0
21825,9,0.9999999
21826,7,0.99999785
21827,8,1.0
21828,2,0.9999999
21829,8,0.9999999
21830,1,0.99999976
21831,7,1.0
21832,1,1.0
21833,0,1.0
21834,4,0.99999905
21835,8,0.9999969
21836,8,1.0
21837,1,1.0
21838,4,1.0
21839,7,0.999987
21840,0,1.0
21841,8,1.0
21842,4,1.0
21843,0,1.0
21844,5,1.0
21845,8,0.999997
21846,6,1.0
21847,0,0.9999684
21848,7,1.0
21849,7,1.0
21850,5,1.0
21851,5,1.0
21852,6,0.99953544
21853,1,0.99999845
21854,4,0.9984628
21855,8,0.9999999
21856,0,0.9999989
21857,0,0.9999988
21858,3,1.0
21859,6,1.0
21860,1,1.0
21861,6,1.0
21862,0,0.9999924
21863,7,1.0
21864,2,1.0
21865,9,0.9999833
21866,1,1.0
21867,6,1.0
21868,9,0.9999639
21869,7,0.9999832
21870,5,0.9999994
21871,4,0.99999976
21872,3,1.0
21873,8,1.0
21874,4,0.99999607
21875,2,0.9999728
21876,2,1.0
21877,8,0.9999995
21878,6,1.0
21879,2,0.9999896
21880,8,0.9999931
21881,8,0.9999982
21882,1,0.9993032
21883,5,0.9999999
21884,4,1.0
21885,9,0.9998141
21886,1,0.9999957
21887,0,1.0
21888,2,1.0
21889,2,0.9999995
21890,0,0.9999974
21891,6,1.0
21892,1,1.0
21893,3,0.9999999
21894,5,0.94378763
21895,9,0.99961275
21896,0,1.0
21897,8,1.0
21898,0,1.0
21899,8,0.99999
21900,7,0.82717144
21901,4,0.99979943
21902,4,1.0
21903,7,1.0
21904,9,0.9999987
21905,1,1.0
21906,7,0.9999249
21907,9,1.0
21908,8,1.0
21909,8,0.999936
21910,7,0.9999927
21911,9,0.9999999
21912,8,0.99999964
21913,1,1.0
21914,2,0.9995018
21915,7,0.9999099
21916,4,1.0
21917,5,0.99961
21918,3,0.9999982
21919,0,0.9999999
21920,5,1.0
21921,7,1.0
21922,4,0.9999883
21923,3,1.0
21924,1,1.0
21925,3,1.0
21926,0,0.99999976
21927,9,0.99995315
21928,8,1.0
21929,9,0.99999666
21930,6,1.0
21931,4,0.95266837
21932,1,1.0
21933,0,0.9961189
21934,6,1.0
21935,0,0.9978854
21936,1,1.0
21937,1,0.9999999
21938,0,0.9999995
21939,3,1.0
21940,4,1.0
21941,2,0.999995
21942,2,1.0
21943,1,1.0
21944,9,1.0
21945,1,0.99999964
21946,1,0.99994445
21947,6,1.0
21948,4,1.0
21949,2,0.9999989
21950,1,1.0
21951,0,0.99999964
21952,7,0.99959654
21953,8,0.9998216
21954,1,1.0
21955,1,0.99999964
21956,4,0.99999964
21957,8,0.9999999
21958,4,0.99995434
21959,3,1.0
21960,7,1.0
21961,8,0.9963064
21962,7,0.9987613
21963,9,0.99993587
21964,9,0.99999964
21965,0,1.0
21966,1,1.0
21967,9,1.0
21968,1,0.9999999
21969,6,0.98984236
21970,0,0.78105855
21971,1,0.99999464
21972,4,0.9999994
21973,7,1.0
21974,8,0.91184676
21975,0,0.9999999
21976,2,0.9997061
21977,9,0.9999949
21978,3,1.0
21979,8,0.9999995
21980,1,1.0
21981,1,1.0
21982,2,1.0
21983,6,0.99999464
21984,7,0.9999999
21985,7,0.99999976
21986,0,0.9998418
21987,4,1.0
21988,5,0.9999999
21989,2,0.9999981
21990,1,0.99999964
21991,3,1.0
21992,1,1.0
21993,2,1.0
21994,1,1.0
21995,3,0.9999999
21996,9,0.999984
21997,0,1.0
21998,8,0.98858285
21999,1,0.9999995
22000,4,0.99999917
22001,0,0.9999999
22002,8,1.0
22003,6,1.0
22004,0,0.9999825
22005,8,1.0
22006,2,1.0
22007,0,0.9999993
22008,0,0.9991036
22009,5,0.99996686
22010,7,0.83688486
22011,4,1.0
22012,6,0.9999993
22013,1,0.99999976
22014,1,1.0
22015,4,1.0
22016,3,0.6844721
22017,5,0.9985592
22018,9,0.99998295
22019,8,1.0
22020,7,1.0
22021,6,0.99999964
22022,8,0.99973327
22023,5,0.9999999
22024,2,1.0
22025,0,0.99998426
22026,3,0.99993837
22027,8,1.0
22028,8,1.0
22029,2,1.0
22030,0,0.999998
22031,2,1.0
22032,4,1.0
22033,7,0.99944
22034,2,0.9999999
22035,4,0.9998429
22036,2,0.99999976
22037,7,1.0
22038,8,0.9999778
22039,3,1.0
22040,7,1.0
22041,2,0.9971149
22042,8,1.0
22043,0,0.9994665
22044,5,1.0
22045,8,1.0
22046,7,1.0
22047,9,0.9999987
22048,7,1.0
22049,0,1.0
22050,9,0.9998665
22051,4,0.9999999
22052,2,1.0
22053,0,0.9999969
22054,7,0.99999964
22055,6,1.0
22056,3,1.0
22057,5,0.99946374
22058,1,0.99999976
22059,7,0.99944526
22060,7,1.0
22061,8,0.9999988
22062,2,1.0
22063,4,1.0
22064,6,0.9999993
22065,2,1.0
22066,3,0.999052
22067,9,0.99970835
22068,3,1.0
22069,2,0.99999917
22070,9,0.993343
22071,1,1.0
22072,5,1.0
22073,9,0.99999046
22074,8,0.999811
22075,5,0.9999106
22076,9,0.99999964
22077,7,1.0
22078,6,1.0
22079,1,1.0
22080,7,1.0
22081,6,1.0
22082,3,1.0
22083,0,0.99999905
22084,4,1.0
22085,3,1.0
22086,8,0.9999962
22087,4,1.0
22088,7,1.0
22089,3,1.0
22090,6,0.9999633
22091,1,0.9999999
22092,3,0.8692947
22093,0,1.0
22094,5,0.99999976
22095,1,1.0
22096,6,0.99999964
22097,3,0.9999999
22098,9,0.99999976
22099,0,0.9999989
22100,1,1.0
22101,2,0.9999999
22102,0,1.0
22103,6,1.0
22104,7,0.9990031
22105,2,1.0
22106,0,0.99999404
22107,1,0.9999988
22108,2,0.9998809
22109,2,1.0
22110,2,0.9997018
22111,7,0.9999609
22112,6,1.0
22113,4,0.99999917
22114,0,1.0
22115,3,0.99903774
22116,7,1.0
22117,4,1.0
22118,2,0.99987483
22119,1,1.0
22120,1,1.0
22121,2,0.99819046
22122,9,1.0
22123,0,0.9999999
22124,0,0.99999976
22125,7,0.99999964
22126,3,1.0
22127,3,1.0
22128,2,1.0
22129,1,0.9999993
22130,7,0.99999976
22131,9,1.0
22132,0,0.99999976
22133,5,0.9999418
22134,1,1.0
22135,2,0.9999999
22136,6,1.0
22137,7,0.99999976
22138,4,0.9999517
22139,2,1.0
22140,2,0.99999964
22141,6,1.0
22142,1,1.0
22143,1,0.9999964
22144,4,1.0
22145,4,0.9999974
22146,1,1.0
22147,4,1.0
22148,3,0.9999405
22149,4,0.9999999
22150,8,0.999998
22151,1,0.9999975
22152,7,1.0
22153,5,0.9980732
22154,7,0.9999969
22155,0,1.0
22156,8,0.9998399
22157,6,1.0
22158,1,0.99998546
22159,3,1.0
22160,0,1.0
22161,7,1.0
22162,3,1.0
22163,7,0.9999925
22164,1,1.0
22165,1,0.9999914
22166,7,1.0
22167,6,1.0
22168,9,0.99888295
22169,4,1.0
22170,3,0.99840087
22171,6,1.0
22172,0,1.0
22173,6,1.0
22174,2,0.9999989
22175,9,1.0
22176,2,1.0
22177,6,1.0
22178,1,1.0
22179,9,0.9999981
22180,1,0.9999188
22181,7,0.9999995
22182,0,1.0
22183,7,1.0
22184,3,1.0
22185,5,1.0
22186,3,1.0
22187,0,1.0
22188,7,0.9999999
22189,9,0.9997123
22190,8,1.0
22191,2,0.9996376
22192,6,1.0
22193,3,1.0
22194,9,1.0
22195,1,0.9889993
22196,4,1.0
22197,1,1.0
22198,2,1.0
22199,6,1.0
22200,6,0.9999995
22201,4,1.0
22202,1,0.9999999
22203,7,1.0
22204,1,1.0
22205,4,1.0
22206,8,1.0
22207,0,0.999984
22208,9,0.9999995
22209,8,1.0
22210,9,0.9999975
22211,7,1.0
22212,4,1.0
22213,1,1.0
22214,5,1.0
22215,0,0.99994195
22216,2,0.99999726
22217,1,1.0
22218,8,1.0
22219,7,0.9999994
22220,3,0.9683203
22221,2,1.0
22222,6,1.0
22223,4,1.0
22224,8,0.9999999
22225,3,1.0
22226,1,0.9999918
22227,6,1.0
22228,9,0.9999989
22229,8,0.9999999
22230,2,1.0
22231,7,0.99992037
22232,0,1.0
22233,1,0.9999999
22234,9,0.9999913
22235,3,0.99991107
22236,7,1.0
22237,7,0.99998355
22238,7,1.0
22239,7,0.9997081
22240,9,0.9998708
22241,5,0.9999201
22242,2,1.0
22243,3,1.0
22244,6,0.9999684
22245,6,1.0
22246,0,1.0
22247,2,0.9999958
22248,9,0.98734283
22249,3,1.0
22250,7,1.0
22251,2,0.89921916
22252,1,0.99999976
22253,3,1.0
22254,2,0.6067137
22255,6,1.0
22256,7,1.0
22257,2,0.9999995
22258,0,1.0
22259,1,0.99999976
22260,8,1.0
22261,2,1.0
22262,9,0.98650277
22263,1,0.9999913
22264,9,1.0
22265,3,0.99999034
22266,6,0.99999845
22267,8,0.9999999
22268,8,0.99999917
22269,1,1.0
22270,1,1.0
22271,3,1.0
22272,1,0.9999511
22273,7,0.9999989
22274,9,0.99876726
22275,4,0.9999995
22276,1,1.0
22277,8,0.99999964
22278,1,0.99999845
22279,6,1.0
22280,6,1.0
22281,4,0.9985827
22282,1,1.0
22283,2,0.99473
22284,6,0.9999993
22285,9,0.9999933
22286,3,1.0
22287,3,1.0
22288,1,1.0
22289,0,0.9999987
22290,5,0.99983203
22291,2,1.0
22292,8,0.9999982
22293,3,0.9999993
22294,5,1.0
22295,2,0.9999552
22296,4,1.0
22297,8,1.0
22298,6,1.0
22299,1,1.0
22300,1,0.9999931
22301,5,0.9999989
22302,5,0.999998
22303,8,0.99998
22304,7,0.99999964
22305,4,0.99531156
22306,7,0.9999943
22307,2,1.0
22308,0,0.9991973
22309,9,1.0
22310,7,0.9999988
22311,8,0.9999994
22312,1,0.99999964
22313,7,0.9999999
22314,9,1.0
22315,2,1.0
22316,1,1.0
22317,2,1.0
22318,1,0.99998486
22319,6,1.0
22320,4,0.9999982
22321,3,0.9999422
22322,1,1.0
22323,6,1.0
22324,9,0.99999976
22325,2,1.0
22326,2,0.9999461
22327,0,0.99999976
22328,1,1.0
22329,1,0.99999976
22330,0,0.9999764
22331,4,0.9999999
22332,6,1.0
22333,4,1.0
22334,8,1.0
22335,0,1.0
22336,9,0.9999763
22337,1,0.9999999
22338,4,0.99999976
22339,0,0.9999857
22340,2,1.0
22341,8,0.9916358
22342,5,0.9997608
22343,7,0.9999982
22344,2,0.99998987
22345,7,1.0
22346,3,1.0
22347,1,0.99999917
22348,8,1.0
22349,5,1.0
22350,2,1.0
22351,4,0.99999917
22352,8,0.9999993
22353,0,0.99999857
22354,4,0.9999945
22355,1,1.0
22356,6,0.99999297
22357,4,0.99998033
22358,8,0.9999994
22359,2,0.9999999
22360,6,1.0
22361,2,1.0
22362,4,1.0
22363,7,0.9999994
22364,9,0.9999931
22365,4,1.0
22366,7,1.0
22367,6,1.0
22368,8,0.9999144
22369,0,0.9999994
22370,2,1.0
22371,4,1.0
22372,8,1.0
22373,3,1.0
22374,1,0.9999995
22375,0,0.9999969
22376,8,0.9996717
22377,7,0.9991308
22378,5,0.9914193
22379,4,1.0
22380,0,1.0
22381,3,1.0
22382,8,0.9999912
22383,3,1.0
22384,4,0.99999833
22385,4,1.0
22386,6,0.9999982
22387,8,0.99982685
22388,6,1.0
22389,4,1.0
22390,0,1.0
22391,2,1.0
22392,6,1.0
22393,9,0.9999975
22394,8,0.99999595
22395,0,0.99999857
22396,3,1.0
22397,4,1.0
22398,3,1.0
22399,0,1.0
22400,8,0.99988806
22401,9,1.0
22402,1,0.9999589
22403,7,0.99995136
22404,1,0.99999964
22405,3,0.99999976
22406,0,0.99999714
22407,8,0.9999999
22408,4,1.0
22409,7,1.0
22410,0,1.0
22411,2,0.9999944
22412,6,0.9999999
22413,1,1.0
22414,3,1.0
22415,6,0.99999356
22416,0,1.0
22417,4,0.9999999
22418,6,1.0
22419,6,1.0
22420,7,0.99997747
22421,6,1.0
22422,2,0.3872893
22423,0,0.9999999
22424,9,0.99851936
22425,9,1.0
22426,0,0.99999654
22427,2,1.0
22428,8,1.0
22429,9,0.99998987
22430,3,1.0
22431,6,0.9999999
22432,1,1.0
22433,6,0.99999964
22434,2,1.0
22435,3,1.0
22436,7,1.0
22437,5,0.999995
22438,8,1.0
22439,8,1.0
22440,3,1.0
22441,3,1.0
22442,0,0.9996786
22443,9,0.9999994
22444,6,1.0
22445,2,1.0
22446,7,1.0
22447,0,1.0
22448,9,0.99999845
22449,9,1.0
22450,1,0.9999809
22451,2,0.99990284
22452,6,1.0
22453,6,0.9999995
22454,1,1.0
22455,4,0.9999999
22456,8,0.9998585
22457,8,1.0
22458,9,0.99999976
22459,8,0.99999833
22460,9,1.0
22461,7,1.0
22462,1,1.0
22463,6,0.9984627
22464,2,1.0
22465,7,0.9969398
22466,4,0.7373769
22467,8,0.9999291
22468,8,0.99987257
22469,0,1.0
22470,1,1.0
22471,0,1.0
22472,0,0.9999863
22473,2,0.99998915
22474,4,0.9999995
22475,4,1.0
22476,9,0.9999982
22477,1,0.9999988
22478,0,1.0
22479,1,0.99999976
22480,6,1.0
22481,2,1.0
22482,5,0.9999776
22483,6,1.0
22484,8,0.99990225
22485,7,1.0
22486,6,1.0
22487,8,1.0
22488,0,0.9999999
22489,4,1.0
22490,7,1.0
22491,6,0.9999962
22492,7,0.9999956
22493,1,1.0
22494,5,0.9999999
22495,4,0.9999721
22496,7,1.0
22497,2,1.0
22498,7,0.9999999
22499,7,1.0
22500,4,0.75906414
22501,2,1.0
22502,3,1.0
22503,4,0.99999654
22504,4,0.999959
22505,8,0.99999774
22506,0,0.9999945
22507,6,0.99997723
22508,6,0.9999819
22509,9,0.9998159
22510,4,1.0
22511,5,0.5225874
22512,2,0.9999999
22513,4,1.0
22514,6,0.89123577
22515,8,1.0
22516,1,0.9999999
22517,6,1.0
22518,9,0.9999951
22519,6,1.0
22520,5,0.99832064
22521,6,0.99999976
22522,2,0.99999976
22523,7,1.0
22524,6,0.9876275
22525,9,0.99999976
22526,6,1.0
22527,7,1.0
22528,1,0.9992843
22529,6,0.9999995
22530,8,0.998852
22531,3,0.99255776
22532,7,0.9999907
22533,7,0.99999845
22534,8,0.9999944
22535,4,0.9999957
22536,4,0.99996173
22537,6,1.0
22538,1,0.9999999
22539,6,1.0
22540,0,0.99999964
22541,1,1.0
22542,8,1.0
22543,3,1.0
22544,1,1.0
22545,1,0.9999999
22546,7,0.99998915
22547,9,0.9999856
22548,3,0.999997
22549,6,0.9999956
22550,8,1.0
22551,5,1.0
22552,2,1.0
22553,9,0.9999999
22554,1,1.0
22555,4,1.0
22556,6,0.5333133
22557,4,1.0
22558,5,1.0
22559,9,1.0
22560,6,0.9999999
22561,6,0.99999774
22562,5,0.9968497
22563,1,1.0
22564,3,1.0
22565,0,0.9761421
22566,1,0.99999857
22567,4,0.9998493
22568,2,0.9984459
22569,1,0.9999987
22570,5,0.9999981
22571,5,1.0
22572,0,1.0
22573,7,0.99997103
22574,3,1.0
22575,9,1.0
22576,2,0.99999976
22577,8,1.0
22578,8,0.99999845
22579,4,0.9998858
22580,8,0.99999976
22581,6,1.0
22582,7,1.0
22583,4,1.0
22584,6,0.99999964
22585,0,0.99998975
22586,7,1.0
22587,2,0.99999964
22588,8,0.9964413
22589,4,1.0
22590,3,1.0
22591,8,0.9999999
22592,1,0.9999976
22593,3,1.0
22594,9,0.9999999
22595,1,0.9999999
22596,0,1.0
22597,9,0.99996734
22598,5,1.0
22599,8,1.0
22600,0,0.9999993
22601,7,0.99999547
22602,1,1.0
22603,4,1.0
22604,7,1.0
22605,8,0.9988782
22606,7,1.0
22607,8,1.0
22608,3,1.0
22609,5,0.99999976
22610,0,1.0
22611,4,1.0
22612,4,1.0
22613,5,1.0
22614,3,0.9999794
22615,4,1.0
22616,9,0.99996996
22617,7,0.9999999
22618,1,1.0
22619,3,1.0
22620,5,0.9999697
22621,2,1.0
22622,5,0.9999999
22623,7,0.9993144
22624,0,0.99999475
22625,1,0.9999968
22626,2,0.99999964
22627,7,1.0
22628,9,0.9999993
22629,5,1.0
22630,8,1.0
22631,1,0.99999964
22632,1,0.9999999
22633,7,0.48518533
22634,0,0.9999982
22635,1,1.0
22636,6,1.0
22637,5,0.9999943
22638,1,1.0
22639,7,0.99999905
22640,5,0.9999964
22641,1,1.0
22642,5,1.0
22643,7,0.9999945
22644,5,0.9994875
22645,0,0.99996126
22646,9,1.0
22647,5,1.0
22648,7,1.0
22649,4,1.0
22650,2,0.9999794
22651,7,0.9999999
22652,3,1.0
22653,1,0.9999993
22654,8,0.99978846
22655,6,0.9999815
22656,3,1.0
22657,6,1.0
22658,5,0.9918045
22659,1,1.0
22660,6,0.9998485
22661,9,0.9999517
22662,7,1.0
22663,6,1.0
22664,2,0.9999739
22665,3,1.0
22666,1,1.0
22667,7,1.0
22668,9,0.99999857
22669,9,0.9999479
22670,5,0.99999833
22671,2,1.0
22672,2,1.0
22673,4,1.0
22674,0,1.0
22675,7,1.0
22676,6,1.0
22677,6,0.99999976
22678,1,0.99999905
22679,1,0.9999999
22680,1,1.0
22681,8,1.0
22682,7,0.99999917
22683,1,1.0
22684,7,1.0
22685,2,0.9999999
22686,7,1.0
22687,9,0.99999976
22688,2,1.0
22689,2,0.9999999
22690,4,1.0
22691,0,1.0
22692,0,1.0
22693,1,1.0
22694,2,1.0
22695,4,1.0
22696,9,0.9999975
22697,2,0.9999994
22698,7,0.99999905
22699,4,0.999998
22700,2,1.0
22701,9,0.99999964
22702,8,1.0
22703,2,1.0
22704,4,0.9999981
22705,3,1.0
22706,4,0.9995161
22707,8,0.9999647
22708,8,1.0
22709,3,1.0
22710,4,0.99999595
22711,3,1.0
22712,3,0.99999607
22713,7,1.0
22714,6,1.0
22715,8,0.99995863
22716,5,0.9999
22717,2,1.0
22718,9,0.9999999
22719,9,0.9999832
22720,1,0.9999999
22721,1,1.0
22722,3,0.99998856
22723,3,0.999998
22724,0,0.9991762
22725,6,0.9999845
22726,9,0.8776716
22727,3,0.99998987
22728,8,0.9999994
22729,5,0.99996674
22730,0,1.0
22731,3,1.0
22732,9,0.9999962
22733,1,1.0
22734,1,0.9999976
22735,6,1.0
22736,4,1.0
22737,2,0.99999976
22738,9,0.99952877
22739,2,0.9999951
22740,3,1.0
22741,6,1.0
22742,4,1.0
22743,1,0.99999833
22744,9,0.99924505
22745,0,0.9999974
22746,3,1.0
22747,8,0.9995548
22748,5,0.99990606
22749,1,1.0
22750,5,1.0
22751,4,0.9999485
22752,3,1.0
22753,8,0.99999976
22754,1,1.0
22755,5,0.99999976
22756,0,0.9999721
22757,8,0.9999987
22758,3,1.0
22759,2,0.9999927
22760,9,1.0
22761,0,0.9999851
22762,9,1.0
22763,0,0.99990916
22764,9,0.9964914
22765,0,0.99999595
22766,0,1.0
22767,5,0.92793924
22768,4,0.9999999
22769,3,1.0
22770,1,0.99999905
22771,7,1.0
22772,7,0.9999963
22773,4,1.0
22774,0,0.99999785
22775,2,1.0
22776,6,0.99999976
22777,2,0.9999999
22778,4,1.0
22779,0,1.0
22780,1,0.99999976
22781,3,0.99988604
22782,0,0.9999957
22783,7,1.0
22784,8,1.0
22785,9,1.0
22786,9,0.9998068
22787,7,1.0
22788,1,1.0
22789,5,0.99999857
22790,2,1.0
22791,4,1.0
22792,8,1.0
22793,7,1.0
22794,1,1.0
22795,1,0.9999999
22796,6,0.9977494
22797,2,1.0
22798,3,1.0
22799,2,1.0
22800,8,0.999907
22801,8,1.0
22802,9,1.0
22803,5,0.9999999
22804,9,0.9999995
22805,4,1.0
22806,4,0.9999995
22807,6,0.9999678
22808,2,0.9999925
22809,9,0.9999999
22810,7,0.9727597
22811,9,0.99990773
22812,5,1.0
22813,0,0.99999964
22814,6,1.0
22815,3,1.0
22816,0,0.99997365
22817,1,1.0
22818,5,1.0
22819,4,0.99999976
22820,8,0.9999918
22821,9,0.9999999
22822,9,1.0
22823,9,0.99999976
22824,4,0.99955267
22825,5,1.0
22826,3,1.0
22827,7,1.0
22828,3,1.0
22829,9,0.99996924
22830,7,1.0
22831,5,0.9999434
22832,0,0.99999964
22833,4,0.9994722
22834,4,1.0
22835,2,0.9999769
22836,9,0.99998665
22837,0,0.99976224
22838,8,1.0
22839,8,0.48928875
22840,3,0.82219315
22841,2,1.0
22842,2,1.0
22843,1,1.0
22844,7,0.99995685
22845,6,1.0
22846,3,0.9990502
22847,6,1.0
22848,9,0.99999976
22849,7,1.0
22850,2,0.99897766
22851,3,1.0
22852,4,1.0
22853,6,0.9999999
22854,6,1.0
22855,4,1.0
22856,5,0.9973335
22857,8,1.0
22858,1,1.0
22859,4,0.99999857
22860,4,1.0
22861,1,0.9999995
22862,3,0.99999714
22863,0,1.0
22864,6,1.0
22865,7,1.0
22866,6,1.0
22867,1,1.0
22868,1,1.0
22869,2,1.0
22870,6,1.0
22871,9,0.9999565
22872,8,0.9999944
22873,6,0.9999993
22874,9,0.9734622
22875,1,0.9999982
22876,0,1.0
22877,7,0.99999964
22878,5,1.0
22879,1,1.0
22880,9,0.9999995
22881,3,0.9999981
22882,1,1.0
22883,3,0.97891873
22884,8,0.52028245
22885,0,1.0
22886,8,1.0
22887,7,0.9999999
22888,2,1.0
22889,6,0.9999968
22890,2,1.0
22891,7,0.99999976
22892,8,1.0
22893,0,0.9999957
22894,1,1.0
22895,2,1.0
22896,4,1.0
22897,8,0.9999926
22898,2,0.9999981
22899,7,0.9999994
22900,0,0.9995105
22901,0,0.99999976
22902,3,0.9999968
22903,4,0.9989919
22904,7,0.99620664
22905,2,1.0
22906,9,0.9995372
22907,3,1.0
22908,8,0.9999999
22909,5,0.98739827
22910,1,0.9982268
22911,7,0.9999974
22912,9,1.0
22913,3,1.0
22914,3,1.0
22915,2,1.0
22916,5,0.9999994
22917,0,0.9995228
22918,1,0.99999726
22919,3,0.9999993
22920,5,0.9996762
22921,2,1.0
22922,8,0.99980074
22923,9,0.9999708
22924,4,0.87902534
22925,9,1.0
22926,2,1.0
22927,4,0.99999845
22928,1,0.99999857
22929,4,0.99999976
22930,1,1.0
22931,4,0.99995136
22932,6,1.0
22933,0,1.0
22934,8,0.9599242
22935,4,1.0
22936,9,0.9998604
22937,1,1.0
22938,6,1.0
22939,4,0.99998415
22940,9,1.0
22941,0,0.9999981
22942,1,1.0
22943,4,0.9999994
22944,7,0.99999976
22945,9,0.9999931
22946,3,1.0
22947,9,0.9999881
22948,9,0.99998033
22949,4,1.0
22950,4,0.99999976
22951,5,0.9999988
22952,6,1.0
22953,0,0.9999999
22954,0,0.9999664
22955,7,0.99999404
22956,7,0.9999987
22957,0,0.99999774
22958,6,0.9999969
22959,8,0.9999933
22960,1,0.9999989
22961,8,0.99937975
22962,8,0.99991965
22963,1,0.9998956
22964,4,1.0
22965,7,0.9999949
22966,4,0.9998747
22967,2,1.0
22968,9,0.9999218
22969,1,0.99999976
22970,5,0.99999964
22971,4,1.0
22972,7,0.9886748
22973,6,1.0
22974,7,0.99911124
22975,4,0.9999995
22976,2,1.0
22977,3,1.0
22978,9,0.9999999
22979,7,0.99999845
22980,1,1.0
22981,0,0.752359
22982,5,0.9999987
22983,5,1.0
22984,1,1.0
22985,3,0.9999999
22986,7,0.9999999
22987,4,1.0
22988,1,0.9999981
22989,5,0.999653
22990,8,0.9999906
22991,5,0.99999857
22992,6,0.9999999
22993,5,0.99995327
22994,0,0.99999857
22995,0,1.0
22996,8,0.9951225
22997,3,0.9993461
22998,9,0.99990726
22999,0,0.9999993
23000,5,1.0
23001,4,0.9999863
23002,6,0.99996805
23003,7,0.99999976
23004,4,1.0
23005,6,1.0
23006,9,0.99999833
23007,6,0.99895537
23008,4,0.99688345
23009,7,0.99997973
23010,8,1.0
23011,8,0.99999416
23012,0,1.0
23013,5,0.99886835
23014,2,1.0
23015,4,0.99999964
23016,6,1.0
23017,0,1.0
23018,6,0.9980399
23019,6,0.99999976
23020,5,0.99999714
23021,0,1.0
23022,5,1.0
23023,1,0.9999994
23024,5,0.9999989
23025,7,0.99999976
23026,7,1.0
23027,3,1.0
23028,7,1.0
23029,0,0.99999344
23030,3,1.0
23031,0,0.9999994
23032,3,0.9982407
23033,5,0.9999999
23034,3,0.99997413
23035,8,0.9999999
23036,7,0.9991393
23037,6,1.0
23038,0,1.0
23039,9,0.99999344
23040,3,0.99999774
23041,5,0.9999999
23042,0,0.999966
23043,2,0.9999999
23044,7,1.0
23045,6,1.0
23046,6,0.9999913
23047,4,1.0
23048,7,1.0
23049,8,0.9999788
23050,7,1.0
23051,1,0.99999976
23052,1,1.0
23053,2,0.9999993
23054,9,0.99999964
23055,6,1.0
23056,1,0.999998
23057,0,1.0
23058,2,0.9999999
23059,2,1.0
23060,8,1.0
23061,1,0.99999964
23062,3,1.0
23063,5,0.99999905
23064,2,1.0
23065,5,0.999527
23066,9,1.0
23067,8,0.99999976
23068,8,0.9999975
23069,6,1.0
23070,6,1.0
23071,5,0.99986494
23072,0,1.0
23073,1,0.999967
23074,6,0.99997425
23075,9,0.9999988
23076,5,1.0
23077,2,0.9999995
23078,7,1.0
23079,2,1.0
23080,3,0.9999993
23081,4,1.0
23082,1,1.0
23083,8,0.9721119
23084,9,0.9999783
23085,4,1.0
23086,0,0.9999999
23087,7,0.99993277
23088,2,0.9996897
23089,1,1.0
23090,0,1.0
23091,9,0.9852946
23092,5,0.9881705
23093,6,1.0
23094,8,1.0
23095,0,1.0
23096,3,1.0
23097,5,0.9999999
23098,7,0.9999999
23099,5,0.9999989
23100,5,1.0
23101,8,1.0
23102,7,1.0
23103,2,0.9997385
23104,3,1.0
23105,6,0.9999999
23106,1,1.0
23107,1,1.0
23108,9,0.9999999
23109,5,1.0
23110,3,0.99996376
23111,1,0.9999976
23112,3,1.0
23113,3,1.0
23114,6,0.9998702
23115,8,1.0
23116,3,1.0
23117,5,1.0
23118,0,1.0
23119,7,0.9999653
23120,1,0.99999976
23121,5,1.0
23122,8,1.0
23123,5,1.0
23124,6,0.979393
23125,6,0.999967
23126,1,1.0
23127,3,1.0
23128,2,1.0
23129,8,0.9957853
23130,1,0.9999896
23131,1,1.0
23132,9,0.99999833
23133,8,0.9999987
23134,5,1.0
23135,9,1.0
23136,5,0.99999905
23137,5,1.0
23138,1,1.0
23139,7,0.98528033
23140,1,1.0
23141,1,0.9999989
23142,6,0.9999993
23143,5,1.0
23144,7,1.0
23145,2,1.0
23146,3,1.0
23147,3,0.9999876
23148,5,0.9999268
23149,7,0.99991953
23150,3,1.0
23151,9,0.99999964
23152,2,1.0
23153,3,0.9999999
23154,5,1.0
23155,1,0.99998856
23156,6,1.0
23157,8,0.7782403
23158,7,0.9999999
23159,7,1.0
23160,0,0.99999964
23161,3,1.0
23162,6,0.99999595
23163,7,1.0
23164,1,1.0
23165,9,0.9999999
23166,6,1.0
23167,3,1.0
23168,7,1.0
23169,0,0.9999995
23170,6,0.9999999
23171,9,1.0
23172,4,0.995551
23173,2,1.0
23174,1,0.9999999
23175,1,0.999987
23176,2,1.0
23177,9,0.9999937
23178,8,0.9999995
23179,3,1.0
23180,2,1.0
23181,0,1.0
23182,2,1.0
23183,3,0.9999988
23184,7,1.0
23185,6,0.99998975
23186,9,1.0
23187,6,1.0
23188,6,1.0
23189,6,0.99828905
23190,4,1.0
23191,6,1.0
23192,1,1.0
23193,0,0.9999795
23194,2,1.0
23195,3,1.0
23196,0,0.9998946
23197,4,0.9999696
23198,7,1.0
23199,6,1.0
23200,8,1.0
23201,8,1.0
23202,7,1.0
23203,2,1.0
23204,6,0.99999166
23205,3,1.0
23206,2,0.99975663
23207,2,0.9997818
23208,4,0.9999933
23209,7,0.99999964
23210,0,1.0
23211,0,0.9999963
23212,1,1.0
23213,0,1.0
23214,0,0.9999999
23215,0,0.9999999
23216,3,1.0
23217,8,1.0
23218,1,0.9999988
23219,8,0.9999989
23220,0,1.0
23221,1,1.0
23222,9,0.9999949
23223,3,0.99999964
23224,0,0.9999963
23225,9,0.999941
23226,5,0.9999976
23227,5,0.9999995
23228,5,0.99999547
23229,5,0.9999999
23230,1,1.0
23231,3,1.0
23232,8,0.99999964
23233,7,0.99999976
23234,3,1.0
23235,2,0.99996686
23236,0,1.0
23237,6,1.0
23238,6,1.0
23239,6,1.0
23240,7,1.0
23241,4,1.0
23242,1,1.0
23243,7,1.0
23244,5,0.99979097
23245,2,0.99999666
23246,1,0.9999995
23247,4,0.9999857
23248,7,1.0
23249,2,0.9999999
23250,4,1.0
23251,0,1.0
23252,6,0.9998714
23253,4,1.0
23254,4,1.0
23255,5,1.0
23256,1,1.0
23257,8,0.7918837
23258,8,0.9999999
23259,8,0.99999976
23260,7,1.0
23261,7,0.99999976
23262,7,0.99997497
23263,1,1.0
23264,5,0.9999999
23265,4,1.0
23266,6,1.0
23267,7,1.0
23268,2,0.9999937
23269,7,0.99998736
23270,1,1.0
23271,5,0.9995395
23272,9,0.99836797
23273,9,0.9999993
23274,7,0.9999999
23275,8,0.99999785
23276,2,0.99958736
23277,1,0.9999515
23278,8,0.99980515
23279,6,0.99999964
23280,6,0.9999999
23281,1,0.9999957
23282,4,1.0
23283,1,0.9999975
23284,0,1.0
23285,0,0.9999999
23286,2,0.9990165
23287,1,0.99999976
23288,2,1.0
23289,8,1.0
23290,9,0.9999881
23291,7,0.9005279
23292,2,0.9999964
23293,9,0.9999999
23294,9,0.8030232
23295,7,1.0
23296,0,1.0
23297,8,0.9999999
23298,0,1.0
23299,0,1.0
23300,0,0.9999993
23301,7,0.9999938
23302,3,1.0
23303,5,0.9999987
23304,4,1.0
23305,1,0.99999964
23306,4,0.9999989
23307,0,1.0
23308,2,0.99999976
23309,0,0.99998987
23310,0,0.999995
23311,2,1.0
23312,2,1.0
23313,8,0.99999166
23314,3,1.0
23315,5,0.9999993
23316,6,0.99999964
23317,8,0.9999949
23318,7,0.9999999
23319,2,1.0
23320,4,0.9997003
23321,3,1.0
23322,9,0.9999852
23323,6,1.0
23324,4,0.99997544
23325,9,0.9999999
23326,5,0.99999845
23327,6,1.0
23328,1,0.99997246
23329,2,1.0
23330,3,1.0
23331,1,0.9999968
23332,1,1.0
23333,2,0.99999535
23334,2,1.0
23335,3,0.99955374
23336,2,0.9999957
23337,7,1.0
23338,0,0.9998124
23339,6,0.9999968
23340,9,0.99999976
23341,0,1.0
23342,1,1.0
23343,0,1.0
23344,8,1.0
23345,8,0.9999863
23346,6,0.99992704
23347,4,1.0
23348,2,0.9999801
23349,0,0.99999654
23350,9,0.9999987
23351,9,0.999997
23352,6,1.0
23353,1,1.0
23354,6,0.9997589
23355,7,1.0
23356,9,0.999941
23357,0,0.9999999
23358,1,1.0
23359,3,1.0
23360,1,0.9999989
23361,2,0.99999976
23362,7,0.998211
23363,8,0.99999964
23364,9,0.99964094
23365,2,0.84450513
23366,9,1.0
23367,1,0.9999485
23368,0,1.0
23369,7,0.8806001
23370,6,0.9999999
23371,5,0.9999957
23372,0,0.9999949
23373,5,0.999985
23374,3,0.9999988
23375,5,0.99999976
23376,5,1.0
23377,8,1.0
23378,7,1.0
23379,3,0.9999993
23380,3,1.0
23381,2,1.0
23382,3,1.0
23383,3,0.9719814
23384,6,1.0
23385,6,0.9999999
23386,3,1.0
23387,1,1.0
23388,1,1.0
23389,4,1.0
23390,6,0.9991794
23391,8,0.9999964
23392,5,0.9895342
23393,3,0.9993598
23394,9,0.99999976
23395,5,0.99999213
23396,4,0.9999045
23397,1,1.0
23398,6,1.0
23399,7,1.0
23400,0,1.0
23401,2,1.0
23402,0,0.9999957
23403,8,0.9999999
23404,1,1.0
23405,7,0.9999949
23406,5,0.99999344
23407,2,0.9999995
23408,8,1.0
23409,3,0.9999999
23410,3,1.0
23411,1,1.0
23412,1,0.99545646
23413,3,0.9604445
23414,2,0.9999833
23415,0,1.0
23416,8,0.9999995
23417,1,1.0
23418,6,1.0
23419,8,0.9999821
23420,3,0.9798109
23421,0,0.99961346
23422,3,1.0
23423,0,0.99999964
23424,4,0.99995446
23425,2,0.9999999
23426,4,0.9999653
23427,8,0.99999976
23428,1,0.9996625
23429,3,0.99993336
23430,2,1.0
23431,3,1.0
23432,6,1.0
23433,5,0.9999999
23434,8,1.0
23435,3,0.9992212
23436,7,0.6806775
23437,0,0.99999964
23438,1,0.99999964
23439,9,0.9999981
23440,8,1.0
23441,0,1.0
23442,8,1.0
23443,0,0.9989717
23444,5,1.0
23445,6,1.0
23446,1,1.0
23447,4,0.9999999
23448,8,1.0
23449,7,0.9999999
23450,1,0.9999999
23451,3,0.9999995
23452,4,1.0
23453,0,0.9999995
23454,3,0.9947706
23455,6,0.98399866
23456,3,1.0
23457,0,1.0
23458,3,1.0
23459,8,0.9992694
23460,4,1.0
23461,5,0.999987
23462,8,0.9998369
23463,1,0.9999976
23464,2,0.9999988
23465,0,0.9999939
23466,4,1.0
23467,9,0.9999937
23468,3,0.9991399
23469,3,1.0
23470,3,1.0
23471,7,0.9999999
23472,3,0.9991259
23473,5,0.99999976
23474,3,1.0
23475,1,0.9999999
23476,6,0.9999975
23477,0,1.0
23478,5,0.9999993
23479,9,0.9999999
23480,5,1.0
23481,1,1.0
23482,5,0.9999989
23483,5,1.0
23484,6,1.0
23485,9,0.99993813
23486,7,1.0
23487,0,1.0
23488,1,1.0
23489,1,0.9999361
23490,6,1.0
23491,8,1.0
23492,5,0.962271
23493,9,0.99910945
23494,0,0.9999999
23495,6,1.0
23496,5,1.0
23497,0,1.0
23498,8,1.0
23499,2,0.9999999
23500,1,1.0
23501,3,1.0
23502,0,0.9997688
23503,5,1.0
23504,6,1.0
23505,5,0.99999976
23506,6,1.0
23507,1,1.0
23508,8,1.0
23509,0,0.99999976
23510,0,0.99999917
23511,5,0.99999976
23512,9,1.0
23513,7,0.9999995
23514,9,0.9887812
23515,5,1.0
23516,2,1.0
23517,2,0.9999975
23518,9,1.0
23519,4,1.0
23520,8,1.0
23521,8,0.99999976
23522,3,1.0
23523,4,0.99999964
23524,7,0.99999917
23525,4,1.0
23526,8,0.99999964
23527,5,1.0
23528,3,0.99994934
23529,7,0.99995553
23530,7,0.99999857
23531,1,1.0
23532,6,0.9999999
23533,7,1.0
23534,2,0.99994516
23535,0,1.0
23536,1,1.0
23537,2,0.99996245
23538,2,1.0
23539,3,0.9999994
23540,5,0.99999046
23541,6,0.9999999
23542,1,1.0
23543,7,0.99813086
23544,7,0.9999999
23545,9,1.0
23546,3,0.99998295
23547,4,1.0
23548,2,0.99999917
23549,8,1.0
23550,0,0.99999523
23551,6,1.0
23552,8,1.0
23553,9,0.9999995
23554,8,0.99964154
23555,7,0.9999397
23556,8,1.0
23557,7,1.0
23558,2,0.99865204
23559,7,1.0
23560,1,0.99999356
23561,0,1.0
23562,9,0.99994016
23563,6,1.0
23564,3,1.0
23565,7,0.99974746
23566,5,0.99999976
23567,7,1.0
23568,2,1.0
23569,5,0.99998844
23570,5,1.0
23571,6,1.0
23572,6,0.9936799
23573,4,1.0
23574,8,0.9996364
23575,5,1.0
23576,7,0.99997985
23577,6,1.0
23578,6,0.99999917
23579,2,1.0
23580,6,1.0
23581,4,1.0
23582,1,0.99999905
23583,4,0.9880917
23584,5,0.99981433
23585,6,0.99999905
23586,2,0.99986064
23587,1,1.0
23588,6,1.0
23589,6,1.0
23590,1,1.0
23591,5,0.999665
23592,8,0.999992
23593,0,0.9999969
23594,7,0.7244659
23595,4,0.9987565
23596,6,0.99999976
23597,4,1.0
23598,6,0.9999262
23599,3,1.0
23600,1,1.0
23601,1,1.0
23602,6,0.99989295
23603,6,1.0
23604,9,0.99984217
23605,3,1.0
23606,9,0.99998844
23607,2,0.99998915
23608,6,1.0
23609,5,1.0
23610,9,0.58118594
23611,5,1.0
23612,7,1.0
23613,5,0.99999976
23614,3,1.0
23615,9,0.99999964
23616,6,1.0
23617,6,0.99993503
23618,8,0.9820409
23619,6,0.8834827
23620,5,0.9997931
23621,9,0.99371594
23622,6,1.0
23623,0,0.99998987
23624,6,0.9999993
23625,2,1.0
23626,4,1.0
23627,6,1.0
23628,2,0.9999993
23629,2,0.99999917
23630,3,0.88382953
23631,4,0.999951
23632,6,0.99999857
23633,0,0.99184656
23634,7,0.9997327
23635,5,0.99999905
23636,3,1.0
23637,0,0.9999249
23638,5,0.9999993
23639,1,1.0
23640,3,1.0
23641,1,1.0
23642,8,1.0
23643,8,0.9999974
23644,9,0.9999999
23645,8,0.99999905
23646,4,0.99835914
23647,1,0.9999689
23648,4,0.92473716
23649,2,1.0
23650,3,0.9998685
23651,8,0.9993025
23652,8,0.99999905
23653,7,0.9999889
23654,1,0.9999906
23655,4,1.0
23656,1,0.9999968
23657,0,1.0
23658,0,1.0
23659,5,0.9999994
23660,0,0.9991755
23661,7,0.97913045
23662,9,0.999998
23663,9,1.0
23664,2,0.99999976
23665,1,1.0
23666,6,1.0
23667,4,0.9999269
23668,4,1.0
23669,9,0.99998987
23670,1,1.0
23671,3,0.99999964
23672,8,0.999985
23673,4,1.0
23674,0,1.0
23675,4,1.0
23676,5,0.99720144
23677,0,1.0
23678,4,0.9999995
23679,1,1.0
23680,6,0.99999607
23681,3,0.9999089
23682,4,0.98525256
23683,1,0.9999989
23684,5,0.99999774
23685,9,0.9999893
23686,1,1.0
23687,7,0.99999833
23688,5,1.0
23689,8,0.9999999
23690,2,0.9999229
23691,3,0.9999993
23692,5,0.99999666
23693,9,0.9999988
23694,8,1.0
23695,9,0.99998355
23696,2,1.0
23697,4,1.0
23698,6,1.0
23699,1,0.99998236
23700,9,1.0
23701,9,0.99999905
23702,0,0.9999999
23703,1,0.99999976
23704,4,0.99824333
23705,1,1.0
23706,7,0.9999987
23707,1,0.9999999
23708,5,0.9999999
23709,1,1.0
23710,1,1.0
23711,4,1.0
23712,5,0.9999993
23713,6,0.9968907
23714,7,0.9999827
23715,3,0.9999987
23716,5,0.9999999
23717,2,0.9999999
23718,0,0.99999976
23719,1,0.99999905
23720,7,1.0
23721,1,1.0
23722,6,0.9999449
23723,8,0.9999999
23724,6,1.0
23725,7,0.9999995
23726,7,1.0
23727,3,1.0
23728,8,0.9999945
23729,8,1.0
23730,7,1.0
23731,7,0.99998915
23732,1,1.0
23733,3,1.0
23734,2,0.99999976
23735,0,0.99999976
23736,5,0.9999932
23737,0,0.9999907
23738,4,1.0
23739,2,0.99990726
23740,8,0.9959188
23741,6,0.9999502
23742,4,1.0
23743,7,1.0
23744,8,0.99999833
23745,9,0.996216
23746,4,0.99999964
23747,1,0.9999999
23748,7,0.99999416
23749,1,0.9999827
23750,4,1.0
23751,0,0.99999964
23752,5,0.99996746
23753,3,1.0
23754,6,1.0
23755,6,0.9995976
23756,0,0.9999989
23757,6,1.0
23758,8,0.89802754
23759,1,0.99974006
23760,1,0.999944
23761,9,1.0
23762,8,0.9999871
23763,2,1.0
23764,0,0.9999999
23765,2,0.826568
23766,7,1.0
23767,0,1.0
23768,3,0.7484182
23769,6,1.0
23770,1,1.0
23771,6,1.0
23772,6,0.99999535
23773,1,0.99930716
23774,2,1.0
23775,1,1.0
23776,0,0.99999976
23777,1,1.0
23778,3,1.0
23779,0,1.0
23780,5,0.99999917
23781,8,1.0
23782,2,1.0
23783,7,1.0
23784,6,1.0
23785,2,1.0
23786,1,1.0
23787,4,0.9999999
23788,0,0.9999951
23789,8,0.98068225
23790,1,0.99999976
23791,3,0.99994826
23792,1,1.0
23793,6,0.99999976
23794,1,0.9999995
23795,9,0.99999034
23796,6,0.9999999
23797,2,1.0
23798,8,1.0
23799,0,0.99872357
23800,2,1.0
23801,0,1.0
23802,0,0.99998546
23803,6,0.99999964
23804,3,0.99999857
23805,4,0.99991775
23806,8,0.9279516
23807,4,1.0
23808,0,0.99999976
23809,0,0.9999962
23810,5,0.99972457
23811,4,1.0
23812,0,0.99999964
23813,2,0.99999976
23814,8,0.99999547
23815,4,0.9999927
23816,0,0.99999964
23817,5,0.9999999
23818,6,0.99999976
23819,6,1.0
23820,8,0.9446961
23821,1,0.9910651
23822,2,0.99999964
23823,4,1.0
23824,4,0.99999833
23825,7,1.0
23826,2,1.0
23827,1,1.0
23828,5,0.99999964
23829,2,0.9999999
23830,6,1.0
23831,6,1.0
23832,3,0.9999999
23833,8,0.85919
23834,8,0.9970662
23835,1,1.0
23836,8,0.99951196
23837,1,1.0
23838,5,1.0
23839,5,0.9999999
23840,0,0.9999341
23841,1,0.99999917
23842,9,0.99999964
23843,9,0.99999833
23844,9,0.9999999
23845,5,0.9999999
23846,3,1.0
23847,7,0.9997596
23848,9,0.99996114
23849,9,0.9816071
23850,8,1.0
23851,2,0.9999604
23852,3,1.0
23853,4,1.0
23854,8,0.9998281
23855,5,0.999943
23856,4,0.99386615
23857,0,1.0
23858,7,1.0
23859,2,1.0
23860,1,1.0
23861,4,1.0
23862,4,0.9999951
23863,7,1.0
23864,3,0.9999274
23865,9,1.0
23866,7,0.99999976
23867,4,1.0
23868,5,1.0
23869,5,0.99999964
23870,4,1.0
23871,0,0.9859021
23872,2,1.0
23873,2,0.998684
23874,6,0.9974485
23875,7,0.968597
23876,5,1.0
23877,3,0.99999976
23878,7,0.9999999
23879,6,1.0
23880,1,0.99999964
23881,2,0.9999982
23882,8,1.0
23883,2,1.0
23884,0,0.99999976
23885,8,1.0
23886,9,0.99999905
23887,9,0.99991715
23888,6,0.9998956
23889,5,0.9999937
23890,4,1.0
23891,9,1.0
23892,6,1.0
23893,5,1.0
23894,1,1.0
23895,6,1.0
23896,2,1.0
23897,7,0.99999964
23898,8,0.94173056
23899,7,1.0
23900,6,1.0
23901,4,1.0
23902,1,1.0
23903,6,0.99999416
23904,3,1.0
23905,9,0.9999999
23906,2,0.9987134
23907,6,1.0
23908,1,1.0
23909,8,0.99999964
23910,8,0.99997604
23911,4,0.99995816
23912,0,0.99999917
23913,6,0.9999969
23914,4,0.50522316
23915,5,0.99995303
23916,9,0.9999827
23917,5,1.0
23918,6,0.9999999
23919,3,0.9999999
23920,3,1.0
23921,2,0.9997503
23922,0,1.0
23923,4,1.0
23924,2,1.0
23925,9,0.9999995
23926,4,0.9999945
23927,1,1.0
23928,3,0.9999999
23929,4,1.0
23930,7,1.0
23931,4,1.0
23932,5,0.99994206
23933,9,0.9998548
23934,4,1.0
23935,7,0.99999964
23936,7,0.9999782
23937,8,1.0
23938,6,0.99999964
23939,4,1.0
23940,4,0.994142
23941,0,0.99999905
23942,0,1.0
23943,0,1.0
23944,7,0.9999943
23945,7,0.9999994
23946,0,0.9999995
23947,7,0.9998698
23948,0,1.0
23949,6,1.0
23950,0,0.99999976
23951,0,0.9999999
23952,0,0.99999976
23953,1,1.0
23954,5,0.9994056
23955,4,1.0
23956,6,1.0
23957,8,1.0
23958,5,0.9946866
23959,5,1.0
23960,4,0.99582434
23961,9,0.9999956
23962,1,0.99999833
23963,3,1.0
23964,1,1.0
23965,0,1.0
23966,2,1.0
23967,6,1.0
23968,5,0.9999918
23969,4,0.9999999
23970,2,1.0
23971,1,1.0
23972,9,0.9999974
23973,6,0.9994616
23974,7,0.9999994
23975,7,1.0
23976,8,1.0
23977,3,1.0
23978,8,0.99999976
23979,4,1.0
23980,4,1.0
23981,9,1.0
23982,3,1.0
23983,0,0.99654937
23984,7,0.9999876
23985,1,1.0
23986,1,0.9999999
23987,0,0.9999994
23988,5,0.9999908
23989,6,1.0
23990,8,0.9998578
23991,1,0.99999964
23992,0,0.99694663
23993,3,1.0
23994,3,0.9999306
23995,1,0.9973954
23996,2,0.9627589
23997,9,0.9999753
23998,9,0.9999999
23999,5,0.9999939
24000,1,0.99999726
24001,7,0.9999993
24002,5,0.7621546
24003,7,1.0
24004,7,1.0
24005,2,0.9999505
24006,7,0.99999976
24007,6,1.0
24008,6,1.0
24009,5,1.0
24010,3,1.0
24011,8,1.0
24012,1,1.0
24013,1,0.9999969
24014,1,1.0
24015,3,1.0
24016,9,0.86913276
24017,6,1.0
24018,6,1.0
24019,1,0.99999964
24020,5,1.0
24021,7,0.99997795
24022,4,1.0
24023,6,0.99999976
24024,8,0.99987066
24025,1,1.0
24026,7,1.0
24027,1,0.99999976
24028,5,1.0
24029,9,0.99999917
24030,0,1.0
24031,6,1.0
24032,3,1.0
24033,1,0.9999844
24034,2,1.0
24035,8,0.9999994
24036,3,1.0
24037,9,1.0
24038,8,1.0
24039,3,0.9999989
24040,9,0.9999956
24041,7,0.9999999
24042,2,0.9999918
24043,8,0.9999994
24044,4,1.0
24045,3,1.0
24046,9,1.0
24047,1,0.9999999
24048,1,1.0
24049,3,1.0
24050,1,1.0
24051,7,0.99999964
24052,5,1.0
24053,0,0.9996799
24054,2,1.0
24055,4,0.9999945
24056,5,0.9999877
24057,8,0.99978215
24058,4,1.0
24059,2,0.99977535
24060,8,0.9999994
24061,2,1.0
24062,5,0.99981874
24063,3,0.86682785
24064,3,1.0
24065,5,0.99983776
24066,7,0.9999999
24067,6,0.9999999
24068,8,1.0
24069,8,0.99834645
24070,5,0.9999995
24071,8,0.99999607
24072,1,1.0
24073,9,0.9999995
24074,9,0.9999969
24075,8,1.0
24076,7,1.0
24077,1,1.0
24078,9,0.9999256
24079,7,0.99995947
24080,8,0.9973947
24081,6,1.0
24082,6,1.0
24083,2,1.0
24084,1,1.0
24085,7,1.0
24086,3,1.0
24087,1,0.9999391
24088,5,1.0
24089,1,1.0
24090,6,0.9999999
24091,2,0.9999995
24092,0,0.9999926
24093,2,0.99999964
24094,0,0.9999918
24095,0,0.9999809
24096,2,0.74295026
24097,3,1.0
24098,4,0.9999825
24099,9,0.99999976
24100,0,1.0
24101,8,1.0
24102,6,1.0
24103,5,0.9977314
24104,8,1.0
24105,5,0.99999917
24106,0,1.0
24107,2,0.9999949
24108,7,1.0
24109,4,0.99997246
24110,4,1.0
24111,2,1.0
24112,1,1.0
24113,3,1.0
24114,4,1.0
24115,4,0.9999999
24116,5,1.0
24117,3,1.0
24118,8,0.99999964
24119,0,0.9999999
24120,1,0.9999999
24121,2,0.99994564
24122,0,0.9999982
24123,1,0.9999918
24124,8,0.9999999
24125,7,1.0
24126,0,1.0
24127,4,1.0
24128,3,0.9999982
24129,2,1.0
24130,3,0.9978648
24131,2,0.99999976
24132,3,1.0
24133,0,0.9999925
24134,3,0.9999999
24135,9,0.9999995
24136,3,1.0
24137,0,0.99999905
24138,3,1.0
24139,4,0.99995077
24140,9,0.9999982
24141,8,1.0
24142,7,0.99989843
24143,8,1.0
24144,4,1.0
24145,7,0.9999999
24146,9,0.99999607
24147,7,1.0
24148,6,1.0
24149,9,0.99999475
24150,6,1.0
24151,4,0.9999856
24152,7,1.0
24153,6,1.0
24154,1,1.0
24155,1,1.0
24156,6,0.9997913
24157,2,0.9999745
24158,7,0.9999995
24159,9,0.99999034
24160,5,1.0
24161,3,1.0
24162,1,1.0
24163,9,0.9999999
24164,0,0.99999917
24165,2,1.0
24166,9,0.999995
24167,9,0.9957782
24168,7,0.9999914
24169,6,1.0
24170,7,1.0
24171,3,1.0
24172,7,0.99999976
24173,1,1.0
24174,4,1.0
24175,7,0.9999999
24176,7,0.99677354
24177,6,1.0
24178,1,1.0
24179,0,1.0
24180,5,1.0
24181,0,0.7851537
24182,7,0.9999964
24183,5,0.99999964
24184,4,1.0
24185,0,1.0
24186,8,0.99997413
24187,9,1.0
24188,2,0.9999994
24189,0,1.0
24190,0,1.0
24191,9,0.99932754
24192,0,0.9999999
24193,8,1.0
24194,2,0.99378467
24195,6,1.0
24196,2,0.99999905
24197,4,0.9999491
24198,7,0.99999964
24199,5,0.99934787
24200,3,1.0
24201,8,1.0
24202,0,0.99999905
24203,1,1.0
24204,4,1.0
24205,7,0.9999999
24206,4,0.9999989
24207,4,1.0
24208,5,1.0
24209,6,0.9596391
24210,9,0.9999907
24211,4,0.99994445
24212,9,0.99999917
24213,6,0.99999774
24214,3,1.0
24215,4,1.0
24216,9,1.0
24217,1,1.0
24218,1,0.9999999
24219,9,0.9999863
24220,1,1.0
24221,5,1.0
24222,4,0.99999905
24223,1,0.9999999
24224,8,1.0
24225,5,0.99407923
24226,2,0.9999951
24227,6,1.0
24228,3,1.0
24229,4,1.0
24230,6,1.0
24231,0,0.9999974
24232,6,1.0
24233,4,0.99999857
24234,4,1.0
24235,3,0.99999976
24236,3,1.0
24237,4,1.0
24238,4,0.9999999
24239,2,0.99996936
24240,8,0.9969748
24241,4,1.0
24242,0,0.99999905
24243,6,1.0
24244,1,0.9977447
24245,2,0.9999651
24246,7,0.9990075
24247,9,0.9999999
24248,6,1.0
24249,5,0.9999995
24250,4,0.99999404
24251,9,0.9657246
24252,3,0.9999976
24253,2,0.9999999
24254,5,0.9999999
24255,1,1.0
24256,3,1.0
24257,0,1.0
24258,9,0.99999905
24259,3,1.0
24260,0,1.0
24261,6,1.0
24262,2,0.9999995
24263,1,0.9999995
24264,6,0.99998415
24265,6,1.0
24266,2,0.99999917
24267,6,1.0
24268,5,0.99999964
24269,8,0.99999726
24270,7,0.99999976
24271,2,0.9999894
24272,4,1.0
24273,1,1.0
24274,9,0.99999833
24275,9,0.9999949
24276,7,1.0
24277,0,0.99998605
24278,6,1.0
24279,8,1.0
24280,3,1.0
24281,9,0.99999225
24282,0,0.9999999
24283,4,0.99999774
24284,4,0.9999999
24285,3,0.9998796
24286,8,0.99999964
24287,0,1.0
24288,0,0.9999634
24289,6,1.0
24290,7,1.0
24291,1,1.0
24292,1,0.999752
24293,4,1.0
24294,9,1.0
24295,9,1.0
24296,8,0.9999528
24297,4,1.0
24298,8,1.0
24299,1,1.0
24300,0,0.9999434
24301,2,1.0
24302,5,1.0
24303,7,1.0
24304,4,1.0
24305,7,0.99999976
24306,6,1.0
24307,3,0.99998474
24308,7,0.9999995
24309,8,0.99993193
24310,2,0.9999937
24311,1,0.9999989
24312,3,1.0
24313,6,0.9999999
24314,8,1.0
24315,9,0.99999976
24316,6,1.0
24317,4,1.0
24318,5,0.9999914
24319,1,1.0
24320,2,0.999997
24321,3,0.9999987
24322,1,0.9999995
24323,7,0.9999999
24324,6,1.0
24325,7,0.9999988
24326,9,0.99993765
24327,5,0.9999616
24328,3,0.9500388
24329,2,1.0
24330,9,0.9506271
24331,4,0.9999999
24332,3,1.0
24333,2,0.9999907
24334,8,0.9999939
24335,8,1.0
24336,0,0.9999833
24337,2,0.9999864
24338,7,0.9995524
24339,4,1.0
24340,6,0.9999857
24341,3,1.0
24342,3,0.9999994
24343,2,1.0
24344,3,0.99999976
24345,3,0.99999976
24346,0,1.0
24347,9,0.9999442
24348,4,0.99998987
24349,8,1.0
24350,5,0.99690384
24351,6,1.0
24352,6,1.0
24353,3,1.0
24354,8,1.0
24355,7,0.9998882
24356,1,1.0
24357,4,1.0
24358,0,1.0
24359,8,1.0
24360,5,0.99993336
24361,1,0.99999964
24362,0,1.0
24363,7,0.9999999
24364,1,1.0
24365,4,1.0
24366,2,1.0
24367,5,0.999713
24368,4,1.0
24369,3,1.0
24370,6,0.9999999
24371,2,1.0
24372,3,0.99999225
24373,6,0.999998
24374,5,0.9997837
24375,3,1.0
24376,2,0.99999976
24377,1,1.0
24378,3,1.0
24379,1,1.0
24380,9,0.9999845
24381,9,1.0
24382,4,0.9999999
24383,6,0.99999726
24384,9,0.99999297
24385,8,1.0
24386,0,0.9999931
24387,9,0.99999475
24388,2,1.0
24389,0,0.99999976
24390,3,1.0
24391,5,1.0
24392,9,1.0
24393,5,0.99999106
24394,9,0.9999999
24395,0,1.0
24396,2,1.0
24397,9,1.0
24398,4,1.0
24399,9,0.99999964
24400,3,1.0
24401,4,1.0
24402,8,1.0
24403,9,0.99999726
24404,3,0.99999976
24405,4,0.888759
24406,0,1.0
24407,5,1.0
24408,1,0.99999905
24409,9,0.99999595
24410,1,1.0
24411,5,1.0
24412,2,1.0
24413,1,1.0
24414,2,0.9999999
24415,3,1.0
24416,9,0.99999976
24417,6,1.0
24418,2,0.9998828
24419,4,0.9999908
24420,6,0.9999951
24421,6,1.0
24422,0,1.0
24423,9,0.99999774
24424,1,0.99999726
24425,3,0.99999976
24426,7,0.9999999
24427,7,0.9999945
24428,4,0.9999982
24429,6,1.0
24430,8,1.0
24431,2,0.9999175
24432,1,0.9995763
24433,8,1.0
24434,3,1.0
24435,1,0.9999999
24436,2,1.0
24437,6,1.0
24438,2,0.99999857
24439,1,1.0
24440,0,1.0
24441,0,0.9999999
24442,6,1.0
24443,2,1.0
24444,5,1.0
24445,4,0.9999993
24446,6,0.99999964
24447,2,1.0
24448,8,1.0
24449,9,0.99998796
24450,8,0.9999994
24451,8,0.99999547
24452,7,0.9999926
24453,0,1.0
24454,5,0.8661751
24455,2,1.0
24456,9,0.99093527
24457,1,1.0
24458,1,0.99999905
24459,1,1.0
24460,6,1.0
24461,7,0.99964654
24462,2,0.99995744
24463,7,0.99958783
24464,8,0.9999969
24465,0,0.9999999
24466,5,1.0
24467,2,1.0
24468,0,0.9999993
24469,6,1.0
24470,2,0.99999714
24471,3,1.0
24472,8,1.0
24473,4,0.99999905
24474,0,1.0
24475,7,0.9999982
24476,1,0.99999964
24477,9,0.95424736
24478,6,0.99995446
24479,4,0.99983764
24480,0,0.99999976
24481,7,0.56888765
24482,3,1.0
24483,8,0.99990916
24484,7,0.99999464
24485,8,0.99999785
24486,6,1.0
24487,7,0.99999976
24488,1,0.99912626
24489,0,0.99999917
24490,3,0.99999917
24491,0,1.0
24492,9,1.0
24493,2,0.9999411
24494,9,0.8260314
24495,2,1.0
24496,8,0.99999726
24497,0,0.99999547
24498,5,0.9999995
24499,0,0.99998164
24500,3,0.9999999
24501,6,1.0
24502,1,1.0
24503,4,1.0
24504,9,0.9997552
24505,1,1.0
24506,5,0.9999547
24507,2,1.0
24508,3,0.9999999
24509,0,1.0
24510,7,0.9999994
24511,2,0.9999999
24512,9,1.0
24513,2,1.0
24514,6,1.0
24515,7,0.9999553
24516,9,0.99638796
24517,4,1.0
24518,3,1.0
24519,7,0.9999994
24520,3,1.0
24521,0,1.0
24522,4,1.0
24523,9,0.9999999
24524,6,1.0
24525,9,0.9999999
24526,9,0.9999186
24527,4,0.9999999
24528,5,0.99997616
24529,3,0.99999714
24530,3,1.0
24531,4,0.9999993
24532,1,0.99999857
24533,8,0.9837626
24534,8,1.0
24535,1,1.0
24536,4,1.0
24537,8,1.0
24538,7,1.0
24539,4,1.0
24540,3,1.0
24541,8,0.99998736
24542,4,0.99999976
24543,8,0.9999999
24544,6,0.9999988
24545,4,1.0
24546,3,1.0
24547,4,0.9999999
24548,8,1.0
24549,5,0.99999964
24550,6,1.0
24551,8,0.9999982
24552,7,0.99633837
24553,5,0.9926594
24554,3,0.9971198
24555,8,0.9999974
24556,7,1.0
24557,9,0.9998714
24558,3,0.99999833
24559,0,1.0
24560,0,0.9999995
24561,5,0.99995005
24562,3,1.0
24563,9,1.0
24564,8,1.0
24565,4,0.9484081
24566,3,1.0
24567,2,1.0
24568,7,0.99999857
24569,1,0.99999404
24570,0,1.0
24571,7,1.0
24572,1,0.99999964
24573,1,1.0
24574,7,0.9999999
24575,7,1.0
24576,0,0.99999976
24577,0,1.0
24578,5,0.9999999
24579,1,0.9999999
24580,8,1.0
24581,7,0.99998105
24582,7,1.0
24583,4,0.99996686
24584,2,1.0
24585,4,1.0
24586,7,0.99999976
24587,5,0.9999993
24588,0,0.9999999
24589,8,1.0
24590,9,0.99997914
24591,7,0.999931
24592,9,1.0
24593,5,0.9999925
24594,0,0.99999905
24595,7,0.9999994
24596,0,1.0
24597,7,0.9999987
24598,7,0.99998045
24599,8,1.0
24600,3,1.0
24601,3,1.0
24602,4,0.9999999
24603,5,1.0
24604,1,1.0
24605,6,1.0
24606,9,0.9999386
24607,7,1.0
24608,1,0.9999987
24609,2,0.9999993
24610,2,1.0
24611,9,0.9999999
24612,6,0.9999877
24613,6,1.0
24614,1,1.0
24615,4,1.0
24616,2,0.9999993
24617,0,0.9999796
24618,5,0.99826825
24619,1,0.46813217
24620,1,0.9999988
24621,6,1.0
24622,5,0.9999819
24623,6,1.0
24624,3,0.93012536
24625,7,0.99999964
24626,7,1.0
24627,2,0.999539
24628,7,0.9999831
24629,6,1.0
24630,9,0.99971396
24631,5,0.99866784
24632,3,1.0
24633,1,1.0
24634,1,0.99995506
24635,6,1.0
24636,4,1.0
24637,3,1.0
24638,6,1.0
24639,1,1.0
24640,4,1.0
24641,8,0.9999999
24642,4,0.99999976
24643,1,1.0
24644,6,1.0
24645,1,0.9999968
24646,9,0.9999944
24647,7,1.0
24648,7,0.99999166
24649,7,1.0
24650,1,1.0
24651,7,0.9999932
24652,9,0.99999845
24653,3,0.9998369
24654,7,0.999987
24655,4,1.0
24656,6,0.9999982
24657,7,1.0
24658,7,0.9999999
24659,3,1.0
24660,7,1.0
24661,6,1.0
24662,2,1.0
24663,8,0.98118216
24664,8,0.99999976
24665,9,0.99999547
24666,3,1.0
24667,3,1.0
24668,7,0.77078444
24669,3,1.0
24670,2,0.613773
24671,1,1.0
24672,7,0.93521225
24673,0,0.9999646
24674,7,0.9999993
24675,3,0.9999999
24676,5,0.9999956
24677,1,1.0
24678,5,1.0
24679,9,0.99999785
24680,0,0.9999999
24681,4,1.0
24682,2,0.9999993
24683,8,0.98248035
24684,6,1.0
24685,6,1.0
24686,3,0.99999166
24687,9,0.9999994
24688,0,1.0
24689,8,1.0
24690,4,0.99996793
24691,9,0.9999963
24692,9,0.9994854
24693,7,0.9999968
24694,8,1.0
24695,1,1.0
24696,8,1.0
24697,0,1.0
24698,9,0.99999857
24699,7,0.99999976
24700,1,0.9999999
24701,9,1.0
24702,2,1.0
24703,5,1.0
24704,1,1.0
24705,3,1.0
24706,0,0.9999995
24707,2,1.0
24708,7,1.0
24709,6,0.9999913
24710,2,0.9999999
24711,3,1.0
24712,9,0.99999905
24713,7,1.0
24714,2,1.0
24715,7,0.9899188
24716,0,0.9997197
24717,7,0.9999999
24718,7,1.0
24719,6,1.0
24720,0,0.99998593
24721,6,1.0
24722,8,0.9999993
24723,4,1.0
24724,7,1.0
24725,5,1.0
24726,3,1.0
24727,2,1.0
24728,3,1.0
24729,2,0.99997234
24730,2,0.9999999
24731,3,0.9999778
24732,4,0.9999995
24733,4,1.0
24734,4,1.0
24735,7,0.99999976
24736,4,1.0
24737,0,1.0
24738,7,0.99965966
24739,9,0.9999666
24740,6,1.0
24741,2,0.99999857
24742,3,1.0
24743,2,1.0
24744,5,0.99998486
24745,3,1.0
24746,9,0.9999999
24747,8,0.87844354
24748,6,1.0
24749,7,1.0
24750,5,0.99208343
24751,0,1.0
24752,6,1.0
24753,7,1.0
24754,8,0.725144
24755,0,1.0
24756,2,1.0
24757,7,0.9999441
24758,9,0.9984617
24759,2,0.9998685
24760,5,0.50313705
24761,5,1.0
24762,3,0.99999917
24763,4,0.99989986
24764,5,0.9999695
24765,7,0.9999918
24766,1,1.0
24767,3,0.9997538
24768,5,0.9992095
24769,3,1.0
24770,8,0.99345726
24771,0,0.999744
24772,0,0.99999905
24773,2,1.0
24774,4,0.9999987
24775,1,1.0
24776,7,0.9999999
24777,8,0.9786387
24778,8,1.0
24779,3,1.0
24780,1,1.0
24781,5,0.9999999
24782,2,1.0
24783,6,1.0
24784,8,0.6757948
24785,3,1.0
24786,5,0.99980205
24787,8,1.0
24788,0,0.9999993
24789,5,1.0
24790,8,0.9220794
24791,1,1.0
24792,5,0.9996568
24793,4,1.0
24794,3,0.9999685
24795,6,1.0
24796,6,0.9999995
24797,8,1.0
24798,0,1.0
24799,5,1.0
24800,4,0.9999869
24801,0,1.0
24802,6,0.99999964
24803,0,0.99952066
24804,5,1.0
24805,9,1.0
24806,3,0.9999999
24807,3,0.99999654
24808,0,0.9988673
24809,1,0.9999831
24810,7,0.9743077
24811,2,1.0
24812,2,1.0
24813,2,0.99999964
24814,8,1.0
24815,9,0.9999993
24816,0,1.0
24817,8,1.0
24818,0,0.4683467
24819,9,0.99999464
24820,8,0.99999714
24821,2,1.0
24822,9,1.0
24823,4,1.0
24824,3,0.9922132
24825,2,1.0
24826,9,0.99999976
24827,2,0.9964664
24828,9,1.0
24829,4,1.0
24830,1,1.0
24831,7,1.0
24832,2,1.0
24833,1,1.0
24834,3,1.0
24835,3,1.0
24836,7,0.9999969
24837,1,1.0
24838,1,1.0
24839,7,0.99999213
24840,7,1.0
24841,9,0.98918694
24842,9,1.0
24843,3,1.0
24844,5,0.50223035
24845,8,1.0
24846,3,1.0
24847,5,0.99998975
24848,1,0.9999999
24849,4,1.0
24850,6,1.0
24851,9,0.99903274
24852,4,1.0
24853,0,0.9999937
24854,3,1.0
24855,6,1.0
24856,3,0.99999917
24857,6,1.0
24858,6,0.99999976
24859,2,1.0
24860,9,0.999998
24861,9,0.9999943
24862,9,0.9999889
24863,7,0.99968743
24864,8,0.9986998
24865,6,0.99999857
24866,6,1.0
24867,0,0.9995396
24868,5,0.9977188
24869,1,0.9999995
24870,3,0.99999857
24871,1,1.0
24872,4,1.0
24873,6,1.0
24874,2,0.99999976
24875,0,0.9999944
24876,2,1.0
24877,2,1.0
24878,2,1.0
24879,8,0.9999852
24880,3,0.731929
24881,2,0.9997161
24882,0,1.0
24883,1,0.9999993
24884,0,0.9996661
24885,1,1.0
24886,7,0.99994195
24887,6,0.99999845
24888,9,1.0
24889,4,1.0
24890,9,0.99997807
24891,9,0.99986255
24892,4,1.0
24893,7,0.99961936
24894,8,0.99994266
24895,9,0.99999225
24896,7,1.0
24897,9,0.99999964
24898,6,1.0
24899,3,1.0
24900,9,0.99999523
24901,5,0.9999982
24902,0,0.99999845
24903,8,0.9999976
24904,7,0.9999982
24905,0,0.99999964
24906,6,0.9999995
24907,8,1.0
24908,1,0.99885964
24909,5,0.9999528
24910,7,0.99999964
24911,5,0.9999974
24912,4,1.0
24913,7,1.0
24914,8,1.0
24915,8,1.0
24916,3,0.99999964
24917,3,0.995436
24918,2,1.0
24919,3,1.0
24920,6,0.99999976
24921,3,0.99999976
24922,8,0.9999646
24923,5,1.0
24924,5,0.9973441
24925,2,1.0
24926,5,0.99999917
24927,2,1.0
24928,4,0.99911326
24929,2,0.9999821
24930,9,0.9999995
24931,3,0.9999838
24932,9,0.9999999
24933,9,0.9999943
24934,2,0.9999999
24935,6,0.99999976
24936,9,0.999683
24937,6,1.0
24938,0,0.9999926
24939,0,0.9960932
24940,9,0.9997143
24941,0,0.97774637
24942,8,1.0
24943,2,0.9999944
24944,1,0.9999999
24945,7,1.0
24946,6,1.0
24947,2,0.9999676
24948,0,1.0
24949,1,1.0
24950,6,0.999995
24951,2,1.0
24952,3,1.0
24953,8,1.0
24954,9,0.999997
24955,1,1.0
24956,2,0.9999932
24957,5,0.9999342
24958,8,0.9999999
24959,2,1.0
24960,0,1.0
24961,7,1.0
24962,7,0.999574
24963,1,1.0
24964,1,0.9999937
24965,0,0.9999454
24966,8,0.9999987
24967,6,1.0
24968,7,0.9999999
24969,4,0.9999764
24970,4,0.99984074
24971,7,1.0
24972,1,0.8920572
24973,2,0.9999993
24974,0,0.9999962
24975,9,0.99729484
24976,4,1.0
24977,2,0.99999845
24978,7,1.0
24979,7,1.0
24980,1,0.99999917
24981,3,1.0
24982,4,1.0
24983,1,1.0
24984,3,1.0
24985,6,0.95820373
24986,3,0.99994755
24987,6,1.0
24988,6,0.999956
24989,9,0.9999974
24990,5,1.0
24991,2,1.0
24992,4,0.9999311
24993,5,0.9999875
24994,1,0.9999943
24995,3,1.0
24996,6,1.0
24997,4,0.99999464
24998,4,0.9879799
24999,2,0.9999291
25000,0,0.99999666
25001,2,0.9999994
25002,7,1.0
25003,1,0.99998033
25004,9,1.0
25005,8,0.9994584
25006,2,0.999997
25007,4,1.0
25008,6,1.0
25009,6,1.0
25010,3,1.0
25011,6,1.0
25012,8,1.0
25013,2,0.99998546
25014,9,0.71611
25015,6,0.99999976
25016,1,1.0
25017,8,1.0
25018,7,1.0
25019,3,0.9999963
25020,6,1.0
25021,6,1.0
25022,5,0.99896467
25023,7,0.999998
25024,0,0.9999994
25025,2,0.9999999
25026,1,1.0
25027,3,1.0
25028,4,0.7143365
25029,9,1.0
25030,4,0.9998443
25031,3,1.0
25032,9,1.0
25033,2,1.0
25034,7,1.0
25035,1,0.9398947
25036,3,1.0
25037,2,1.0
25038,0,0.99999964
25039,3,1.0
25040,3,1.0
25041,9,0.99997354
25042,0,0.9996138
25043,4,1.0
25044,0,1.0
25045,6,1.0
25046,9,0.99999976
25047,5,0.999992
25048,3,0.9999951
25049,7,0.9922192
25050,4,0.999998
25051,5,1.0
25052,0,0.9999999
25053,1,1.0
25054,5,0.999959
25055,0,0.9234973
25056,4,0.99999905
25057,2,0.99999976
25058,3,1.0
25059,4,0.9999949
25060,0,0.9999999
25061,1,0.9999988
25062,0,0.99999464
25063,5,1.0
25064,8,1.0
25065,4,1.0
25066,0,0.98440486
25067,3,1.0
25068,5,1.0
25069,8,0.9999968
25070,6,0.9999999
25071,9,0.9999988
25072,4,1.0
25073,4,0.9999745
25074,7,0.99999976
25075,4,0.99675673
25076,3,1.0
25077,5,0.9999989
25078,0,1.0
25079,9,1.0
25080,2,0.9999995
25081,3,1.0
25082,6,0.99993277
25083,9,1.0
25084,8,1.0
25085,2,0.9999999
25086,5,1.0
25087,8,1.0
25088,7,1.0
25089,0,0.9999999
25090,2,0.9999975
25091,2,1.0
25092,5,0.99999666
25093,6,1.0
25094,7,1.0
25095,2,1.0
25096,2,0.99999976
25097,5,0.9999987
25098,1,1.0
25099,8,0.99999845
25100,5,1.0
25101,7,0.9999999
25102,2,1.0
25103,2,1.0
25104,7,0.38889983
25105,3,1.0
25106,7,1.0
25107,7,0.9999039
25108,6,0.88091093
25109,6,0.99697363
25110,4,0.9999883
25111,4,1.0
25112,1,1.0
25113,5,1.0
25114,8,1.0
25115,9,0.99999094
25116,0,1.0
25117,8,1.0
25118,8,0.999998
25119,2,1.0
25120,3,0.9999999
25121,6,1.0
25122,2,1.0
25123,9,1.0
25124,8,1.0
25125,0,0.99999976
25126,2,0.999969
25127,0,0.99998856
25128,5,1.0
25129,4,1.0
25130,8,0.99848723
25131,7,1.0
25132,4,0.9999565
25133,6,0.999979
25134,6,1.0
25135,2,1.0
25136,5,0.5271875
25137,2,0.9999999
25138,2,1.0
25139,6,1.0
25140,2,0.9999585
25141,4,0.99999106
25142,0,0.99999976
25143,7,1.0
25144,6,0.99999917
25145,2,0.9999995
25146,1,0.9999987
25147,2,1.0
25148,6,0.9999778
25149,4,0.9999989
25150,4,0.9999939
25151,5,0.9999999
25152,2,0.9999906
25153,6,1.0
25154,7,0.9956529
25155,9,1.0
25156,6,0.99998295
25157,2,0.99991024
25158,4,1.0
25159,9,0.9999994
25160,8,0.9999714
25161,2,1.0
25162,4,0.9999229
25163,9,0.9998654
25164,6,1.0
25165,7,0.99925095
25166,8,0.9999968
25167,1,1.0
25168,0,1.0
25169,9,0.9999993
25170,8,1.0
25171,6,1.0
25172,4,1.0
25173,3,1.0
25174,8,0.9999918
25175,4,0.9999993
25176,7,0.99999845
25177,5,0.97364646
25178,1,0.9999902
25179,9,0.99999857
25180,1,1.0
25181,4,0.9999975
25182,3,0.99920136
25183,0,0.9999962
25184,4,1.0
25185,8,1.0
25186,0,0.99999917
25187,9,0.9999995
25188,0,1.0
25189,0,0.99999785
25190,3,0.9999988
25191,2,1.0
25192,7,1.0
25193,1,1.0
25194,4,1.0
25195,2,1.0
25196,8,1.0
25197,4,0.999962
25198,7,0.99934024
25199,8,1.0
25200,4,0.9999677
25201,3,0.9999995
25202,1,1.0
25203,0,0.9999993
25204,3,1.0
25205,2,0.9999994
25206,4,0.99999976
25207,2,0.99915767
25208,2,0.9999993
25209,7,0.9999918
25210,9,1.0
25211,4,0.99999976
25212,1,1.0
25213,4,1.0
25214,2,0.9999999
25215,3,1.0
25216,9,0.9992607
25217,9,0.9718759
25218,2,1.0
25219,9,1.0
25220,1,0.9999989
25221,6,0.99999905
25222,6,1.0
25223,9,0.99992
25224,6,1.0
25225,1,1.0
25226,4,0.99999297
25227,0,1.0
25228,9,0.999998
25229,9,0.9999999
25230,3,1.0
25231,9,1.0
25232,6,1.0
25233,8,0.9999701
25234,4,0.99981195
25235,0,0.99999976
25236,7,0.99999917
25237,0,0.9999888
25238,0,0.9999999
25239,2,0.99999976
25240,8,0.9996588
25241,3,0.8946858
25242,1,0.99999976
25243,1,1.0
25244,3,1.0
25245,7,0.99999523
25246,0,0.9999957
25247,6,1.0
25248,7,0.9999994
25249,7,1.0
25250,0,0.9986135
25251,0,1.0
25252,6,1.0
25253,0,1.0
25254,3,0.9999995
25255,9,0.9984865
25256,5,0.9999919
25257,4,0.97540295
25258,6,0.9999995
25259,1,0.88857716
25260,7,0.99631613
25261,6,0.999762
25262,3,1.0
25263,9,1.0
25264,8,0.9994091
25265,7,0.99999774
25266,8,0.999997
25267,0,0.99993694
25268,4,0.97980875
25269,3,1.0
25270,8,1.0
25271,0,0.9999999
25272,1,1.0
25273,7,0.9997204
25274,7,0.9999999
25275,3,0.99995875
25276,0,1.0
25277,6,1.0
25278,2,0.99998605
25279,8,0.9820432
25280,2,1.0
25281,8,0.9999474
25282,4,1.0
25283,9,0.9999515
25284,6,1.0
25285,3,1.0
25286,4,0.99847645
25287,3,1.0
25288,9,0.9989567
25289,7,1.0
25290,1,1.0
25291,3,1.0
25292,2,0.9999453
25293,6,1.0
25294,2,1.0
25295,5,0.9999981
25296,5,0.9999678
25297,2,1.0
25298,9,0.98751605
25299,6,1.0
25300,8,1.0
25301,6,0.99576914
25302,7,0.9999999
25303,0,1.0
25304,8,1.0
25305,9,0.99997497
25306,4,1.0
25307,0,0.9987312
25308,2,1.0
25309,1,1.0
25310,5,1.0
25311,1,0.9999999
25312,6,0.9999858
25313,8,1.0
25314,1,1.0
25315,0,1.0
25316,2,1.0
25317,5,0.9999938
25318,2,1.0
25319,9,1.0
25320,8,1.0
25321,5,1.0
25322,3,0.9999999
25323,6,1.0
25324,8,0.99637306
25325,7,1.0
25326,2,1.0
25327,1,0.99999976
25328,8,0.9989047
25329,3,1.0
25330,2,0.9838755
25331,0,0.97104317
25332,4,1.0
25333,8,1.0
25334,0,1.0
25335,9,0.99772006
25336,5,0.99833494
25337,0,1.0
25338,2,1.0
25339,6,1.0
25340,0,0.9999641
25341,2,1.0
25342,6,1.0
25343,3,1.0
25344,3,0.9999995
25345,6,1.0
25346,2,1.0
25347,8,1.0
25348,1,1.0
25349,7,0.99687636
25350,6,1.0
25351,8,0.99991226
25352,1,1.0
25353,2,1.0
25354,5,0.94583213
25355,5,0.9914608
25356,4,0.9991647
25357,0,1.0
25358,0,0.9990325
25359,1,1.0
25360,8,1.0
25361,2,1.0
25362,0,1.0
25363,7,0.99997985
25364,9,0.9999931
25365,9,0.9979919
25366,2,1.0
25367,0,1.0
25368,4,0.9995307
25369,7,0.9998037
25370,0,0.99999714
25371,6,1.0
25372,0,0.98785233
25373,3,1.0
25374,1,1.0
25375,8,0.99996865
25376,2,1.0
25377,2,1.0
25378,6,1.0
25379,2,1.0
25380,7,1.0
25381,6,1.0
25382,0,1.0
25383,0,0.999946
25384,5,0.9999982
25385,1,0.9999994
25386,6,1.0
25387,3,1.0
25388,7,1.0
25389,8,0.9999999
25390,1,0.99998057
25391,5,0.9849053
25392,5,0.99999857
25393,2,1.0
25394,0,0.90701556
25395,6,1.0
25396,4,0.999998
25397,5,0.9999989
25398,8,0.93125486
25399,3,1.0
25400,7,1.0
25401,7,0.9999995
25402,1,0.9999999
25403,5,0.9994554
25404,8,1.0
25405,1,1.0
25406,8,1.0
25407,3,1.0
25408,3,0.9999999
25409,6,0.99999964
25410,8,1.0
25411,5,0.9999995
25412,0,0.99998903
25413,9,0.9308099
25414,8,1.0
25415,6,1.0
25416,2,1.0
25417,5,1.0
25418,1,0.9999994
25419,5,1.0
25420,0,1.0
25421,9,0.99997723
25422,8,0.99732804
25423,0,0.9999666
25424,5,0.63140553
25425,5,0.9999999
25426,8,0.9999603
25427,2,1.0
25428,0,1.0
25429,0,1.0
25430,4,0.9991067
25431,2,1.0
25432,2,0.9999993
25433,8,1.0
25434,3,0.9999999
25435,1,1.0
25436,3,1.0
25437,5,0.99999964
25438,8,1.0
25439,1,0.9999999
25440,0,1.0
25441,6,1.0
25442,8,1.0
25443,3,1.0
25444,1,1.0
25445,6,0.99999976
25446,0,1.0
25447,0,0.9999999
25448,2,1.0
25449,1,1.0
25450,8,0.9999709
25451,2,1.0
25452,6,0.9999931
25453,9,0.99999833
25454,6,1.0
25455,3,0.9995322
25456,7,0.9999777
25457,5,0.99973077
25458,3,1.0
25459,7,0.9999994
25460,2,1.0
25461,1,0.99999046
25462,9,0.99999845
25463,9,0.99996674
25464,0,0.99999774
25465,0,0.9999999
25466,3,1.0
25467,6,1.0
25468,2,1.0
25469,6,1.0
25470,9,0.99997115
25471,2,1.0
25472,1,0.99999905
25473,4,1.0
25474,3,1.0
25475,0,0.99999833
25476,3,0.99927944
25477,1,0.9999999
25478,8,1.0
25479,7,0.99999976
25480,8,0.9999206
25481,7,1.0
25482,1,0.99999774
25483,3,1.0
25484,5,0.9999999
25485,1,1.0
25486,1,1.0
25487,4,1.0
25488,2,1.0
25489,3,0.9999999
25490,4,1.0
25491,9,0.9999999
25492,2,1.0
25493,0,0.99999917
25494,1,1.0
25495,5,0.9999995
25496,3,0.9999995
25497,1,1.0
25498,4,0.9950395
25499,0,1.0
25500,6,1.0
25501,0,0.99999845
25502,7,1.0
25503,1,0.9999982
25504,7,0.99991477
25505,1,0.9999999
25506,2,0.99996984
25507,7,1.0
25508,4,1.0
25509,0,1.0
25510,9,0.99999917
25511,6,1.0
25512,2,1.0
25513,6,0.99999976
25514,3,0.999997
25515,2,1.0
25516,4,0.998696
25517,7,1.0
25518,5,0.9999924
25519,1,1.0
25520,0,1.0
25521,4,1.0
25522,3,1.0
25523,5,0.9983822
25524,7,0.7051249
25525,1,1.0
25526,4,1.0
25527,3,1.0
25528,1,0.999079
25529,3,0.9999989
25530,5,1.0
25531,5,0.99993694
25532,7,0.9999938
25533,6,1.0
25534,9,0.99959844
25535,6,1.0
25536,7,0.9999999
25537,5,0.9999999
25538,6,1.0
25539,9,1.0
25540,8,1.0
25541,5,1.0
25542,1,0.99997497
25543,3,1.0
25544,0,0.99988246
25545,6,0.99999666
25546,7,0.9999999
25547,8,1.0
25548,7,1.0
25549,6,1.0
25550,7,1.0
25551,4,1.0
25552,7,0.999982
25553,6,1.0
25554,3,0.9995907
25555,7,1.0
25556,3,1.0
25557,6,0.99997485
25558,1,0.9999994
25559,8,0.9999995
25560,2,0.9786428
25561,7,0.9999989
25562,8,1.0
25563,7,1.0
25564,9,0.99999344
25565,4,0.9999993
25566,1,1.0
25567,8,0.9999963
25568,8,0.9999999
25569,7,1.0
25570,3,1.0
25571,8,1.0
25572,8,0.97735673
25573,5,0.9999869
25574,0,0.91997296
25575,2,1.0
25576,7,0.9999987
25577,8,0.99999213
25578,9,0.9933066
25579,9,0.9998047
25580,7,0.9999654
25581,7,1.0
25582,2,1.0
25583,3,1.0
25584,1,1.0
25585,4,0.99999976
25586,8,0.9999889
25587,5,0.9999989
25588,9,0.9999994
25589,0,0.99999976
25590,4,1.0
25591,6,1.0
25592,1,1.0
25593,5,0.9999982
25594,3,1.0
25595,8,0.9999968
25596,3,1.0
25597,0,1.0
25598,1,0.99999857
25599,8,0.9999987
25600,1,0.99995184
25601,4,0.9999994
25602,6,1.0
25603,8,1.0
25604,7,0.99999964
25605,2,0.99487656
25606,8,0.99999
25607,0,0.99999726
25608,5,0.99995816
25609,3,1.0
25610,4,0.9999999
25611,6,1.0
25612,3,1.0
25613,0,0.9999664
25614,2,0.9999993
25615,4,0.9991823
25616,4,1.0
25617,9,0.9999964
25618,1,0.99999964
25619,5,0.9999999
25620,1,1.0
25621,0,1.0
25622,2,0.99794096
25623,4,0.99999964
25624,4,0.9999999
25625,1,1.0
25626,2,0.9999751
25627,4,1.0
25628,5,1.0
25629,5,1.0
25630,9,0.9999994
25631,9,0.99836546
25632,2,1.0
25633,2,0.99996364
25634,2,0.9999994
25635,4,1.0
25636,4,1.0
25637,9,0.9999094
25638,6,0.99999964
25639,2,0.9999982
25640,5,0.9999994
25641,2,1.0
25642,2,1.0
25643,0,0.9999962
25644,2,0.9999683
25645,7,0.9999962
25646,9,1.0
25647,5,1.0
25648,0,0.99999976
25649,7,1.0
25650,0,1.0
25651,8,1.0
25652,0,0.99989355
25653,1,0.9999999
25654,7,0.9999994
25655,8,1.0
25656,2,1.0
25657,7,0.8889945
25658,4,1.0
25659,0,1.0
25660,8,1.0
25661,9,0.99998605
25662,4,1.0
25663,9,0.99905473
25664,3,1.0
25665,5,1.0
25666,0,1.0
25667,3,1.0
25668,3,1.0
25669,8,1.0
25670,0,0.99999976
25671,7,1.0
25672,0,0.9999999
25673,6,1.0
25674,7,0.99999833
25675,2,1.0
25676,0,1.0
25677,3,1.0
25678,6,1.0
25679,2,1.0
25680,1,1.0
25681,8,1.0
25682,6,1.0
25683,0,1.0
25684,1,1.0
25685,3,1.0
25686,8,1.0
25687,0,1.0
25688,3,0.99999964
25689,6,1.0
25690,3,1.0
25691,8,0.99457353
25692,1,1.0
25693,1,1.0
25694,2,1.0
25695,6,0.999979
25696,8,1.0
25697,8,1.0
25698,9,0.99975735
25699,4,0.9999999
25700,9,0.9999032
25701,5,0.9999329
25702,7,0.9999993
25703,9,1.0
25704,6,1.0
25705,6,0.9994554
25706,4,0.9999889
25707,9,0.99999857
25708,0,1.0
25709,4,1.0
25710,0,0.9999999
25711,1,0.9999999
25712,3,1.0
25713,0,0.99998724
25714,0,0.99999976
25715,5,1.0
25716,9,0.93008006
25717,7,0.9999989
25718,2,1.0
25719,1,1.0
25720,6,1.0
25721,7,1.0
25722,2,1.0
25723,2,1.0
25724,1,1.0
25725,8,1.0
25726,8,0.9987914
25727,8,1.0
25728,9,0.99996626
25729,6,1.0
25730,2,1.0
25731,9,0.99999833
25732,9,0.99999976
25733,7,0.99999774
25734,4,0.9999994
25735,0,0.9999994
25736,9,1.0
25737,6,1.0
25738,8,0.9999975
25739,3,1.0
25740,4,1.0
25741,9,0.99998486
25742,7,0.9999999
25743,9,0.9999995
25744,5,1.0
25745,4,1.0
25746,7,1.0
25747,0,0.9999999
25748,4,1.0
25749,6,1.0
25750,4,1.0
25751,4,0.9999982
25752,4,1.0
25753,9,0.99976045
25754,7,1.0
25755,7,0.999997
25756,8,0.9954815
25757,0,0.99999166
25758,0,0.99999976
25759,5,0.9999999
25760,6,1.0
25761,7,0.99999976
25762,2,1.0
25763,1,0.9999995
25764,3,1.0
25765,9,0.99414045
25766,8,1.0
25767,0,0.9999994
25768,1,0.9999975
25769,3,0.9999981
25770,8,0.99999905
25771,4,1.0
25772,3,0.9999838
25773,1,1.0
25774,2,0.9999999
25775,8,0.9999547
25776,4,1.0
25777,4,1.0
25778,5,0.99999976
25779,1,1.0
25780,4,1.0
25781,0,0.9999964
25782,3,1.0
25783,8,0.99709547
25784,8,1.0
25785,7,0.9992449
25786,1,0.9999999
25787,1,1.0
25788,6,1.0
25789,8,1.0
25790,2,0.99999905
25791,8,1.0
25792,6,1.0
25793,3,1.0
25794,4,0.97107816
25795,5,1.0
25796,9,0.9999999
25797,4,0.99999774
25798,2,1.0
25799,3,1.0
25800,1,1.0
25801,2,1.0
25802,0,0.99999976
25803,8,0.9960425
25804,3,0.9999714
25805,5,1.0
25806,8,0.99960226
25807,5,1.0
25808,2,1.0
25809,2,0.9999815
25810,3,1.0
25811,0,1.0
25812,1,0.9999999
25813,1,0.99999976
25814,4,0.99999905
25815,8,0.9991278
25816,2,1.0
25817,7,0.99924445
25818,6,1.0
25819,0,1.0
25820,6,1.0
25821,5,1.0
25822,8,0.99999845
25823,4,0.99655944
25824,3,1.0
25825,3,1.0
25826,3,0.99999666
25827,2,0.9999999
25828,9,0.9999999
25829,5,0.99999475
25830,7,0.9999956
25831,4,0.9999999
25832,7,1.0
25833,2,0.99999917
25834,5,0.9999994
25835,9,0.9999914
25836,5,0.9999994
25837,4,0.99964404
25838,7,0.9998331
25839,8,0.9999932
25840,4,1.0
25841,3,0.99999595
25842,2,1.0
25843,3,1.0
25844,6,1.0
25845,9,0.9999949
25846,2,0.99999964
25847,6,1.0
25848,3,1.0
25849,4,0.9999553
25850,4,0.9999769
25851,6,0.999998
25852,1,1.0
25853,9,0.9999957
25854,5,0.99899346
25855,5,0.99649674
25856,2,0.99945134
25857,2,0.9999951
25858,9,0.99989414
25859,0,0.99999416
25860,8,0.99999976
25861,7,0.9999995
25862,8,0.9961797
25863,0,1.0
25864,8,0.9999982
25865,6,1.0
25866,2,1.0
25867,5,0.999998
25868,5,0.999966
25869,0,0.9999918
25870,5,0.9999999
25871,4,0.9999852
25872,2,1.0
25873,6,1.0
25874,0,1.0
25875,9,0.9998062
25876,8,0.9998982
25877,5,0.9999999
25878,9,0.9999995
25879,6,1.0
25880,1,0.9861245
25881,9,0.9999783
25882,3,1.0
25883,7,1.0
25884,1,1.0
25885,3,0.9999238
25886,7,0.9999999
25887,4,1.0
25888,1,1.0
25889,1,1.0
25890,9,0.790647
25891,6,1.0
25892,9,0.9999801
25893,5,0.99999547
25894,8,1.0
25895,0,0.99900633
25896,8,0.9999962
25897,5,0.99999917
25898,3,1.0
25899,8,1.0
25900,0,1.0
25901,1,0.9999994
25902,4,1.0
25903,8,0.9999831
25904,6,1.0
25905,6,1.0
25906,9,0.9997768
25907,5,0.99999845
25908,8,0.9996137
25909,0,1.0
25910,7,0.9999467
25911,3,0.9999969
25912,4,1.0
25913,9,0.99999714
25914,2,1.0
25915,9,0.9999993
25916,4,0.9838123
25917,3,0.99808395
25918,1,0.99999976
25919,0,0.99999154
25920,8,1.0
25921,5,0.80148953
25922,3,1.0
25923,2,0.9999999
25924,4,1.0
25925,5,1.0
25926,2,1.0
25927,1,1.0
25928,3,1.0
25929,8,0.99891555
25930,8,0.8948271
25931,4,1.0
25932,9,0.98689705
25933,7,0.9999982
25934,9,0.9999949
25935,5,0.9999651
25936,7,1.0
25937,0,1.0
25938,7,1.0
25939,7,1.0
25940,5,0.99886274
25941,8,0.8398135
25942,8,1.0
25943,7,1.0
25944,1,1.0
25945,2,1.0
25946,0,1.0
25947,0,0.9999999
25948,0,0.9999974
25949,7,0.9999999
25950,6,1.0
25951,6,1.0
25952,8,0.99999976
25953,6,0.8395718
25954,1,1.0
25955,3,1.0
25956,0,0.9999939
25957,2,1.0
25958,6,1.0
25959,3,1.0
25960,6,1.0
25961,8,0.99999964
25962,0,1.0
25963,5,0.99999905
25964,6,1.0
25965,3,0.9999995
25966,0,0.99999964
25967,2,1.0
25968,7,0.9999995
25969,7,0.99996364
25970,0,1.0
25971,1,0.85274154
25972,4,1.0
25973,8,0.99896514
25974,5,0.99690115
25975,5,0.9367692
25976,1,0.9999958
25977,9,0.98665917
25978,5,1.0
25979,4,0.9999975
25980,4,1.0
25981,2,1.0
25982,0,0.99999845
25983,1,1.0
25984,7,1.0
25985,6,0.9999994
25986,6,0.99999917
25987,7,1.0
25988,0,1.0
25989,6,0.9432031
25990,4,1.0
25991,9,0.99986196
25992,8,1.0
25993,8,1.0
25994,9,0.9999994
25995,3,0.9938571
25996,3,1.0
25997,1,0.9999999
25998,0,0.99999857
25999,4,0.9999999
26000,4,0.9999994
26001,7,1.0
26002,0,0.9999999
26003,5,0.99999917
26004,7,1.0
26005,6,1.0
26006,7,1.0
26007,8,1.0
26008,1,1.0
26009,3,0.9999999
26010,4,0.9999963
26011,6,1.0
26012,7,1.0
26013,0,0.999902
26014,4,0.9750166
26015,3,0.9972945
26016,2,1.0
26017,5,1.0
26018,3,1.0
26019,7,1.0
26020,3,0.9999999
26021,7,0.9981522
26022,1,1.0
26023,9,0.99997663
26024,1,1.0
26025,3,1.0
26026,4,0.99981743
26027,0,1.0
26028,1,1.0
26029,7,0.9999994
26030,4,1.0
26031,2,0.99999905
26032,4,1.0
26033,3,0.9999999
26034,5,0.9999999
26035,4,1.0
26036,0,1.0
26037,6,0.9999902
26038,2,0.9999949
26039,2,0.9999999
26040,6,0.9998574
26041,9,1.0
26042,3,0.9999882
26043,3,0.99999976
26044,9,0.9999999
26045,9,0.99999714
26046,8,1.0
26047,1,0.9999988
26048,5,0.96843183
26049,1,1.0
26050,7,0.9999747
26051,0,0.9929932
26052,3,1.0
26053,1,1.0
26054,9,0.99729866
26055,2,0.9999974
26056,8,0.99971884
26057,4,1.0
26058,8,0.99999666
26059,2,0.9999999
26060,1,1.0
26061,7,1.0
26062,0,1.0
26063,0,1.0
26064,1,0.9998995
26065,8,0.9999964
26066,7,1.0
26067,4,1.0
26068,9,0.99999595
26069,9,0.9999982
26070,7,0.99954647
26071,0,0.9999995
26072,5,0.9999956
26073,1,1.0
26074,5,0.99999774
26075,8,1.0
26076,6,0.9999778
26077,8,1.0
26078,5,0.9999999
26079,6,1.0
26080,3,0.97071236
26081,6,1.0
26082,1,1.0
26083,1,1.0
26084,9,0.99984825
26085,6,1.0
26086,4,0.9998728
26087,3,0.9999999
26088,6,0.98620796
26089,8,0.99986434
26090,8,0.9999924
26091,5,1.0
26092,3,0.9897294
26093,9,0.9998847
26094,7,0.99997103
26095,2,1.0
26096,7,1.0
26097,1,1.0
26098,5,0.99922895
26099,9,1.0
26100,1,1.0
26101,3,0.9893707
26102,9,0.9999871
26103,5,0.99999964
26104,0,1.0
26105,4,1.0
26106,6,1.0
26107,3,1.0
26108,5,0.99999976
26109,3,1.0
26110,3,1.0
26111,6,0.9999999
26112,1,0.99999976
26113,3,1.0
26114,2,0.999998
26115,3,1.0
26116,2,1.0
26117,2,1.0
26118,6,1.0
26119,2,0.999946
26120,0,1.0
26121,1,1.0
26122,2,0.99999785
26123,7,1.0
26124,8,0.5626967
26125,5,0.9998103
26126,6,0.999421
26127,2,0.99994576
26128,8,1.0
26129,4,1.0
26130,6,1.0
26131,8,1.0
26132,8,0.99703
26133,8,0.99605286
26134,2,0.999944
26135,4,0.7155681
26136,8,0.9999994
26137,7,0.9999994
26138,8,0.8530481
26139,6,0.99999833
26140,7,1.0
26141,3,1.0
26142,7,0.99858344
26143,7,1.0
26144,4,1.0
26145,0,0.9999844
26146,1,0.99999964
26147,3,1.0
26148,9,0.99999857
26149,2,1.0
26150,0,0.9996532
26151,0,0.9999999
26152,5,0.9999999
26153,4,0.99999976
26154,7,1.0
26155,8,0.99999976
26156,6,1.0
26157,8,0.9999968
26158,7,1.0
26159,8,1.0
26160,4,0.99999964
26161,3,1.0
26162,3,0.9999989
26163,1,1.0
26164,3,1.0
26165,1,0.92440647
26166,5,0.99999726
26167,6,0.99999905
26168,0,1.0
26169,3,1.0
26170,5,0.98806584
26171,0,0.9818885
26172,3,0.99999356
26173,7,0.99999917
26174,7,0.9998964
26175,8,0.99987805
26176,6,0.9993048
26177,3,0.9999995
26178,6,0.9999957
26179,9,0.9999982
26180,5,0.99297947
26181,9,1.0
26182,2,1.0
26183,1,1.0
26184,2,1.0
26185,3,1.0
26186,5,0.99999964
26187,2,0.9999939
26188,2,0.99999845
26189,2,0.99999976
26190,1,0.9999999
26191,3,1.0
26192,3,0.9999994
26193,5,1.0
26194,8,0.9999999
26195,7,0.99999976
26196,9,0.94653
26197,3,1.0
26198,4,0.99999535
26199,2,1.0
26200,7,1.0
26201,1,1.0
26202,7,0.9999988
26203,8,1.0
26204,2,1.0
26205,2,1.0
26206,3,1.0
26207,9,1.0
26208,5,0.99999595
26209,5,0.9999864
26210,7,0.9999485
26211,2,0.7565735
26212,3,1.0
26213,9,0.99999976
26214,0,0.97269404
26215,5,0.9983423
26216,5,0.9857584
26217,6,0.99661726
26218,6,1.0
26219,9,1.0
26220,3,1.0
26221,6,0.9816953
26222,5,0.99989593
26223,9,1.0
26224,2,1.0
26225,0,1.0
26226,7,1.0
26227,9,0.9999969
26228,7,1.0
26229,7,0.9999907
26230,1,1.0
26231,2,0.9999995
26232,0,0.99999845
26233,3,1.0
26234,2,1.0
26235,8,0.89950794
26236,0,0.99999964
26237,3,1.0
26238,3,1.0
26239,6,1.0
26240,3,1.0
26241,0,1.0
26242,5,0.9999925
26243,2,0.99999976
26244,6,1.0
26245,6,0.99993145
26246,7,0.9999999
26247,8,0.99999917
26248,0,1.0
26249,1,0.9999999
26250,8,0.99999714
26251,7,0.99996984
26252,1,0.9999999
26253,2,0.9999999
26254,9,0.9999988
26255,2,0.9999995
26256,5,0.99999726
26257,7,0.99999535
26258,6,1.0
26259,3,1.0
26260,6,1.0
26261,7,0.95998245
26262,0,0.9999944
26263,4,0.9998542
26264,5,0.9996985
26265,1,1.0
26266,9,1.0
26267,4,0.9999999
26268,6,1.0
26269,0,0.96157134
26270,5,1.0
26271,8,1.0
26272,4,0.9999999
26273,0,1.0
26274,4,1.0
26275,3,0.9998772
26276,3,0.9999987
26277,1,1.0
26278,5,0.99998045
26279,1,0.9999999
26280,5,0.9999999
26281,1,0.9999974
26282,2,0.9999999
26283,1,0.9999999
26284,0,0.99999547
26285,9,0.99999976
26286,6,1.0
26287,7,1.0
26288,5,1.0
26289,9,0.9999907
26290,9,0.9999999
26291,3,0.9999994
26292,4,1.0
26293,7,0.74069875
26294,7,1.0
26295,5,0.9999708
26296,6,1.0
26297,3,1.0
26298,9,0.99998677
26299,0,0.99997544
26300,4,1.0
26301,4,1.0
26302,0,1.0
26303,8,0.9999989
26304,5,0.99997544
26305,8,0.994635
26306,1,1.0
26307,5,0.9999995
26308,5,0.9999969
26309,5,0.99412173
26310,7,0.9999994
26311,8,1.0
26312,5,1.0
26313,0,0.9999982
26314,7,0.9997565
26315,0,0.999985
26316,4,1.0
26317,4,0.9945157
26318,4,0.9835765
26319,5,0.9999995
26320,6,0.99999
26321,4,1.0
26322,2,1.0
26323,8,1.0
26324,2,0.9999999
26325,6,0.9999107
26326,8,0.9999999
26327,1,1.0
26328,2,0.99999964
26329,3,1.0
26330,8,1.0
26331,9,0.9999074
26332,8,0.99990606
26333,3,1.0
26334,9,0.9998555
26335,9,0.99999976
26336,6,1.0
26337,7,0.8971942
26338,1,1.0
26339,2,0.9999999
26340,7,0.99999976
26341,7,0.9999999
26342,3,1.0
26343,3,1.0
26344,1,1.0
26345,1,0.9999999
26346,9,0.9999995
26347,7,0.9999999
26348,2,0.99999464
26349,1,1.0
26350,8,0.9999672
26351,1,0.9996619
26352,2,1.0
26353,7,1.0
26354,8,0.99999785
26355,5,0.89487696
26356,0,0.9999999
26357,4,1.0
26358,3,1.0
26359,1,0.9515306
26360,8,0.9999683
26361,4,0.999084
26362,3,1.0
26363,3,1.0
26364,2,1.0
26365,9,0.9999348
26366,0,1.0
26367,7,0.9999987
26368,7,1.0
26369,1,0.99999917
26370,9,1.0
26371,0,1.0
26372,4,1.0
26373,2,0.9999999
26374,2,0.99999964
26375,8,1.0
26376,7,0.97719383
26377,4,1.0
26378,3,1.0
26379,7,0.9999616
26380,4,0.9999217
26381,2,0.99958307
26382,3,1.0
26383,4,0.91372544
26384,0,0.9999995
26385,5,1.0
26386,3,0.9999974
26387,3,1.0
26388,0,1.0
26389,1,1.0
26390,2,0.99999917
26391,5,1.0
26392,0,1.0
26393,7,0.7033354
26394,5,0.9999958
26395,7,0.99999976
26396,3,0.92862177
26397,7,1.0
26398,8,0.9999763
26399,7,1.0
26400,4,1.0
26401,9,1.0
26402,1,1.0
26403,5,0.99966824
26404,0,0.99999917
26405,8,1.0
26406,2,0.99999976
26407,9,0.99997723
26408,2,0.9999887
26409,1,1.0
26410,0,1.0
26411,1,1.0
26412,2,0.9053058
26413,6,1.0
26414,9,0.9999943
26415,2,1.0
26416,8,0.9999957
26417,3,0.99999976
26418,5,0.99999654
26419,3,1.0
26420,5,0.99533856
26421,9,0.9998909
26422,1,0.9999999
26423,4,0.99999964
26424,7,1.0
26425,1,1.0
26426,8,0.99999976
26427,1,1.0
26428,8,1.0
26429,8,0.9999989
26430,9,0.99990964
26431,4,0.9999999
26432,6,1.0
26433,1,1.0
26434,9,0.9999999
26435,9,1.0
26436,3,1.0
26437,4,1.0
26438,1,0.99999976
26439,2,1.0
26440,2,0.96016145
26441,3,1.0
26442,5,1.0
26443,9,0.99999976
26444,0,1.0
26445,7,0.9999876
26446,2,1.0
26447,8,0.9967057
26448,2,1.0
26449,9,0.99992967
26450,9,0.9987596
26451,9,0.99999225
26452,9,0.9999999
26453,0,1.0
26454,7,1.0
26455,8,0.99869233
26456,2,0.99999845
26457,3,1.0
26458,3,1.0
26459,1,1.0
26460,9,1.0
26461,9,0.99902475
26462,8,1.0
26463,8,0.9998983
26464,3,1.0
26465,5,0.9999999
26466,1,1.0
26467,2,0.9999865
26468,1,1.0
26469,7,1.0
26470,2,1.0
26471,0,1.0
26472,7,1.0
26473,3,1.0
26474,8,1.0
26475,1,0.9999976
26476,7,1.0
26477,0,0.99999976
26478,6,1.0
26479,4,1.0
26480,0,0.9999993
26481,8,0.99999976
26482,1,0.9999975
26483,8,0.9976023
26484,7,1.0
26485,7,0.99999917
26486,4,0.99999976
26487,7,1.0
26488,3,1.0
26489,2,0.9998728
26490,9,0.9998642
26491,6,1.0
26492,7,1.0
26493,5,1.0
26494,9,0.9999976
26495,7,0.99999976
26496,4,1.0
26497,6,0.9968765
26498,2,1.0
26499,7,0.97754604
26500,6,1.0
26501,7,0.999997
26502,1,1.0
26503,3,1.0
26504,7,0.9869528
26505,0,0.99999976
26506,3,1.0
26507,1,1.0
26508,4,0.9999988
26509,7,1.0
26510,5,1.0
26511,2,1.0
26512,0,1.0
26513,4,1.0
26514,4,1.0
26515,9,1.0
26516,7,1.0
26517,4,0.99999225
26518,9,1.0
26519,0,0.99999785
26520,9,0.99967206
26521,0,1.0
26522,2,0.9999995
26523,1,1.0
26524,6,0.99999976
26525,6,0.9999975
26526,3,0.9999877
26527,6,0.9996717
26528,4,1.0
26529,9,0.99999607
26530,2,1.0
26531,2,0.9998559
26532,3,1.0
26533,1,1.0
26534,1,0.9999733
26535,0,1.0
26536,7,1.0
26537,1,1.0
26538,2,1.0
26539,7,0.9999999
26540,9,0.9999862
26541,0,1.0
26542,4,1.0
26543,0,1.0
26544,6,1.0
26545,7,1.0
26546,1,1.0
26547,0,1.0
26548,9,0.9999993
26549,1,0.5737508
26550,5,0.9993655
26551,0,1.0
26552,8,0.9999976
26553,4,0.99999917
26554,8,0.99999857
26555,7,0.9893477
26556,0,1.0
26557,5,0.99999607
26558,0,1.0
26559,3,1.0
26560,6,1.0
26561,2,0.99491054
26562,0,0.9999999
26563,8,0.9999869
26564,2,0.9988181
26565,7,1.0
26566,6,1.0
26567,0,0.9999882
26568,8,0.9999999
26569,5,0.9999995
26570,5,0.9941513
26571,2,1.0
26572,6,0.9717301
26573,9,0.9999976
26574,4,0.9999999
26575,2,1.0
26576,0,0.99999976
26577,9,1.0
26578,3,0.99999976
26579,8,1.0
26580,1,0.99999976
26581,0,0.9978358
26582,6,1.0
26583,7,0.9999976
26584,2,0.9939149
26585,7,1.0
26586,0,0.9999999
26587,3,1.0
26588,1,1.0
26589,9,0.9999999
26590,2,0.9999926
26591,1,1.0
26592,9,0.9999926
26593,7,0.9998739
26594,3,0.99999905
26595,0,0.99999213
26596,6,0.9999999
26597,4,0.999998
26598,2,1.0
26599,2,0.99999547
26600,5,1.0
26601,3,1.0
26602,7,1.0
26603,8,0.999997
26604,8,1.0
26605,5,0.99993587
26606,7,1.0
26607,4,0.99995255
26608,2,1.0
26609,7,0.99999464
26610,4,1.0
26611,4,0.9999734
26612,0,1.0
26613,3,1.0
26614,8,0.99969614
26615,9,0.99999976
26616,9,0.99997795
26617,2,1.0
26618,8,0.9999987
26619,8,0.99999976
26620,8,0.99896646
26621,0,1.0
26622,3,1.0
26623,1,0.9999999
26624,1,0.9999999
26625,1,1.0
26626,0,1.0
26627,9,0.9999999
26628,0,1.0
26629,4,0.99998975
26630,1,1.0
26631,7,1.0
26632,4,0.9999919
26633,7,0.9999945
26634,6,1.0
26635,1,1.0
26636,1,0.9999999
26637,4,0.99999917
26638,3,1.0
26639,7,1.0
26640,1,1.0
26641,5,0.9236245
26642,6,0.59309846
26643,9,0.99999917
26644,5,0.9999753
26645,8,0.9999616
26646,9,0.9999999
26647,3,1.0
26648,2,0.99992347
26649,9,0.99999964
26650,1,0.9999999
26651,0,0.99544805
26652,3,1.0
26653,9,0.99998975
26654,6,1.0
26655,3,1.0
26656,6,1.0
26657,7,0.99994385
26658,9,0.9999999
26659,1,0.9999974
26660,7,1.0
26661,3,1.0
26662,2,0.993414
26663,5,1.0
26664,2,0.99258
26665,9,0.9999999
26666,7,0.9999993
26667,2,0.9999981
26668,6,1.0
26669,2,1.0
26670,8,1.0
26671,6,1.0
26672,5,1.0
26673,7,1.0
26674,7,0.99999547
26675,3,1.0
26676,5,0.99999845
26677,8,0.9999999
26678,0,0.999998
26679,0,1.0
26680,4,1.0
26681,2,1.0
26682,2,1.0
26683,5,1.0
26684,1,1.0
26685,9,1.0
26686,5,1.0
26687,9,1.0
26688,6,0.9999738
26689,5,0.83958215
26690,0,1.0
26691,8,0.9999999
26692,3,0.99997926
26693,3,0.9999976
26694,7,0.99964225
26695,6,1.0
26696,1,0.9999999
26697,8,0.99971277
26698,3,1.0
26699,5,0.91611564
26700,8,1.0
26701,0,1.0
26702,8,0.99965715
26703,4,0.9999999
26704,0,0.99279493
26705,7,1.0
26706,8,0.9999981
26707,6,1.0
26708,1,1.0
26709,4,1.0
26710,6,1.0
26711,5,1.0
26712,0,0.99999833
26713,4,0.99999833
26714,9,0.9999999
26715,7,0.9999937
26716,1,0.9999988
26717,9,0.9999999
26718,6,0.9999999
26719,6,1.0
26720,6,1.0
26721,5,0.9995447
26722,4,1.0
26723,8,0.9993998
26724,8,0.9999999
26725,7,1.0
26726,2,0.99999475
26727,4,1.0
26728,5,0.99998915
26729,7,1.0
26730,5,1.0
26731,0,0.99999964
26732,0,0.99999297
26733,0,0.99999917
26734,8,1.0
26735,0,1.0
26736,7,1.0
26737,7,1.0
26738,0,1.0
26739,2,0.9999863
26740,6,0.99999666
26741,9,0.99999917
26742,3,0.99999917
26743,9,0.99998343
26744,8,0.99294287
26745,7,0.9999782
26746,2,1.0
26747,9,0.999964
26748,7,1.0
26749,3,0.99992275
26750,9,0.99997103
26751,5,0.9997632
26752,9,0.99999976
26753,9,0.99999964
26754,0,0.99999964
26755,7,0.9999999
26756,5,0.9999999
26757,8,1.0
26758,4,1.0
26759,5,1.0
26760,8,0.99999857
26761,7,1.0
26762,8,1.0
26763,9,0.99999833
26764,1,1.0
26765,2,0.99090564
26766,2,1.0
26767,7,1.0
26768,7,0.999997
26769,4,1.0
26770,7,1.0
26771,0,1.0
26772,6,0.99999976
26773,3,0.9999813
26774,9,0.9999993
26775,7,0.8436559
26776,2,0.99999964
26777,0,0.5301509
26778,0,0.9998467
26779,1,1.0
26780,2,1.0
26781,9,0.9999956
26782,1,0.9999999
26783,8,0.9970176
26784,4,0.99928916
26785,0,1.0
26786,6,0.99989176
26787,4,0.99999976
26788,9,0.99999666
26789,5,0.999998
26790,3,1.0
26791,0,1.0
26792,2,1.0
26793,0,1.0
26794,1,1.0
26795,4,0.9999999
26796,9,0.99998903
26797,8,1.0
26798,0,1.0
26799,5,1.0
26800,7,0.99999976
26801,4,0.9630243
26802,4,0.9999999
26803,2,0.990114
26804,0,0.9999994
26805,2,1.0
26806,4,1.0
26807,2,0.9999999
26808,1,1.0
26809,8,0.99995506
26810,3,1.0
26811,9,0.9999943
26812,0,0.9999962
26813,1,0.99993837
26814,0,0.9999994
26815,4,0.99235654
26816,7,0.9999958
26817,6,0.9999999
26818,5,0.99999857
26819,0,1.0
26820,5,0.9999999
26821,6,1.0
26822,1,0.9999933
26823,0,0.9999958
26824,0,0.9999999
26825,0,1.0
26826,7,0.9999912
26827,0,0.99997246
26828,3,1.0
26829,7,0.9933014
26830,7,0.9999999
26831,3,0.9999964
26832,7,1.0
26833,7,0.9999994
26834,8,1.0
26835,4,1.0
26836,4,0.9999999
26837,8,1.0
26838,3,0.9999424
26839,3,1.0
26840,0,1.0
26841,6,1.0
26842,4,0.9993795
26843,1,1.0
26844,0,1.0
26845,0,1.0
26846,2,1.0
26847,3,0.997974
26848,2,1.0
26849,1,1.0
26850,1,1.0
26851,7,1.0
26852,3,1.0
26853,7,0.9999994
26854,6,0.99995506
26855,8,0.9999994
26856,6,0.9999995
26857,3,1.0
26858,4,0.9999995
26859,6,1.0
26860,4,1.0
26861,4,1.0
26862,3,1.0
26863,3,1.0
26864,4,1.0
26865,2,0.9999993
26866,3,0.9999987
26867,1,0.9999994
26868,3,1.0
26869,8,0.99976414
26870,5,0.999564
26871,1,0.9999999
26872,2,1.0
26873,4,1.0
26874,0,0.9999963
26875,3,1.0
26876,6,1.0
26877,2,0.99999976
26878,2,0.9999509
26879,1,0.9999993
26880,2,0.9999962
26881,9,0.9999995
26882,0,0.9999993
26883,6,1.0
26884,1,0.9981012
26885,2,0.999998
26886,4,0.9999949
26887,1,0.99993646
26888,3,1.0
26889,9,0.99999845
26890,7,1.0
26891,6,0.9999999
26892,0,1.0
26893,4,0.5766896
26894,5,0.9659832
26895,8,0.9999931
26896,3,0.99999976
26897,7,1.0
26898,2,1.0
26899,3,1.0
26900,4,1.0
26901,4,1.0
26902,8,1.0
26903,4,1.0
26904,6,1.0
26905,2,1.0
26906,1,0.99999917
26907,7,1.0
26908,7,0.9050824
26909,9,0.64712757
26910,8,1.0
26911,1,0.99999976
26912,2,1.0
26913,1,0.9761692
26914,3,0.9968828
26915,5,0.9999999
26916,1,1.0
26917,6,1.0
26918,9,0.9999995
26919,0,0.9999999
26920,9,0.9999999
26921,4,1.0
26922,7,0.9999964
26923,1,0.9999999
26924,0,0.9999882
26925,7,1.0
26926,0,0.9999646
26927,5,0.99809843
26928,3,0.99995303
26929,7,1.0
26930,5,1.0
26931,6,0.99999833
26932,9,0.99999905
26933,9,0.99999964
26934,4,0.9999968
26935,6,1.0
26936,0,0.9847801
26937,8,1.0
26938,9,0.9999739
26939,7,1.0
26940,9,0.9999999
26941,7,1.0
26942,1,0.6738018
26943,7,1.0
26944,1,1.0
26945,2,0.99999666
26946,6,1.0
26947,7,0.9999993
26948,8,1.0
26949,0,1.0
26950,8,0.6633304
26951,7,0.8571613
26952,5,0.9999975
26953,9,0.99999857
26954,7,0.99997735
26955,1,0.9999312
26956,2,0.9999994
26957,6,1.0
26958,0,0.9999976
26959,5,0.9804765
26960,6,1.0
26961,6,0.99999976
26962,1,0.9999994
26963,0,1.0
26964,0,1.0
26965,2,0.9999527
26966,4,1.0
26967,9,0.9999999
26968,8,1.0
26969,4,0.9999994
26970,6,1.0
26971,8,0.9999969
26972,0,0.9999999
26973,2,1.0
26974,8,0.99999964
26975,4,0.99984026
26976,9,0.9999999
26977,7,1.0
26978,4,1.0
26979,1,0.99999976
26980,1,1.0
26981,7,1.0
26982,4,1.0
26983,1,1.0
26984,5,0.99985707
26985,7,0.9999994
26986,6,1.0
26987,2,1.0
26988,2,0.9999925
26989,3,0.99999976
26990,0,0.99999976
26991,7,0.9999995
26992,4,1.0
26993,0,1.0
26994,7,0.9999999
26995,2,0.9999982
26996,6,1.0
26997,0,0.9999685
26998,3,1.0
26999,6,1.0
27000,1,1.0
27001,2,0.99890256
27002,3,0.9999999
27003,3,1.0
27004,5,0.9999883
27005,7,0.9987795
27006,0,0.99999976
27007,5,1.0
27008,6,1.0
27009,2,1.0
27010,3,0.9999999
27011,6,1.0
27012,1,1.0
27013,4,1.0
27014,4,0.99978167
27015,0,1.0
27016,9,0.9350486
27017,8,0.9738645
27018,9,0.999987
27019,8,0.99999905
27020,7,1.0
27021,4,0.9999982
27022,8,0.9972078
27023,4,1.0
27024,3,0.99999976
27025,9,0.99999785
27026,7,0.9999976
27027,8,0.9999709
27028,3,1.0
27029,8,1.0
27030,3,0.9999981
27031,6,1.0
27032,7,1.0
27033,3,1.0
27034,0,1.0
27035,1,1.0
27036,2,0.99965143
27037,3,1.0
27038,8,0.9999999
27039,2,1.0
27040,0,1.0
27041,8,0.9999999
27042,0,0.99981743
27043,3,0.99545693
27044,4,1.0
27045,2,0.9999999
27046,2,0.99999845
27047,3,0.9999999
27048,4,0.99999976
27049,0,1.0
27050,7,1.0
27051,3,0.9999994
27052,2,0.88797677
27053,2,0.98949546
27054,9,0.9998264
27055,4,0.99999213
27056,5,0.99814296
27057,1,0.9999994
27058,0,0.99999857
27059,5,1.0
27060,9,0.9997111
27061,6,1.0
27062,1,0.9999951
27063,5,1.0
27064,0,0.9999995
27065,7,0.9999999
27066,6,1.0
27067,4,0.999959
27068,2,0.9999981
27069,5,0.9999969
27070,3,1.0
27071,7,0.9999974
27072,9,0.9999397
27073,3,1.0
27074,9,0.99999964
27075,1,0.99999905
27076,8,1.0
27077,1,1.0
27078,6,1.0
27079,2,0.93046975
27080,3,1.0
27081,4,1.0
27082,9,0.5382862
27083,0,0.9999999
27084,9,0.9999999
27085,1,1.0
27086,9,1.0
27087,4,1.0
27088,4,1.0
27089,6,1.0
27090,2,0.99592173
27091,6,1.0
27092,0,1.0
27093,5,0.9992429
27094,7,0.9998301
27095,0,0.99999523
27096,8,1.0
27097,7,0.9999877
27098,8,0.9999801
27099,9,0.99999964
27100,9,1.0
27101,0,0.99999976
27102,7,1.0
27103,7,0.9999428
27104,3,0.99887735
27105,2,1.0
27106,6,1.0
27107,0,0.9999999
27108,2,1.0
27109,6,0.9999999
27110,3,0.9999999
27111,5,1.0
27112,2,1.0
27113,1,0.9999999
27114,1,1.0
27115,1,0.9999999
27116,0,0.99997425
27117,1,1.0
27118,0,0.99999976
27119,8,1.0
27120,0,0.9999999
27121,6,1.0
27122,6,0.9999999
27123,4,1.0
27124,2,0.9999213
27125,8,0.99999917
27126,1,1.0
27127,9,0.99998343
27128,3,1.0
27129,9,1.0
27130,7,1.0
27131,8,0.99999976
27132,8,0.9999517
27133,4,0.999998
27134,6,0.99999976
27135,2,1.0
27136,1,0.99999785
27137,7,1.0
27138,6,1.0
27139,8,0.9999989
27140,0,1.0
27141,7,0.999987
27142,7,0.99999774
27143,5,0.9999548
27144,7,0.99999964
27145,2,0.99988365
27146,4,0.9999646
27147,3,0.99999154
27148,3,1.0
27149,6,1.0
27150,7,0.99999714
27151,6,0.9999877
27152,5,0.99878913
27153,9,0.99945337
27154,2,1.0
27155,9,0.99999964
27156,4,1.0
27157,4,0.999995
27158,1,1.0
27159,0,0.9999689
27160,1,1.0
27161,4,0.99999607
27162,5,0.99999917
27163,4,0.9999982
27164,4,0.99999225
27165,6,1.0
27166,8,0.999977
27167,5,1.0
27168,2,1.0
27169,3,0.99999976
27170,5,0.99999964
27171,2,1.0
27172,8,0.9999974
27173,5,0.9999807
27174,5,0.9999994
27175,3,1.0
27176,0,0.9999999
27177,8,0.99996924
27178,3,1.0
27179,3,0.9262188
27180,3,1.0
27181,9,0.9999999
27182,0,0.9999999
27183,3,1.0
27184,0,0.9957866
27185,3,1.0
27186,0,0.999895
27187,3,1.0
27188,2,1.0
27189,9,0.9999993
27190,7,0.9999461
27191,5,0.9999974
27192,4,1.0
27193,9,0.99998903
27194,2,1.0
27195,4,1.0
27196,0,0.9999994
27197,1,1.0
27198,0,0.99999976
27199,6,1.0
27200,3,0.9999671
27201,0,0.99997735
27202,2,1.0
27203,8,0.9999995
27204,1,1.0
27205,3,1.0
27206,5,0.9999999
27207,5,0.99999917
27208,8,0.99999833
27209,9,0.9999887
27210,2,1.0
27211,7,1.0
27212,1,0.99999905
27213,6,1.0
27214,4,1.0
27215,6,1.0
27216,7,0.99855953
27217,2,0.99999774
27218,0,1.0
27219,4,0.9999999
27220,9,0.99999833
27221,6,1.0
27222,1,1.0
27223,8,1.0
27224,0,0.9999999
27225,4,1.0
27226,9,0.99987173
27227,5,0.99999964
27228,1,0.9999999
27229,6,0.99999964
27230,1,1.0
27231,1,0.9999989
27232,0,0.99999964
27233,9,0.99999964
27234,5,0.9999999
27235,9,1.0
27236,7,1.0
27237,9,0.99999654
27238,1,0.9999994
27239,0,0.9223406
27240,0,1.0
27241,0,1.0
27242,1,0.999941
27243,7,1.0
27244,5,0.9999858
27245,8,1.0
27246,9,1.0
27247,7,1.0
27248,9,0.99999917
27249,9,0.9999994
27250,4,1.0
27251,6,1.0
27252,7,0.99999976
27253,7,0.99999976
27254,3,0.99999976
27255,6,0.9999999
27256,8,1.0
27257,0,1.0
27258,2,0.9950193
27259,0,0.9999999
27260,3,0.94549334
27261,1,1.0
27262,6,1.0
27263,2,0.999871
27264,9,0.9856308
27265,6,0.99974364
27266,1,1.0
27267,8,0.9998229
27268,8,1.0
27269,1,0.9999999
27270,2,1.0
27271,8,1.0
27272,6,1.0
27273,1,1.0
27274,4,0.99845636
27275,2,0.74984056
27276,5,1.0
27277,2,1.0
27278,6,0.9999999
27279,0,1.0
27280,1,0.9999999
27281,9,0.99999785
27282,7,0.9999993
27283,5,0.9999914
27284,7,1.0
27285,3,0.9999999
27286,1,1.0
27287,6,0.9999999
27288,1,0.99999666
27289,0,1.0
27290,7,0.99810386
27291,5,1.0
27292,4,1.0
27293,2,1.0
27294,7,1.0
27295,3,1.0
27296,7,0.9999919
27297,3,0.999997
27298,6,1.0
27299,4,0.999992
27300,9,1.0
27301,5,0.9999244
27302,5,0.99999917
27303,1,0.99999917
27304,4,1.0
27305,6,1.0
27306,3,0.9999995
27307,9,1.0
27308,7,0.99999976
27309,8,1.0
27310,1,1.0
27311,8,0.9990878
27312,5,0.999992
27313,7,0.99997115
27314,0,1.0
27315,6,0.9999826
27316,8,1.0
27317,5,1.0
27318,2,0.97136027
27319,5,0.9997559
27320,4,1.0
27321,1,1.0
27322,5,0.999895
27323,4,1.0
27324,7,1.0
27325,5,0.99972683
27326,8,1.0
27327,3,1.0
27328,2,1.0
27329,1,1.0
27330,9,0.9999999
27331,2,0.99999
27332,2,1.0
27333,5,0.99976677
27334,6,1.0
27335,1,1.0
27336,4,1.0
27337,2,0.39163643
27338,1,0.9999994
27339,1,1.0
27340,8,1.0
27341,1,1.0
27342,4,1.0
27343,7,0.99997675
27344,9,0.84990007
27345,3,1.0
27346,6,1.0
27347,8,0.9999951
27348,1,0.99999976
27349,5,1.0
27350,3,1.0
27351,9,0.8801343
27352,2,0.9993594
27353,4,0.9995901
27354,2,1.0
27355,5,1.0
27356,0,1.0
27357,4,1.0
27358,2,1.0
27359,1,0.9999995
27360,8,0.99997365
27361,4,0.9999999
27362,5,0.99998903
27363,4,0.99979955
27364,1,1.0
27365,6,0.9999993
27366,5,1.0
27367,5,0.9999647
27368,8,0.9999976
27369,2,1.0
27370,2,1.0
27371,9,0.9972398
27372,0,1.0
27373,2,0.99943703
27374,3,1.0
27375,8,0.9999988
27376,2,1.0
27377,8,1.0
27378,8,0.999998
27379,4,1.0
27380,7,0.99997413
27381,4,0.9999982
27382,6,1.0
27383,7,1.0
27384,4,0.9999994
27385,4,0.9999963
27386,1,0.9999999
27387,5,0.9998841
27388,7,1.0
27389,9,0.9999825
27390,2,1.0
27391,6,0.99999964
27392,1,1.0
27393,0,0.99999917
27394,7,0.99999976
27395,1,0.9997348
27396,0,0.99999285
27397,9,0.9999993
27398,3,1.0
27399,7,1.0
27400,6,0.99995065
27401,7,0.99999523
27402,7,0.9995426
27403,1,0.8977083
27404,6,1.0
27405,7,0.9999999
27406,4,1.0
27407,3,0.9264855
27408,1,0.99999905
27409,7,1.0
27410,0,0.9999136
27411,5,0.99999976
27412,6,1.0
27413,7,1.0
27414,6,1.0
27415,6,0.9999994
27416,5,0.9999901
27417,7,0.9999999
27418,3,1.0
27419,4,0.99994874
27420,6,1.0
27421,0,0.99999726
27422,0,0.99999964
27423,6,0.99999774
27424,4,0.99999547
27425,2,0.9999943
27426,1,0.99999917
27427,4,1.0
27428,6,1.0
27429,3,0.9999782
27430,0,1.0
27431,9,1.0
27432,9,0.99999464
27433,5,0.9867855
27434,4,1.0
27435,2,0.99999845
27436,6,0.9999976
27437,0,1.0
27438,2,1.0
27439,4,0.99963105
27440,0,1.0
27441,1,1.0
27442,1,1.0
27443,0,0.99999976
27444,5,0.95876765
27445,9,0.99996877
27446,1,1.0
27447,1,1.0
27448,9,1.0
27449,9,0.9999989
27450,2,1.0
27451,4,0.9999999
27452,1,1.0
27453,0,0.9999831
27454,8,0.9999988
27455,3,0.99109733
27456,1,0.99999976
27457,8,0.93813187
27458,7,1.0
27459,2,1.0
27460,9,0.999915
27461,8,1.0
27462,8,0.99986255
27463,0,0.99999654
27464,7,1.0
27465,9,1.0
27466,7,0.99879396
27467,2,1.0
27468,4,0.9999902
27469,1,0.9999994
27470,6,1.0
27471,9,0.9999944
27472,4,0.9999852
27473,8,0.9338662
27474,3,1.0
27475,6,0.9999987
27476,1,1.0
27477,3,1.0
27478,2,0.99997663
27479,3,1.0
27480,7,0.99999976
27481,5,0.9999943
27482,4,1.0
27483,3,1.0
27484,4,1.0
27485,2,0.9999974
27486,0,1.0
27487,7,1.0
27488,1,1.0
27489,6,0.9999938
27490,8,1.0
27491,1,0.9999999
27492,8,0.9999981
27493,1,0.9999999
27494,3,0.99999976
27495,0,0.99989974
27496,1,1.0
27497,0,1.0
27498,4,1.0
27499,8,0.99999964
27500,4,1.0
27501,5,1.0
27502,5,0.9999999
27503,2,1.0
27504,1,0.99999726
27505,8,1.0
27506,3,1.0
27507,8,0.9999956
27508,7,0.9999987
27509,8,0.99999905
27510,4,0.99999976
27511,2,0.9992969
27512,3,0.83731776
27513,6,0.9998566
27514,4,1.0
27515,5,0.99995947
27516,3,1.0
27517,1,0.74367106
27518,8,0.9999995
27519,0,0.9999999
27520,2,1.0
27521,7,0.99999857
27522,3,1.0
27523,7,0.9999999
27524,8,1.0
27525,5,0.9999962
27526,7,0.99999905
27527,6,1.0
27528,6,1.0
27529,3,1.0
27530,8,0.99999833
27531,5,0.99997914
27532,7,1.0
27533,1,0.9999999
27534,9,0.99999535
27535,6,1.0
27536,0,0.9999976
27537,5,0.9999753
27538,0,0.9999925
27539,2,0.937196
27540,7,0.99999714
27541,9,1.0
27542,7,1.0
27543,8,0.999962
27544,5,0.9999732
27545,5,0.999997
27546,2,1.0
27547,1,0.9999999
27548,8,0.9999993
27549,7,0.9999999
27550,1,0.999905
27551,7,1.0
27552,3,0.99999976
27553,5,0.99999607
27554,0,0.99999833
27555,0,0.9999999
27556,9,0.99999857
27557,6,0.99999976
27558,7,0.9976567
27559,6,0.99999917
27560,6,0.9999999
27561,2,0.99999607
27562,4,1.0
27563,9,0.99999976
27564,8,1.0
27565,6,1.0
27566,8,0.87272304
27567,2,1.0
27568,5,1.0
27569,8,0.9999999
27570,9,0.9991792
27571,5,0.99999833
27572,6,1.0
27573,2,1.0
27574,7,0.999987
27575,1,1.0
27576,7,1.0
27577,8,0.99961984
27578,5,1.0
27579,3,1.0
27580,1,0.99999857
27581,3,1.0
27582,8,0.99997735
27583,9,1.0
27584,6,1.0
27585,4,1.0
27586,9,0.9998462
27587,1,1.0
27588,8,0.9999956
27589,0,0.9999951
27590,8,0.9999999
27591,6,1.0
27592,2,0.99999154
27593,9,0.99994063
27594,4,0.99964404
27595,2,1.0
27596,1,1.0
27597,7,0.9995615
27598,6,0.9999845
27599,3,0.9999964
27600,1,0.9999987
27601,7,0.9999999
27602,7,0.9999994
27603,0,1.0
27604,8,0.99999
27605,3,0.9999989
27606,4,0.999979
27607,7,0.9938066
27608,2,1.0
27609,9,1.0
27610,5,0.9999888
27611,1,1.0
27612,0,0.99999976
27613,7,1.0
27614,6,1.0
27615,7,0.999997
27616,8,1.0
27617,4,1.0
27618,5,1.0
27619,3,1.0
27620,0,1.0
27621,8,0.9999348
27622,2,0.99999535
27623,8,0.9987857
27624,0,1.0
27625,5,1.0
27626,0,1.0
27627,5,1.0
27628,0,0.9999989
27629,1,1.0
27630,9,0.9999995
27631,2,0.9999924
27632,3,0.9999999
27633,7,1.0
27634,3,1.0
27635,9,0.99999964
27636,9,0.9999995
27637,5,0.9868357
27638,8,0.8661492
27639,7,0.9951982
27640,0,1.0
27641,2,0.99999976
27642,9,0.9999999
27643,3,0.99999964
27644,3,1.0
27645,2,1.0
27646,6,0.99999654
27647,6,0.99998105
27648,8,1.0
27649,7,0.99999976
27650,7,1.0
27651,0,1.0
27652,9,0.99973816
27653,1,1.0
27654,7,1.0
27655,3,1.0
27656,3,1.0
27657,7,1.0
27658,5,0.9999616
27659,6,0.9992305
27660,0,0.9999988
27661,4,0.9998957
27662,9,0.9999678
27663,8,1.0
27664,2,0.99994683
27665,3,0.9999994
27666,4,0.78040636
27667,3,1.0
27668,3,1.0
27669,4,1.0
27670,3,0.9997774
27671,4,0.9999999
27672,5,0.9997296
27673,9,1.0
27674,1,0.99930644
27675,4,1.0
27676,0,0.9999999
27677,2,0.9998659
27678,7,0.99998116
27679,5,1.0
27680,3,1.0
27681,1,1.0
27682,6,0.9999999
27683,1,1.0
27684,8,0.99999976
27685,4,0.99999917
27686,8,0.99999964
27687,7,0.999835
27688,5,0.99974877
27689,2,0.9999994
27690,5,1.0
27691,1,1.0
27692,7,0.9999999
27693,4,0.9999471
27694,8,0.9999931
27695,0,1.0
27696,5,0.9999976
27697,7,1.0
27698,4,1.0
27699,8,0.9999999
27700,2,1.0
27701,5,1.0
27702,9,1.0
27703,3,1.0
27704,4,1.0
27705,5,1.0
27706,6,1.0
27707,7,0.9999956
27708,5,1.0
27709,9,0.99998355
27710,8,1.0
27711,3,0.9999981
27712,7,1.0
27713,7,0.9999956
27714,3,0.9999995
27715,2,1.0
27716,8,0.99999917
27717,1,0.5189793
27718,2,1.0
27719,0,1.0
27720,1,0.9999993
27721,2,0.99898976
27722,0,0.9999943
27723,4,1.0
27724,1,1.0
27725,8,0.50628465
27726,0,1.0
27727,1,1.0
27728,4,1.0
27729,3,1.0
27730,1,0.9999987
27731,9,0.99999976
27732,4,1.0
27733,4,1.0
27734,5,0.9999993
27735,4,0.99999714
27736,5,0.99999857
27737,8,1.0
27738,0,0.9999255
27739,5,0.99998534
27740,0,1.0
27741,0,1.0
27742,9,0.9999999
27743,3,1.0
27744,2,0.9999988
27745,5,0.9999858
27746,9,1.0
27747,7,0.99987984
27748,4,1.0
27749,8,1.0
27750,7,1.0
27751,8,0.9999349
27752,0,0.9999989
27753,9,0.99999774
27754,4,0.99991846
27755,3,1.0
27756,3,1.0
27757,0,0.99999964
27758,7,1.0
27759,6,1.0
27760,6,0.99999964
27761,8,0.9993636
27762,8,0.99999976
27763,2,1.0
27764,1,1.0
27765,4,1.0
27766,9,0.9999987
27767,6,1.0
27768,9,0.99995756
27769,7,1.0
27770,5,0.9999994
27771,0,1.0
27772,4,0.9999999
27773,2,1.0
27774,9,0.99999714
27775,2,0.9999255
27776,8,1.0
27777,6,1.0
27778,6,1.0
27779,8,1.0
27780,3,1.0
27781,2,1.0
27782,0,0.99999785
27783,9,0.9999875
27784,1,0.9999969
27785,5,1.0
27786,3,0.9999938
27787,1,0.9999999
27788,0,0.99999964
27789,4,0.9999988
27790,9,0.99945253
27791,5,1.0
27792,9,0.9999994
27793,6,0.99999857
27794,3,1.0
27795,0,0.99252313
27796,9,0.99999607
27797,6,1.0
27798,7,1.0
27799,2,0.9999887
27800,7,0.9621735
27801,3,1.0
27802,0,0.99999964
27803,3,1.0
27804,3,0.99999857
27805,1,0.9999999
27806,8,0.99999964
27807,7,1.0
27808,2,1.0
27809,8,1.0
27810,7,0.99999976
27811,7,0.96318287
27812,0,0.9999919
27813,0,0.9999999
27814,6,1.0
27815,2,1.0
27816,8,0.9979505
27817,1,0.99999964
27818,0,0.9999989
27819,5,1.0
27820,9,0.99999976
27821,2,1.0
27822,5,0.99999726
27823,9,0.9996735
27824,2,0.981105
27825,4,1.0
27826,0,0.99999154
27827,4,0.9999999
27828,0,1.0
27829,8,1.0
27830,4,1.0
27831,3,0.9999988
27832,1,1.0
27833,6,1.0
27834,4,0.99997306
27835,4,1.0
27836,1,0.9999999
27837,0,0.99999905
27838,9,0.9999485
27839,8,0.99999976
27840,8,1.0
27841,1,0.9999999
27842,1,1.0
27843,9,0.9999999
27844,8,0.9999896
27845,6,1.0
27846,4,1.0
27847,1,0.9999875
27848,8,1.0
27849,8,0.99999666
27850,1,0.99999917
27851,5,1.0
27852,1,0.9999926
27853,6,1.0
27854,3,0.9999995
27855,3,1.0
27856,5,0.9999963
27857,5,0.9999999
27858,4,1.0
27859,1,0.9999999
27860,2,0.9999999
27861,3,1.0
27862,6,1.0
27863,3,0.99999785
27864,8,0.9996531
27865,6,0.99530953
27866,1,1.0
27867,3,1.0
27868,4,1.0
27869,7,0.98155093
27870,7,0.99864525
27871,1,0.99999666
27872,5,1.0
27873,7,0.99999976
27874,3,1.0
27875,0,0.9999999
27876,6,1.0
27877,3,1.0
27878,4,1.0
27879,8,1.0
27880,2,0.99997544
27881,8,1.0
27882,6,0.99999964
27883,7,0.99997854
27884,5,0.9999827
27885,8,1.0
27886,8,1.0
27887,3,1.0
27888,2,0.99595165
27889,1,1.0
27890,6,0.99999976
27891,9,0.9121196
27892,8,0.9959835
27893,9,1.0
27894,0,1.0
27895,9,0.9999
27896,1,1.0
27897,5,0.99999976
27898,9,1.0
27899,4,0.9999999
27900,6,0.9999999
27901,2,0.9999999
27902,2,1.0
27903,2,1.0
27904,5,1.0
27905,1,0.99999976
27906,9,0.99999034
27907,4,1.0
27908,0,1.0
27909,1,0.99988127
27910,1,1.0
27911,3,1.0
27912,4,1.0
27913,0,1.0
27914,6,1.0
27915,9,0.9999857
27916,8,1.0
27917,6,0.971191
27918,7,0.9999994
27919,2,0.99650455
27920,4,1.0
27921,0,0.99999356
27922,6,1.0
27923,8,1.0
27924,0,1.0
27925,2,0.99999976
27926,5,0.99999976
27927,1,1.0
27928,5,1.0
27929,4,0.9999981
27930,4,1.0
27931,7,0.99338716
27932,1,1.0
27933,1,0.99999905
27934,0,0.9999999
27935,7,1.0
27936,7,1.0
27937,0,0.9999999
27938,4,0.96827465
27939,9,0.99999964
27940,2,0.9870117
27941,6,1.0
27942,5,0.9996456
27943,9,1.0
27944,1,1.0
27945,9,0.99999034
27946,6,1.0
27947,7,1.0
27948,9,0.9999987
27949,9,0.9999479
27950,2,0.9999901
27951,8,0.9998543
27952,2,0.95306975
27953,5,0.8967623
27954,0,0.9999995
27955,1,0.9997358
27956,1,0.99998224
27957,3,1.0
27958,1,0.9999999
27959,7,0.99984837
27960,2,1.0
27961,3,1.0
27962,9,0.9999685
27963,9,0.99993825
27964,1,0.9999976
27965,9,0.99999774
27966,3,1.0
27967,4,0.99999976
27968,0,1.0
27969,3,1.0
27970,3,1.0
27971,5,1.0
27972,0,0.9988971
27973,4,1.0
27974,8,0.9999827
27975,0,0.9999999
27976,3,1.0
27977,6,1.0
27978,0,0.999998
27979,1,1.0
27980,9,0.9999963
27981,3,0.9999999
27982,1,0.99999964
27983,1,0.99998915
27984,0,0.99999774
27985,4,0.99999964
27986,5,0.958741
27987,2,0.99999976
27988,2,1.0
27989,9,0.9973629
27990,6,0.9999815
27991,7,1.0
27992,6,0.99999976
27993,1,0.9823188
27994,9,0.9999039
27995,7,1.0
27996,9,0.9999999
27997,7,0.9999999
27998,3,1.0
27999,9,0.9999777
28000,2,1.0
